Filename,Prep Test,Section,Question,Main Explanation,Choice A,Choice B,Choice C,Choice D,Choice E
borodulya/lsat128.s2.question-01.jy.mp4,128,2,1,"The core hypothesis is that mysterious ancient tracks in Malta were made around 1000 B.C. by animal-drawn carts. The goal is to identify which statement, if true, would most strengthen this hypothesis. We are looking for information that makes the archaeologist's claim more likely to be true.","<p>Option A states that areas near the tracks have yielded large amounts of fossilized animal excrement dating from approximately 1000 B.C. If the tracks were indeed used as 'highways' for animal-drawn carts, it would be a strong expectation to find a significant amount of animal waste along those routes and from that specific time period. This directly corroborates the mechanism (animal-drawn) and timeframe (1000 B.C.) of the hypothesis, providing robust support.</p>","<p>Option B suggests that some of the tracks connect to sources of fresh water on Malta today. While the initial evidence mentions tracks connecting to water sources, this option specifies 'today's' fresh water sources. It doesn't inherently strengthen the idea that animal-drawn carts were responsible for creating these ancient tracks around 1000 B.C. Many types of transport, or even just foot traffic, might lead to water sources, and the modern context doesn't confirm the ancient method.</p>",<p>Option C claims that some terrain on Malta is more easily traversed on foot than other types. This is a self-evident fact about varied topography and doesn't offer any specific evidence to support the hypothesis that the tracks were created by animal-drawn carts. It's a general observation about the island's landscape that doesn't link to the origin or method of track creation.</p>,"<p>Option D states that historically, inhabitants of Malta have not been innovative users of transportation technology. This option is ambiguous. It doesn't clarify whether animal-drawn carts would be considered innovative or standard technology for 1000 B.C. Without this clarification, it's impossible to determine if this statement supports or contradicts the hypothesis, making it unhelpful for strengthening the argument.</p>","<p>Option E mentions that around 1000 B.C., some settlements were abandoned in parts of Malta. While this refers to the correct time period, the abandonment of settlements does not provide any direct evidence or logical support for the specific claim that the tracks were made by animal-drawn carts. There is no clear causal or correlational link between abandoned settlements and the type of transportation used to create these tracks.</p>"
borodulya/lsat128.s2.question-02.jy.mp4,128,2,2,<p>The passage states that the demand for out-of-print books is increasing. The reason given is that the rise of the Internet and its search capabilities make it much easier to locate these books. We are looking for an answer choice that is most strongly supported by these two sentences.</p>,"<p>This option suggests that book collectors are discovering new titles they previously didn't know existed. However, the passage states that the Internet makes it easier to 'locate' books one 'seeks.' This implies that people already knew about the books but had difficulty finding them. The passage does not support the idea of discovering previously unknown titles.</p>",<p>This option makes a comparison between the number of people trying to find in-print books versus out-of-print books. The passage provides no information to make such a comparison. It focuses solely on the increasing demand for out-of-print books due to the Internet.</p>,<p>This option directly restates the main point of the passage. The passage explains that the increasing demand for out-of-print books is ,"<p>This option claims that the Internet's search capabilities make it possible to locate 'most' out-of-print books. While the Internet makes it 'much easier' to locate them, the passage doesn't provide enough information to quantify the proportion as 'most.' This is an unsupported overstatement.</p>","<p>This option states that 'only' people with Internet access can locate out-of-print books. This is an extreme claim not supported by the passage. The passage merely says the Internet makes it 'easier' to locate them, implying that it was possible, albeit harder, before the Internet, or that other methods still exist. Therefore, this option is too strong and not supported.</p>"
borodulya/lsat128.s2.question-03.jy.mp4,128,2,3,"The question is a flaw/descriptive weakening type, where the goal is to identify the error in the reasoning and, ideally, anticipate the answer. The argument states that paper mulch is ineffective against soil erosion due to slow decomposition. However, a mixture of paper and manure decomposes faster and significantly decreased soil erosion in test plots. Given that paper and manure cost roughly the same, the researcher concludes that farmers would be better off using this mixture than paper or manure alone. The flaw lies in the last part of the conclusion. While the evidence supports that the mixture is better than paper alone, there is no evidence comparing the mixture to manure alone. Manure alone might be even more effective than the mixture.","This option states that ""paper by itself does not contribute to soil erosion."" The passage says paper is 'ineffective as a mulch to guard against soil erosion,' not that it 'contributes' to it. Even if descriptively accurate that there's no evidence paper *causes* erosion, this doesn't identify the specific flaw in the argument's comparative conclusion.","This option claims that ""mulch containing paper and manure works better than mulch containing only paper."" The video explains that the argument *does* provide evidence for this, as the mixture 'significantly decreased the amount of soil erosion' compared to paper alone (which was deemed ineffective). Therefore, this statement is supported by the premises, and the argument is not flawed for lacking this evidence.","This option states that ""mulch containing paper and manure works better than mulch containing only manure."" This precisely identifies the flaw. The argument compares the mixture to 'paper alone' and finds the mixture superior. However, it does not compare the mixture to 'manure alone'. It is possible that manure alone could be equally or even more effective than the mixture, but the argument provides no evidence to evaluate this, thus making its conclusion flawed for suggesting the mixture is better than manure alone.","This option suggests that ""mulch containing paper and manure works better than methods of preventing soil erosion that do not involve mulch."" The video points out that the argument does not discuss or provide evidence for other general methods of preventing soil erosion. Even if such methods exist, the argument's flaw is not its failure to compare the mixture to these broader, undefined methods, but rather its unsupported comparison within the specific context of paper and manure.","This option states that ""mulch of pure manure provides nutrients to the soil that paper mulch does not."" The video acknowledges that there's no evidence presented about nutrients, but clarifies that this is not the flaw in the argument. The argument focuses on the effectiveness against soil erosion and cost, not on providing nutrients to the soil. Thus, while possibly true or false, it's irrelevant to the identified flaw regarding the comparative effectiveness against erosion."
borodulya/lsat128.s2.question-04.jy.mp4,128,2,4,"The core finding to explain is how Eastern pipistrelle bats know to leave their caves in greater numbers on warm nights, despite the temperature inside the caves remaining constant. This suggests they have an indirect way of sensing the outside temperature. Option B provides a plausible mechanism for this: bats can detect changes in barometric pressure within the caves, which are correlated with external temperature changes. This allows them to gauge the outside conditions and decide whether to forage in larger numbers.","This option discusses gender differences in hunting success on warm nights. While interesting, it does not explain how the bats, whether male or female, discern that it is a warm night outside when the cave's internal temperature remains constant. Therefore, it fails to address the central finding.","This option states that Eastern pipistrelle bats can detect barometric pressure changes within the caves that correlate closely with changes in temperature outside. This provides a direct and logical explanation for the researchers' finding. If the internal barometric pressure acts as an indicator of external temperature, the bats would know when warm, insect-abundant nights are occurring, even from deep inside their temperature-stable roosts.","This option suggests that bats are incapable of sustained activity on very cool nights. While this could explain why fewer bats leave on cool nights, it does not explain how the bats *know* it's a cool night while still inside the cave, where the temperature is stable. It presumes the knowledge of outside temperature, rather than explaining the mechanism for acquiring that knowledge.","This option discusses the bats' feeding habits across different seasons due to winter inactivity. This is about their overall consumption patterns and seasonal changes, not the night-to-night decision-making process related to foraging based on specific night temperatures in spring and fall. It does not explain how they differentiate between warm and cool nights.","This option states that on most evenings, over half the bats left the caves. This is a general observation about their activity level and doesn't explain the *differential* in numbers leaving on warm versus cool nights, nor the mechanism by which they detect the outside temperature to make that distinction. It merely describes a fact, not an explanation for the specific finding."
borodulya/lsat128.s2.question-05.jy.mp4,128,2,5,"The Human Resources Director's statement describes two groups of employees with different motivations for their work attendance. The first group dislikes their jobs but attends due to ethical beliefs that missing work is wrong. The second group enjoys their jobs but sometimes misses work because they are genuinely sick or fear infecting others. The core issue is that absenteeism records alone do not reveal these underlying motivations, making it difficult to draw accurate conclusions about certain aspects of employee behavior or sentiment.","The video argues that an employee's fear of losing their job is likely driven by financial pressure, not their enjoyment of the job or their frequency of absence. Therefore, the stated conditions (disliking job vs. enjoying job, ethical reasons vs. genuine sickness) do not directly provide information to determine if those absent more often are less fearful of job loss. This option introduces a new, unaddressed factor (financial pressure) as the primary driver for fear of job loss, making the connection irrelevant to the prompt.",The video quickly dismisses this option by stating that maintaining accurate absenteeism records is straightforward. It's a simple binary observation: an employee either shows up or they don't. The reasons *why* they show up or don't do not make the act of recording their presence or absence difficult.,"This is the correct answer. The video explains that using absenteeism records to infer job satisfaction would lead to both 'false positives' and 'false negatives'. False positives would occur when employees who dislike their jobs (Group 1) still come to work due to ethical reasons, making it seem like they are satisfied. False negatives would occur when employees who enjoy their jobs (Group 2) miss work due to genuine illness, making it seem like they are dissatisfied. Because of these misleading indicators, absenteeism records cannot reliably reflect job satisfaction.","The video questions why the described scenarios would make it difficult to assess trustworthiness. The statement explicitly says the second group 'genuinely believe' they are too sick. This implies their claims of illness are truthful. The problem isn't about doubting employee claims, but rather about the ambiguity of absenteeism as an indicator of other traits or feelings.","The video contends that it is *not* difficult to make reliable predictions about future behavior if the reasons for past behavior are understood. For instance, if an employee consistently comes to work despite disliking their job due to strong ethics, one can predict they will continue to do so. If another employee genuinely gets sick frequently, one can predict they might continue to miss work. The argument is about linking absenteeism to *satisfaction*, not about predicting patterns of presence or absence based on known reasons."
borodulya/lsat128.s2.question-06.jy.mp4,128,2,6,"The passage discusses the profound and complex effects of technology on language and culture. It cites examples like the telegraph, telephone, and television changing how people speak. The advent of electronic mail (email) is given as a prime example, causing a widespread loosening of language usage rules, which, in turn, made relationships between people more casual than ever before. The question asks for the proposition best illustrated by these statements. We are looking for an answer choice that accurately reflects a cause-and-effect relationship or a general principle supported by the passage, without introducing unsupported value judgments or reversing the causal order.","This option states that technology can 'adversely' affect relationships. The passage describes relationships becoming 'more casual' due to technology, but it does not assign a negative (adverse) value judgment to this change. The author simply presents the change as a fact, not as an adverse outcome. Therefore, this option is not supported.","This option states that 'Changes in communication media can cause interpersonal relationships to change.' The passage explicitly mentions that the advent of electronic mail (a communication medium/technology) led to a loosening of language rules, and 'This loosening, in turn, made relationships between people more casual than ever before.' This directly illustrates and supports the idea that changes in communication media (like email) can cause changes in interpersonal relationships. This is a strong candidate.","This option suggests a causal link where 'A decrease in linguistic sophistication can lead to an increase in technological sophistication.' The passage states that technological advancements led to a 'loosening of language usage rules,' but it doesn't characterize this as a 'decrease in linguistic sophistication' nor does it suggest that changes in linguistic sophistication lead to changes in technological sophistication. In fact, the causal arrow is typically depicted in the opposite direction within the passage (technology affecting language). Therefore, this option is incorrect.","This option claims that 'A widespread loosening of overly rigid language-usage rules can improve communication.' Similar to option A, the passage does not use the term 'overly rigid' nor does it state that the changes 'improve communication.' The author provides no value judgment on whether the loosening of rules or the resulting communication is better or worse. Therefore, this option is not supported.","This option states that 'Changes in interpersonal relationships can cause changes in the way people speak to one another.' This reverses the causal relationship presented in the passage. The passage clearly outlines that technology (communication media) affects language, which then affects interpersonal relationships. It does not suggest that changes in relationships drive changes in language. Therefore, this option misrepresents the causal flow described."
borodulya/lsat128.s2.question-07.jy.mp4,128,2,7,"The builder concludes that within ten years, most new homes will use steel frameworks instead of wood. The reasons given are that lumber quality is deteriorating and cost is rising, while environment-friendly steel is decreasing in cost and does not warp, rot, or split. We need to find an option that, if true, would most seriously weaken this reasoning.","<p>This option states that labor costs in home construction are expected to rise significantly. This is a general cost increase that would affect the building of homes regardless of whether they use wood or steel. It does not present a specific disadvantage for steel frameworks compared to wood, nor does it make the switch to steel less likely. Thus, it does not weaken the builder's reasoning for preferring steel.</p>","<p>This option points out that steel-framed homes do not require treatment with pesticides or other chemicals that contribute to indoor air pollution. This is an additional benefit of steel over wood, making steel an even more attractive option. Therefore, this statement strengthens the builder's reasoning, rather than weakening it.</p>","<p>This option suggests that because lumber prices have increased, most new homes are *already* being built with steel frameworks. This indicates that the trend the builder is predicting is already happening, making the conclusion even more likely to be true. Consequently, this strengthens the builder's reasoning, instead of weakening it.</p>","<p>This option highlights a significant cost associated with the transition to steel frameworks: the cost of training workers. The builder's argument focuses on the cost and quality of materials, but ignores the potential additional labor costs specific to working with steel. If training workers for steel is very costly, it could make builders less willing to switch to steel, thereby undermining the economic advantage implied by the lower cost of steel materials. This directly weakens the builder's reasoning.</p>","<p>This option states that the number of houses built each year is expected to decrease. This affects the overall volume of home construction but does not provide any information about the *type* of framework (steel vs. wood) that will be used. It doesn't suggest that the proportion of steel-framed homes will decrease, nor does it challenge the relative benefits of steel over wood. Therefore, it does not weaken the builder's reasoning.</p>"
borodulya/lsat128.s2.question-08.jy.mp4,128,2,8,"The candidate starts by stating a general goal: children need a better education. The opponent maintains that an outdated school system is the major impediment. The statement 'In fact our school system does need reform' is a direct acknowledgment and agreement with a part of the opponent's claim. However, this agreement is immediately followed by 'Nonetheless, my opponent's position places far too much blame on our schools...' This indicates that while the candidate concedes a point (reform is needed), they are doing so in the service of a larger argument that challenges the opponent's overall emphasis or the extent of their blame. Thus, it's a limited concession within a broader challenge.","<p>This option states that the phrase is the main conclusion. This is incorrect. The main conclusion of the candidate's argument is that the opponent places too much blame on schools and that other parts of society are also responsible for educating youth. The phrase 'the school system needs reform' is a preliminary agreement, not the central point the candidate is trying to establish.</p>","<p>This option suggests the phrase is an example of a social problem for which the argument proposes a solution. While the outdated school system is a social problem, the candidate's argument does not propose a specific solution for it. Instead, the candidate focuses on redistributing blame for the educational issues.</p>","<p>This option claims the phrase establishes the candidate's contention that too much blame is being put on schools. This is the opposite of what the phrase does. By saying 'our school system does need reform,' the candidate acknowledges a fault in the schools. The contention about 'too much blame' is introduced *after* this concession, not established by it.</p>","<p>This option states that the phrase indicates how the failings of the school system are partially responsible for society's problems. While the opponent argues the school system is a major impediment, and the candidate concedes it needs reform, the candidate's argument immediately shifts to diffuse the blame, suggesting that schools are not *the* major or sole cause of problems. The statement 'the school system needs reform' alone doesn't detail *how* its failings are responsible for societal problems from the candidate's perspective; it's simply an agreement that reform is necessary, paving the way for the candidate's broader point about shared responsibility.</p>","<p>This option correctly identifies the role of the phrase. The candidate agrees that the school system needs reform, which is a 'limited concession' to the opponent's argument that the outdated school system is an impediment. This concession is then immediately followed by 'Nonetheless,' which signals a 'broader challenge' to the opponent's position by arguing that other parts of society also bear significant responsibility.</p>"
borodulya/lsat128.s2.question-09.jy.mp4,128,2,9,"The central flaw in this argument is its reliance on past practice as the sole justification for future action, which is a classic appeal to tradition. The argument concludes that voting by mail should be rejected because voting has 'always' been exercised in person and not by mail. This reasoning assumes that historical precedent inherently validates or invalidates a practice, without providing any further reasons or justifications for why the traditional method is superior or why the proposed change is problematic.","<p>Option A incorrectly interprets the argument's presumption. The argument does not presume that the right to vote is *not* violated unless elections are conducted solely by mail. Instead, it implies that the right to vote, having traditionally been exercised in person, would somehow be compromised or improperly exercised if done by mail. It's not about the conditions for a violation, but about adhering to past methods.</p>",<p>Option B presents a presumption that focuses on the future (,"Option C accurately identifies the argument's flaw. The argument uses the fact that voting has 'always been exercised by voting in person and not by mail' as the *only reason* for rejecting the proposed amendment. This is a direct appeal to tradition, a logical fallacy where the age or historical presence of something is used as evidence of its correctness or superiority, without further justification.</p>","<p>Option D points to a failure to consider a possibility that is largely irrelevant to the stated argument's reasoning. The argument's goal is to reject the amendment based on its current premises, not to predict what the city council would do if the amendment passed. Whether the city council might never require voting by mail doesn't address the validity of the reasons given for *rejecting* the proposal now.</p>","<p>Option E claims a logical incompatibility between a premise and the conclusion, which is incorrect. The premises, though fallaciously, are actually offered in *support* of the conclusion. There is no direct contradiction between the idea that voting is sacred and has historically been in person, and the conclusion that mail-in voting should therefore be rejected. The issue is with the strength and logical validity of the connection, not a direct contradiction.</p>"
borodulya/lsat128.s2.question-10.jy.mp4,128,2,10,"<p>The columnist argues that raising the minimum wage will hurt low-income workers. The reasoning is that an increase in minimum wage forces businesses to compensate for higher wage costs by increasing prices for goods and services. Since low-income workers already barely afford these goods and services, the price increases will negatively impact them. The core weakness in this argument, and thus the necessary assumption, is that the increase in wages must *not* fully offset the increase in prices for low-income workers. If the wage increase fully compensated them, they wouldn't be hurt.</p>",<p>This option is incorrect because the columnist's argument focuses specifically on low-income workers and how raising the minimum wage affects *them*. The impact on workers earning more than the minimum wage is irrelevant to the conclusion about low-income workers being hurt.</p>,"<p>This option is incorrect because the argument discusses a specific, proposed minimum wage increase and its effects. Whether a *smaller* increase would or would not substantially affect prices is outside the scope of the columnist's argument regarding the proposed increase. The argument does not depend on the effects of hypothetical smaller increases.</p>","<p>This is the correct answer. The columnist's argument concludes that low-income workers will be *hurt* by the minimum wage increase. This conclusion only holds if the increased wages do *not wholly compensate* these workers for the increased prices of goods and services. If the wage increase *did* wholly (or more than wholly) compensate them, then low-income workers would not be hurt; in fact, they might be helped. Therefore, the argument depends on the assumption that the compensation is not complete.</p>","<p>This option is incorrect because it introduces a value judgment about what constitutes a 'good reason' for raising the minimum wage. The argument is an analysis of a causal effect (raising minimum wage hurts low-income workers), not an ethical or policy recommendation. The argument doesn't depend on what would or would not be considered a good reason to raise the minimum wage.</p>","<p>This option is incorrect because it broadens the scope to the general economic benefits of minimum wage changes. The columnist's argument specifically addresses the impact on *low-income workers*, not the overall economy or common beliefs about it. The argument does not depend on whether such changes are generally beneficial to the economy.</p>"
borodulya/lsat128.s2.question-11.jy.mp4,128,2,11,"<p>The core argument is that regular exercise leads to increased life span, based on an observational study showing that subjects who exercised regularly were less likely to die. The main flaw in this argument is the potential for a self-selection bias; people who exercise regularly might already be healthier or engage in other healthy behaviors. To strengthen this argument, we need to eliminate or reduce the impact of this bias, or provide additional evidence that directly links exercise to longevity.</p>","<p>This option states that subjects who did not exercise regularly tended to have unhealthy diets. This actually *weakens* the argument by introducing an alternative cause for their higher mortality rate. If their unhealthy diet, not the lack of exercise, contributed to their deaths, it lessens the impact of exercise as the causal factor for increased life span.</p>","<p>This option explains that non-exercisers blamed their lack of exercise on a lack of time. This information is irrelevant to the causal link between exercise and life span. The reasons for not exercising do not affect whether exercise itself causes a longer life. Therefore, this option neither strengthens nor weakens the argument.</p>","<p>This option suggests that many recorded deaths were due to preexisting conditions or illnesses. Like option A, this *weakens* the argument. If people were already sick, their deaths might be attributable to their underlying health issues rather than their exercise habits (or lack thereof). This introduces another alternative cause that could explain the observed correlation.</p>","<p>This option states that whether a subject exercised was determined by researchers on a random basis. This is the strongest strengthener. Random assignment is the hallmark of a well-designed experiment. If subjects were randomly assigned to either exercise or not exercise, it ensures that, on average, all other potential confounding factors (like diet, preexisting conditions, health consciousness, etc.) are evenly distributed between the two groups. This allows researchers to isolate the effect of exercise, strengthening the conclusion that exercise *causes* an increase in life span by ruling out self-selection bias.</p>","<p>This option indicates that people who exercise regularly are probably doing so out of concern for their health. This highlights the self-selection bias that weakens the argument. If exercisers are already health-conscious, they likely have other healthy habits (beyond just exercise) that contribute to their longevity. This suggests that exercise might be a symptom of an overall healthy lifestyle, rather than the sole or primary cause of increased life span. Therefore, this option weakens the argument.</p>"
borodulya/lsat128.s2.question-12.jy.mp4,128,2,12,"Shaw argues for regulating power plant emissions based on long-term averages, while Levin argues that short periods of high pollution (peaks) are dangerous and should be the focus. Levin uses an analogy: regulating by average emissions is like regulating highway speed limits by average speed, which includes time spent stopped at traffic lights or in traffic. The question asks what 'time a vehicle spends at a stoplight' is analogous to for a power plant, based on Levin's argument. When a vehicle is stopped at a stoplight, its speed is zero. Levin uses this to highlight how including periods of zero speed (or zero emission for power plants) can artificially lower the 'average' without addressing the dangerous 'peak' speeds (or peak emissions). Thus, time spent at a stoplight (zero speed) is analogous to a power plant emitting no pollutants at all (zero emission).","<p>This option states that the power plant operates without any monitoring. The analogy is about the *level* of emission/speed during a particular time, not the method of monitoring. Therefore, this option is incorrect.</p>","<p>This option suggests the power plant operates at peak efficiency. When a vehicle is stopped at a stoplight, it is not operating at 'peak efficiency' in terms of speed; its speed is zero. So, this option is not analogous and is incorrect.</p>","<p>This option states the power plant emits pollutants at a very low level. While 'very low' might seem close to zero, a vehicle at a stoplight has *zero* speed. Levin's point is that these zero-emission periods lower the average, masking dangerous peaks. 'Very low level' suggests some emission is still occurring, which doesn't precisely match the 'zero speed' of a stopped vehicle. Option D is a better fit.</p>","<p>This option states the power plant emits no pollutants at all. This directly corresponds to a vehicle's speed being zero when stopped at a stoplight. Just as zero speed lowers the average speed without reflecting peak speeds, zero emissions from a power plant would lower the average emissions, potentially masking dangerous peak emissions. This option perfectly aligns with the analogy, making it the correct answer.</p>","<p>This option states the power plant emits pollutants at its peak level. This is the opposite of what a vehicle at a stoplight represents. A vehicle at a stoplight has zero speed, not peak speed. Therefore, this option is incorrect.</p>"
borodulya/lsat128.s2.question-13.jy.mp4,128,2,13,"<p>The core of the scientist's argument is presented in the first sentence: &quot;There is little doubt that the ice ages were caused by the unusually rich growth of vegetation worldwide.&quot; The subsequent sentences provide the causal mechanism and evidence to support this initial claim. Specifically, vegetation converts carbon dioxide into oxygen. Excessive vegetation would deplete carbon dioxide in the atmosphere. Since carbon dioxide helps retain the sun's heat, its depletion would cause the earth to cool significantly, thereby causing an ice age. This entire sequence explains *why* the scientist believes the initial statement, making the initial statement the main conclusion.</p>","<p>This option states that excessive growth &quot;could have caused&quot; ice ages by depleting carbon dioxide. While this is likely a true statement and part of the causal chain described in the argument, it is not the main conclusion. The main conclusion, as stated in the stimulus, carries a stronger degree of certainty (&quot;little doubt&quot;) and is the overarching claim being supported, not just a potential cause.</p>","<p>This option presents a conditional statement: &quot;If the carbon dioxide in the atmosphere is depleted, the earth cools significantly, thereby causing an ice age.&quot; This statement directly paraphrases the sentence beginning with &quot;Thus&quot; in the stimulus. While this is a conclusion drawn from the preceding premises, it is a *sub-conclusion* that supports the broader main conclusion about the cause of ice ages. It explains *how* the effect happens, not the ultimate assertion of what caused the ice ages.</p>",<p>This option states that &quot;An excessive growth of vegetation causes the carbon dioxide in the atmosphere to be depleted.&quot; This is a true statement within the argument's premises. It describes a step in the causal chain that leads to the ice ages but is not the overall main conclusion of the scientist's argument. It serves as support for the main claim.</p>,"<p>This option states: &quot;If unusually rich growth of vegetation caused the ice ages, it undoubtedly did so by depleting the carbon dioxide in the atmosphere.&quot; This is a conditional statement that focuses on the *mechanism* if the initial premise is accepted. It's not the main conclusion because the scientist is asserting that the vegetation *was* the cause, not merely discussing the mechanism *if* it was the cause. Also, whether this conditional statement itself is true or false isn't the point; it doesn't represent the main claim being made.</p>","<p>This option states: &quot;Unusually rich growth of vegetation worldwide was almost certainly the cause of the ice ages.&quot; This accurately and directly paraphrases the first sentence of the stimulus: &quot;There is little doubt that the ice ages were caused by the unusually rich growth of vegetation worldwide.&quot; The phrase &quot;almost certainly&quot; perfectly captures the meaning of &quot;little doubt.&quot; This is the central assertion that the entire argument is built to support, making it the main conclusion.</p>"
borodulya/lsat128.s2.question-14.jy.mp4,128,2,14,"The principle defines a promise as an agreement yielding an obligation and states two conditions under which it is acceptable not to keep a promise: (1) the promisee tells the promisor not to keep it, or (2) the promisor is unable to fulfill the obligation due to circumstances beyond the promisor's control. We need to identify the answer choice that correctly applies this principle.","<p><b>Option A:</b> Paul agreed to lend Tom $10, but Paul also owes Maria $10. The conclusion states it is unacceptable for Paul to fulfill his promise to lend Tom $10 while he still owes Maria money.</p><p>This option misapplies the principle. The principle outlines when it's *acceptable not to keep* a promise, not when it's *unacceptable to fulfill* one. Paul owing money to Maria does not fall under either condition of the principle that would excuse him from his promise to Tom. The principle does not suggest that having other debts makes it unacceptable to keep a promise. Therefore, this is incorrect.</p>","<p><b>Option B:</b> Felicia agreed to tutor Alan in mathematics on Tuesday. However, on his way to the tutorial session, Alan was injured in a car accident and was unable to attend that day. Thus, it was acceptable for Felicia not to tutor Alan in mathematics on Tuesday.</p><p>This option correctly applies the principle. Felicia made a promise to tutor Alan. Alan's injury and inability to attend the session constitute circumstances beyond both Alan's (the promisee's) and Felicia's (the promisor's) control, as Felicia cannot tutor an absent student. This fulfills the second condition of the principle, making it acceptable for Felicia not to keep her promise for that day. Therefore, this is the correct answer.</p>","<p><b>Option C:</b> Mika agreed to help Owen move on Sunday, but Owen called Mika on Thursday before the move and asked him to help him move on Saturday instead. So it would be unacceptable for Mika not to consent to help Owen move on Saturday.</p><p>This option misapplies the principle. Mika's original promise was to help Owen move on Sunday. Owen's request to move on Saturday is a *new request* for a different day, not a release from the original promise or a circumstance preventing the original promise's fulfillment beyond Mika's control. The conclusion states it would be unacceptable for Mika *not to consent* to this new request. The principle does not cover an obligation to agree to a change in the terms of a promise or to a new promise. Therefore, this is incorrect.</p>","<p><b>Option D:</b> Quinn agreed to water Laura's plants while Laura was out of town. But Laura had forgotten to give Quinn the keys to her place. However, it was unacceptable for Quinn to fail to fulfill his promise to Laura, since Laura did not excuse Quinn from his obligation to water her plants.</p><p>This option misapplies the principle. Quinn's inability to water the plants because Laura forgot to give him the keys is a circumstance beyond Quinn's control. According to the principle, this would make it *acceptable* for Quinn not to keep his promise, regardless of whether Laura explicitly 'excused' him. The conclusion states it was *unacceptable* for Quinn to fail, which directly contradicts the principle's conditions for acceptable non-fulfillment. Therefore, this is incorrect.</p>","<p><b>Option E:</b> Ian agreed to pick up Ali at the train station. But Ian decided to stop and return his overdue library books first. As a result, Ian was unable to pick up Ali at the train station. Thus, it was acceptable for Ian to fail to pick up Ali at the train station.</p><p>This option misapplies the principle. Ian's decision to return library books, while perhaps a responsible act, was a deliberate choice and thus *within his control*. It was not a circumstance beyond his control that made him unable to pick up Ali. Ali also did not tell Ian not to keep the promise. Since neither condition for acceptable non-fulfillment is met, the conclusion that it was acceptable for Ian to fail is not supported by the principle. Therefore, this is incorrect.</p>"
borodulya/lsat128.s2.question-15.jy.mp4,128,2,15,"The core argument is that H. G. Wells's *The Time Machine* is inappropriately classified as science fiction. The premise provided is that the book is a 'great dramatic novel' and possesses 'compelling characters' which 'great dramatic novels have and science fiction generally lacks'. The conclusion is that because of these qualities, it shouldn't be called science fiction. The gap in the argument is connecting the book's status as a 'great dramatic novel' (with compelling characters) to the idea that it *cannot* also be science fiction. We need an assumption that prevents a novel from being both a great dramatic novel and science fiction.","<p>This option states that all novels with compelling characters are great dramatic novels. While *The Time Machine* is described as having compelling characters and being a great dramatic novel, this assumption doesn't help conclude that it *cannot* be science fiction. It only reinforces that it is a great dramatic novel, but doesn't create the necessary separation from science fiction. The argument's conclusion is about an 'inappropriate classification', not just a positive classification as a great dramatic novel.</p>","<p>This option discusses the clarity of genre classification. While relevant to the topic of classification, it doesn't provide a direct link between the specific attributes of *The Time Machine* (being a great dramatic novel with compelling characters) and the conclusion that it is *not* science fiction. It establishes a general rule about classification but not a specific consequence for *The Time Machine* based on its features.</p>","<p>This option claims that a work of science fiction cannot achieve greatness unless it contains compelling characters. The contrapositive of this statement is: if a work of science fiction does not contain compelling characters, then it cannot achieve greatness. The premise states that *The Time Machine* is a 'great dramatic novel' and has compelling characters. If *The Time Machine* *were* science fiction and also great, this assumption would simply affirm that it *must* have compelling characters, which it does. Therefore, this assumption doesn't support the conclusion that *The Time Machine* is *not* science fiction; in fact, it could potentially allow for a 'great science fiction' novel if it had compelling characters, which *The Time Machine* is said to possess.</p>","<p>This option makes a statement about how to evaluate a novel's quality, stating that character strength is the most important determinant. While *The Time Machine* is noted for its compelling characters and is called a 'great' novel, this assumption focuses on the *reason* for its greatness or quality, not on its genre classification. The argument's central point is about the *appropriateness of classifying* it as science fiction, not the criteria for judging its overall literary merit.</p>","<p>This option states that 'A dramatic novel cannot both be great and belong to the genre of science fiction.' This is a crucial 'not both' rule. The stimulus explicitly refers to H. G. Wells's *The Time Machine* as a 'great dramatic novel'. If a novel cannot be both great *and* science fiction, then given that *The Time Machine* *is* a great dramatic novel, it logically follows that it *cannot* be science fiction. This assumption directly connects the premise (it's a great dramatic novel) to the conclusion (it's not science fiction), making the argument's conclusion logically follow from the premise.</p>"
borodulya/lsat128.s2.question-16.jy.mp4,128,2,16,"Laurel argues that modern moral theories must be discarded or extensively revised because they fail to provide guidance in extreme cases, which she believes are precisely when guidance is most needed. Miriam counters this, comparing moral theories to overcoats, suggesting that a theory can be quite useful even if it doesn't apply to every possible situation; being useful in a wide variety of common circumstances is sufficient. The core disagreement between Laurel and Miriam lies in whether a moral theory's adequacy is contingent on its ability to provide guidance in extreme cases.","<p>This option claims it's preferable to develop a moral theory that offers solutions to *all* moral dilemmas. While both speakers might agree this is preferable, their statements do not focus on this extreme requirement ('all dilemmas') as a point of contention. Laurel's focus is on 'extreme cases' being a necessary condition, and Miriam's on 'common circumstances' being sufficient. They don't explicitly disagree on the preference for a theory covering *all* dilemmas.</p>","<p>This option discusses whether people historically abandoned earlier moral theories. Neither Laurel nor Miriam makes any statements about the historical actions of people abandoning or not abandoning theories in response to dilemmas. Therefore, this cannot be the point of disagreement between them as it's outside the scope of their provided statements.</p>","<p>This option states that 'a moral theory's adequacy depends on its ability to provide guidance in extreme cases'. Laurel's argument is directly built on this assumption; she concludes modern theories are inadequate *because* they fail to provide such guidance. Miriam, however, explicitly challenges this, stating that a theory can be useful even if not applicable to 'every possible situation' and that 'being useful in a wide variety of common circumstances is all we need'. Thus, Miriam directly disagrees with Laurel's premise, making this the central point of their disagreement.</p>","<p>This option suggests that people need different moral theories for different occasions, similar to needing different overcoats for different climates. Miriam uses an overcoat analogy, but her point is about the sufficiency of a *single* theory for common circumstances, not about needing multiple theories. Laurel does not address the concept of needing different theories at all. This misinterprets Miriam's analogy and introduces an idea not discussed by Laurel.</p>","<p>This option proposes that a moral theory developed specifically for extreme cases is unlikely to be useful in more usual cases. The statements from Laurel and Miriam do not discuss theories *developed in the light of extreme cases*. Their debate is about the *requirement* for existing theories to provide guidance in extreme cases, not about the development process or the trade-offs of such a development. Thus, there is no information to support disagreement on this point.</p>"
borodulya/lsat128.s2.question-17.jy.mp4,128,2,17,"The archaeologists conclude that Neanderthals were not nomadic because gazelle teeth at their campsite show evidence of hunting throughout the year. They contrast this with a nomadic Cro-Magnon campsite where gazelle teeth indicated hunting during only one season. To weaken this reasoning, we need to find an alternative explanation for the presence of year-round gazelle teeth at the Neanderthal campsite that is consistent with them being nomadic. Option C provides exactly this alternative explanation, suggesting that Neanderthals saved teeth from various seasons and later discarded them at a single site, making it appear as though they hunted year-round from that location, even if they were nomadic.","<p>This option states that Neanderthals hunted a wide variety of both migratory and nonmigratory animals. This information does not weaken the archaeologists' conclusion. If Neanderthals hunted nonmigratory animals, it could even support the idea that they were settled. The variety of animals hunted doesn't directly challenge the interpretation of the gazelle teeth's coloration.</p>",<p>This option suggests that Cro-Magnons and Neanderthals sometimes exchanged tools. The exchange of tools is irrelevant to whether the Neanderthals inhabited their campsite year-round or were nomadic. It doesn't affect the interpretation of the gazelle teeth found at the Neanderthal campsite.</p>,"<p>This option states that Neanderthals saved gazelle teeth for use in religious rituals and later discarded them. This directly weakens the archaeologists' reasoning. If Neanderthals saved teeth from gazelles hunted at different times of the year (or in different locations) and then discarded them all at this specific campsite, it would create the illusion of year-round habitation, even if the Neanderthals themselves were nomadic and only used that campsite seasonally. This provides an alternative explanation for the evidence found, decoupling the year-round teeth from year-round habitation at that specific site.</p>","<p>This option states that Cro-Magnons usually followed the migrations of the animals they hunted. This information strengthens the portrayal of Cro-Magnons as nomadic, which is used by the archaeologists as a contrast to the Neanderthals. By reinforcing the nomadic nature of Cro-Magnons, this option actually supports the archaeologists' comparative argument, rather than weakening their conclusion about Neanderthals.</p>","<p>This option states that gazelles inhabited the area around the campsites year-round. This information would actually strengthen the archaeologists' reasoning. If gazelles were available year-round, it makes it more plausible that Neanderthals could have hunted them year-round from a fixed campsite, thus supporting the idea that the Neanderthals were not nomadic. It does not provide any reason to doubt the link between year-round hunting evidence and year-round habitation.</p>"
borodulya/lsat128.s2.question-18.jy.mp4,128,2,18,"The core flaw in the critic's argument is an overgeneralization. The critic observes flaws in a few specific types of contemporary novels (psychological, action, romance) and then concludes that the entire category of 'contemporary novels' is inherently incapable of making important new contributions. The error is extrapolating from a limited sample (a subset) to a universal claim about the whole class.","<p>This is the correct answer. The argument states: ""Since no government has been able to regulate either employment or inflation very closely, it is impossible for any government to improve its nation’s economy.""</p><p>The premise, ""no government has been able to regulate... very closely,"" implies that among the governments that have attempted to regulate these issues, none have succeeded very closely (or at least, no government has been observed to succeed). This is analogous to the specific types of contemporary novels (psychological, action, romance) that have ""been failures"" or ""lack social significance.""</p><p>The conclusion, ""it is impossible for any government to improve its nation’s economy,"" makes a sweeping, universal claim about the entire category of ""any government"" (or all governments) based on the limited successes or failures of specific attempts or observations within that category. This mirrors the overgeneralization in the original argument, where specific novel types lead to a conclusion about all contemporary novels.</p>","<p>This argument states: ""Because there has been substantial progress in recent years in making machines more efficient, it is only a matter of time before we invent a perpetual motion machine.""</p><p>This argument makes an unwarranted leap to an extreme or an absolute future outcome (a perpetual motion machine) based on general progress. While it's a flawed argument, its structure is not parallel to the overgeneralization from a subset to the entire category seen in the original argument.</p>","<p>This argument states: ""The essayist Macaulay was as widely read in his time as Dickens, but has been neglected since. Thus writers who are popular today are likely to be forgotten in the future.""</p><p>This argument draws a conclusion about contemporary writers based on a historical example (Macaulay). While it involves a form of generalization, it's not an overgeneralization from a *subset of the target group* to the *entire target group*. Macaulay is not a ""writer who is popular today,"" so the premise isn't even about a member of the group in the conclusion. The flaw is more akin to a faulty analogy or an unwarranted projection of past trends onto a different present/future group.</p>","<p>This argument states: ""This politician has not made any proposals for dealing with the problem of unemployment and thus must not think the problem is important.""</p><p>This argument commits a false inference about the politician's belief based solely on their lack of action or proposals. It assumes that not making proposals means not caring, ignoring other potential reasons. This is a flaw related to drawing conclusions about internal states or motivations from external behavior, which is different from an overgeneralization based on sampled flaws within a category.</p>","<p>This argument states: ""In international commerce, the corporations that are best suited for success are large and multinational. Thus small corporations cannot compete at the international level.""</p><p>This argument moves from identifying the ""best suited"" entities (large/multinational corporations) to concluding that another distinct group (small corporations) ""cannot compete."" The flaw here is assuming that being 'best suited' for success implies that others are completely incapable, creating a false dichotomy or an unsupported conclusion about different types of corporations. This is not parallel to observing flaws in *some* members of a category and concluding that the *entire category* is flawed.</p>"
borodulya/lsat128.s2.question-19.jy.mp4,128,2,19,"The criminologist presents a discrepancy: police reports show a substantial increase in crime incidence per 100,000 people over the past 20 years, but independent surveys suggest the total number of crimes was less in recent years than 20 years ago. The goal is to find an option that resolves this apparent contradiction between the two 'signals' about crime levels.","<p>This option states that not all surveyed citizens were crime victims. The video dismisses this, arguing that it's an obvious fact in a random survey and does not help resolve the discrepancy between the two crime statistics.</p>","<p>This option claims that most crimes are not reported. The video explains that if this were true, and yet reported crimes still increased, it would mean the actual number of crimes is even higher than indicated by reports. This deepens the discrepancy with the surveys suggesting less crime, rather than resolving it, making it a trap answer.</p>","<p>This option suggests that the total number of crimes increased, but the rate per capita (in proportion to the country's growing population) decreased. The video states that this could explain why people <i>feel</i> safer (aligning with the surveys), but it doesn't explain why the <i>reported incidence</i> of crime per 100,000 people (from police reports) increased. Therefore, it only partially addresses the discrepancy and doesn't fully resolve it.</p>","<p>This option claims that respondents in independent surveys did not accurately describe their victimization. The video implies that this introduces another layer of inaccuracy and confusion without directly addressing the core discrepancy between the two sources of data on crime trends, making it irrelevant.</p>","<p>This is the correct answer. The video explains that if a higher proportion of actual crimes are reported now compared to 20 years ago, it can reconcile the discrepancy. For example, if 20 years ago there were 100 crimes but only 10% were reported (10 reports), and today there are fewer actual crimes (e.g., 60) but 80% are reported (48 reports), then the number of reported crimes increases (from 10 to 48) while the actual number of crimes decreases (from 100 to 60). This simultaneously explains the increased police reports and the citizens' impression of less overall crime.</p>"
borodulya/lsat128.s2.question-20.jy.mp4,128,2,20,"The geologist's argument is structured as follows: <p><strong>Premises:</strong></p> <p>1. A new earthquake forecasting method reliably predicts several earthquakes.</p> <p>2. However, this method can only predict that an earthquake will occur within a range of two and a half points on the Richter scale.</p> <p>3. A difference of two and a half points on the Richter scale can mean the difference between marginally perceptible shaking (barely noticeable) and a quake that causes considerable damage (substantial destruction).</p> <p><strong>Conclusion:</strong></p> <p>Therefore, the new method is unlikely to be useful.</p> <p>The gap in the argument is the connection between the method's inability to precisely differentiate between marginally perceptible shaking and considerable damage (Premise 3) and its lack of usefulness (Conclusion). For the conclusion to logically follow from the premises, we must assume that if a method cannot consistently distinguish between these two outcomes, it is not useful.</p> <p>We are looking for a sufficient assumption, which means an answer choice that, if true, guarantees the conclusion based on the premises. This often takes the form of: If [specific premise elements about the problem] then [conclusion].</p>","<p>This option states that a method is not likely to be useful unless its predictions are reliable. However, the first premise already states that the new method 'has reliably predicted several earthquakes.' Therefore, the method's reliability is not in question, and this option does not address the core issue of the range of its predictions and its inability to differentiate between different levels of damage within that range. It also uses 'very narrow range' which contradicts the given range of two and a half points, which is presented as problematic.</p>","<p>This option states: 'An earthquake-forecasting method is unlikely to be useful unless its predictions always differentiate earthquakes that are barely noticeable from ones that result in substantial destruction.' Rephrased, this means if its predictions *do not* always differentiate between barely noticeable (marginally perceptible) and substantial destruction (considerable damage), then it *is* unlikely to be useful. This directly connects the problem identified in Premise 3 (the 2.5-point range encompassing both barely noticeable shaking and considerable damage) to the conclusion that the method is unlikely to be useful. If this is assumed, the argument becomes logically sound. This is the correct sufficient assumption.</p>","<p>This option focuses on whether the method has 'been shown to be useful' by predicting a 'large number' of earthquakes. The argument explicitly states the method 'has reliably predicted several earthquakes,' addressing its reliability and some number of predictions. The usefulness is challenged by the *precision* of the predictions, not the quantity or general proof of concept. Thus, this option is irrelevant.</p>","<p>This option compares the new method to 'several well-established methods.' The existence of other, potentially better, methods does not directly prove that *this* new method is unlikely to be useful. The argument's conclusion is about the inherent limitations of the new method, not its relative performance against others. Thus, this option is irrelevant.</p>","<p>This option is similar to B but uses slightly different terminology. It speaks of 'imperceptibly small' earthquakes and 'catastrophic damage.' The original premise refers to 'marginally perceptible shaking' and 'considerable damage.' While similar, 'imperceptibly small' is strictly less than 'marginally perceptible,' and 'catastrophic damage' is stronger than 'considerable damage.' A sufficient assumption must connect the precise terms of the premises to the conclusion. Therefore, option B, which uses terms ('barely noticeable' and 'substantial destruction') that are better aligned with the original premises, is a more accurate and stronger bridge for the argument.</p>"
borodulya/lsat128.s2.question-21.jy.mp4,128,2,21,"<p>The question asks to identify the statement most strongly supported by the information provided. The passage describes two main camps in cultural anthropological theory: one focusing on everyday social behavior as a system responding to human needs in a given environment, and another rejecting this, focusing instead on systems of meaning (thoughts, rituals, mythology). The author then suggests that cultural anthropologists 'should employ both approaches, and also attend to a third, often neglected dimension: the view of a community as a set of individuals whose actions constitute the actual stuff of everyday life.' The author's central argument is that these different perspectives can and should be integrated, rather than seen as mutually exclusive.</p>","<p>Option A states that patterns of social behavior have meaning only when considered from the point of view of the community. The video notes this is similar to the third approach mentioned in the passage but questions its 'only' clause. The speaker points out that the author's stance is that *all three* approaches should be used, implying that focusing on just one (or excluding another) is not what the passage supports. This option seems to invalidate the first approach, which contradicts the author's suggestion to employ both approaches and also the third.</p>","<p>Option B claims cultural anthropologists too often rely on a conception of human needs that excludes the notion of community. The video highlights the crucial difference between something being 'often' neglected (as stated in the passage about the third dimension) and being 'too often' neglected. The passage only mentions it's an 'often neglected dimension', not that it's *too* often neglected, which would imply a negative judgment or an excessive amount. Therefore, 'too often' is not supported by the text.</p>","<p>Option C asserts that cultural anthropological theorists who focus on issues of meaning overlook the humanity of their individual subjects. The video identifies this as referring to the second camp. However, the passage does not provide enough information to conclude that these theorists 'overlook the humanity' of their subjects. It only describes their focus on systems of meaning. This is an unsupported inference.</p>","<p>Option D claims systems of behavior can be understood only by experiencing the environments to which they respond. The video connects this to the first camp, which focuses on social behavior as a system developed in response to human needs in a given environment. Similar to option A, the word 'only' here is problematic. The author suggests incorporating *all* approaches, not prioritizing one exclusively or at the expense of others. This extreme claim is not supported.</p>","<p>Option E states that disagreement among cultural anthropological theorists does not necessarily imply that their approaches are incompatible. This directly aligns with the author's main point. The author explicitly says, 'Cultural anthropologists, however, should employ both approaches, and also attend to a third, often neglected dimension.' This recommendation implies that despite any current disagreements or differing focuses among the camps, their approaches *can* be combined and are not fundamentally incompatible. Therefore, this statement is strongly supported.</p>"
borodulya/lsat128.s2.question-22.jy.mp4,128,2,22,"The Journal editor's argument commits a common logical flaw known as sufficiency/necessity confusion. The treasurer states that the journal should change from paper to online only if the change will not increase the cost of publication. This establishes ""not increasing the cost of publication"" as a necessary condition for the change. The editor then presents reasons to believe this necessary condition will be met (the cost per issue will be lower, and a benefactor will cover the high conversion costs). From this, the editor concludes that the change should be made. This incorrectly treats the meeting of a necessary condition (not increasing cost) as a sufficient reason to make the change. Just because a condition must be met for an action to occur, does not mean that meeting that condition guarantees the action should occur, or is the sole driving factor for the action. The argument assumes that if the cost condition is met, then the change is automatically warranted, which is a flaw.","<p>This option correctly identifies the flaw. The treasurer states a necessary condition for changing to an online version: that the change will not increase publication costs. The editor then presents premises (lower per-issue costs, covered conversion costs) which are meant to show that this necessary condition will be met. However, the argument proceeds to conclude that the change should be made, thereby treating the meeting of this necessary condition as a sufficient reason to justify the change.</p>",<p>This option is incorrect. The argument does not take for granted that publishing a paper version is the reason for the precarious financial position. It simply states that the journal is in a precarious financial situation and that the treasurer advises a change under certain conditions to improve or at least not worsen the financial outlook regarding publication costs. The past reasons for the financial situation are outside the scope of this argument.</p>,"<p>This option is incorrect. The argument is focused solely on the cost of publication and whether it would increase. It explicitly does not consider other potential advantages of an online version over a paper version. While overlooking other advantages might be a real-world oversight, it is not the specific logical flaw in the structure of this argument, which relies on a conditional statement about cost.</p>","<p>This option is incorrect. The argument's conclusion hinges on the assumption that the cost of publication will not increase. The possibility that the journal might remain in a precarious financial position even after the change, or regardless of the change, is not directly addressed, but the core argument is about the cost of publication increasing, not the overall financial state remaining precarious. The question is about whether the specific condition for the change (cost not increasing) is being correctly used, not about the broader financial outcome beyond that condition.</p>","<p>This option is incorrect. The argument is based on advice from the treasurer, who is generally considered an authority on financial matters within a journal. The video mentions this briefly and dismisses it for this specific question because the treasurer's advice is a conditional statement about costs, which is within their field of expertise. The argument explicitly says, ""we can safely assume that our treasurer is right,"" referring to the treasurer's conditional statement, not seeking advice outside their expertise.</p>"
borodulya/lsat128.s2.question-23.jy.mp4,128,2,23,"<p>The argument in the stimulus can be broken down into a specific logical structure. Let's represent the components as follows:</p><ul><li><b>P:</b> People who have a certain belief.</li><li><b>B(AI):</b> The belief that there is intelligent life somewhere in the universe besides Earth.</li><li><b>B(EOL):</b> The belief that all planets other than Earth are devoid of life (Earth is the only planet with life).</li></ul><p>The premises and conclusion are:</p><ol><li><b>Premise 1:</b> Some people believe there is intelligent life somewhere in the universe besides Earth. (Some P are B(AI))</li><li><b>Premise 2:</b> But no one who believes that (B(AI)) could also believe all planets other than Earth are devoid of life (B(EOL)). This means: If someone believes B(AI), then they do NOT believe B(EOL). (B(AI) → ~B(EOL))</li><li><b>Conclusion:</b> Thus, some people do not believe all planets other than Earth are devoid of life. (Some P are ~B(EOL))</li></ol><p>The general logical structure to look for is: <b>Some X are Y. All Y are not Z. Therefore, some X are not Z.</b> Note the specific type of conditional (a definite exclusion) and the negation in the consequent of the conditional and in the conclusion.</p>","<p><b>Option A:</b></p><ul><li><b>Premise 1:</b> Some people believe computers are capable of thought. (Some P are B(CCT))</li><li><b>Premise 2:</b> Since no one who does not believe computer chess programs sometimes beat human chess masters (CCPM) believes computers can think (CCT). This can be rephrased using its contrapositive: If someone believes CCT, then they believe CCPM. (B(CCT) → B(CCPM))</li><li><b>Conclusion:</b> It follows that computer chess programs do sometimes beat human chess masters. (CCPM is a fact)</li></ul><p>This option fails on two counts: First, the conditional in Premise 2 is a positive relationship (B(CCT) → B(CCPM)), whereas the stimulus has a negative relationship (B(AI) → ~B(EOL)). Second, the conclusion is a factual statement about computer chess programs, not a statement about what 'some people do not believe'. Thus, option A is incorrect.</p>","<p><b>Option B:</b></p><ul><li><b>Premise 1:</b> Some cat owners believe cats are incapable of feeling guilty. (Some P are B(NCFG))</li><li><b>Premise 2:</b> Since one could think that an animal is capable of feeling guilty (FG) only if one thought the animal had a conception of morality (CM). This means: If one believes FG, then one believes CM. (B(FG) → B(CM))</li><li><b>Conclusion:</b> It follows that some cat owners do not believe cats have a conception of morality. (Some P are ~B(CM))</li></ul><p>This option fails because the subject of the first premise (B(NCFG)) is the negation of the antecedent of the conditional in the second premise (B(FG)). The stimulus connects the initial belief (B(AI)) directly to the antecedent of its conditional. The logical chain does not form correctly to parallel the stimulus. Thus, option B is incorrect.</p>","<p><b>Option C:</b></p><ul><li><b>Premise 1:</b> Some dog owners believe their dogs are emotionally attached to them. (Some P are B(DA))</li><li><b>Premise 2:</b> Since no one could believe that (B(DA)) and also believe dogs are incapable of thought (IT). This means: If someone believes B(DA), then they do NOT believe B(IT). (B(DA) → ~B(IT))</li><li><b>Conclusion:</b> It follows that some dog owners do not believe dogs are incapable of thought. (Some P are ~B(IT))</li></ul><p>This option perfectly mirrors the structure of the stimulus. The first premise establishes 'Some P are Y'. The second premise states 'If Y, then not Z'. The conclusion then correctly follows as 'Some P are not Z'. The negation in the consequent of the conditional and in the conclusion also align. Thus, option C is the correct answer.</p>","<p><b>Option D:</b></p><ul><li><b>Premise 1:</b> Some people believe humans will someday colonize other planets. (Some P are B(C))</li><li><b>Premise 2:</b> Since anyone who believes that (B(C)) probably also believes overpopulation of Earth is not a problem (NOP). This means: If someone believes B(C), then they <b>probably</b> also believe B(NOP). (B(C) → Probably B(NOP))</li><li><b>Conclusion:</b> It follows that some people do not believe overpopulation of Earth is not a problem. (Some P are ~B(NOP))</li></ul><p>This option deviates from the stimulus's logical strength. The stimulus uses a definite conditional (","<p><b>Option E:</b></p><ul><li><b>Premise 1:</b> Some people believe there is life on planets other than Earth. (Some P are B(L))</li><li><b>Premise 2:</b> Since anyone who believes that (B(L)) must also believe other planets have atmospheres that can support life (A). This means: If someone believes B(L), then they believe B(A). (B(L) → B(A))</li><li><b>Conclusion:</b> It follows that other planets do have atmospheres that can support life. (A is a fact)</li></ul><p>This option fails similarly to option A. The conditional in Premise 2 is a positive relationship (B(L) → B(A)), unlike the negative relationship in the stimulus. Additionally, the conclusion is a factual statement about other planets, not a statement about what 'some people believe'. Thus, option E is incorrect.</p>"
borodulya/lsat128.s2.question-24.jy.mp4,128,2,24,"Clarissa states that natural sciences would not have progressed without mathematics, and no observation is worth serious attention unless stated precisely in quantitative terms. This means for Clarissa, quantitative terms are a prerequisite for observations to be taken seriously and for scientific progress. Myungsook disagrees, stating that converting observations into numbers (quantitative terms) is the hardest and *last* task, only done after thoroughly exploring the observations themselves. This implies Myungsook believes that observations can be thoroughly explored or seriously considered *before* they are put into quantitative terms. The core disagreement is whether observations must be stated quantitatively *before* or *after* they receive serious attention/thorough exploration.","<p>Clarissa clearly states that mathematics is a highly significant factor. Myungsook, while disagreeing on the *timing* of applying mathematics, does not dispute its overall significance to the advancement of natural sciences. She just puts it as a 'last task'. Thus, there is no clear disagreement on this point.</p>","<p>Myungsook explicitly states that converting observations into numbers is the 'hardest' task. Clarissa does not comment on the ease or difficulty of this conversion. Therefore, they do not disagree on this point; Clarissa is silent.</p>","<p>Neither Clarissa nor Myungsook explicitly states whether 'all' observations can be stated precisely in quantitative terms. Clarissa states that observations *must* be quantitative to be serious, but not if all of them *can* be. Myungsook acknowledges the conversion is possible but places it last. Thus, there is no clear disagreement on this point.</p>","<p>Clarissa explicitly states, 'No observation is worth serious attention unless it is stated precisely in quantitative terms.' This means she believes that careful consideration (serious attention) *requires* observations to be stated quantitatively. Therefore, she would disagree with the idea that natural science demands careful consideration of observations *not* stated quantitatively. Myungsook, however, asserts that converting observations into numbers is the 'last task' and can only be done 'when you have thoroughly explored the observations themselves.' This implies that thorough exploration (careful consideration) happens *before* observations are stated quantitatively. Therefore, Myungsook would agree with this statement. Since Clarissa would disagree and Myungsook would agree, this is the point of disagreement.</p>",<p>Clarissa's statement about mathematics being crucial for scientific progress suggests she would agree that useful scientific theories require the application of mathematics. Myungsook's statement about converting observations into numbers as a 'task' in science doesn't contradict this; it just specifies the sequence. It's likely both would agree that math is ultimately required for useful scientific theories. There is no clear disagreement here.</p>
borodulya/lsat128.s2.question-25.jy.mp4,128,2,25,"The question highlights a common logical flaw related to conflating beliefs with facts. The argument states that Stillwater Pond has been polluted, and a local fishing guide believes the most populous fish species is also the best adapted to the pollution. Recent studies suggest the bullhead catfish is the most populous species. The conclusion then asserts that the fishing guide *must believe* the bullhead catfish is the best-adapted species. The core flaw is assuming the fishing guide's belief system is perfectly aligned with the findings of the recent studies. The guide might not be aware of these studies, or might even hold a different, mistaken belief about which species is most populous, and thus which is best adapted.","This option suggests the argument takes for granted that the local fishing guide believes Stillwater Pond has been polluted. However, the initial premise states, ""Although Stillwater Pond has been polluted by farm runoff for years, several species of fish still live there."" This is presented as a fact, not something the guide necessarily believes. Even if the guide did believe it, this is not the fundamental flaw in the logical leap from recent studies to the guide's specific belief about the best-adapted fish.","This option suggests the argument fails to consider that catfish adapted very little. The argument uses the phrase 'adapted best,' which implies a comparison relative to other species. Whether the adaptation was extensive or minimal, 'best adapted' still identifies the species most successful under the conditions. This possibility does not undermine the logical flaw between the scientific findings and the fishing guide's potential knowledge or belief.","This option suggests the argument fails to account for the possibility that the recent studies are inaccurate. While it's always possible for studies to be inaccurate, the argument, as presented, relies on the *suggestion* of these studies. The weakness of the argument isn't whether the studies are factually correct, but rather the unjustified leap from what the studies suggest to what a specific individual (the fishing guide) *believes*. Even if the studies were inaccurate, the logical flaw in the argument's reasoning about the guide's belief would remain.","This option correctly identifies the argument's vulnerability. The argument assumes that because recent studies suggest the bullhead catfish is the most populous (and the guide believes the most populous is the best adapted), the guide *must then believe* the bullhead catfish is the best adapted. This conclusion only holds if the fishing guide *knows and believes* the findings of the recent studies. The guide could mistakenly believe another fish species is the most populous, which would then lead the guide to believe that other species is the best adapted. The argument fails to account for this potential discrepancy between scientific findings and the guide's personal, potentially mistaken, belief.","This option suggests the argument takes for granted that Stillwater Pond has only one species of catfish. The passage refers to ""the bullhead catfish"" as *a* species, not the *only* species of catfish, let alone the only species of fish. The argument explicitly states ""several species of fish still live there."" Therefore, this is a mischaracterization of what the argument takes for granted and is descriptively inaccurate."
borodulya/lsat128.s3.question-01.jy.mp4,128,3,1,"The argument concludes that the work done in Department F is responsible for higher stress levels, which in turn causes a certain syndrome, because a significantly higher percentage of workers in Department F are afflicted by this syndrome compared to other departments. This is a classic correlation-causation argument. To strengthen this argument, we need to provide evidence that reinforces the causal link between the work in Department F and the syndrome, or rule out alternative explanations for the correlation.","This option states that Department F has more employees than any other department. While Department F might have more employees, the premise already accounts for this by stating a 'significantly higher *percentage* of workers' are affected. A larger absolute number of employees doesn't negate the higher percentage or explain why the work in Department F specifically leads to the syndrome. Therefore, this option does not strengthen the argument.","This option indicates that the syndrome can be caused by various factors, with stress being only one. This actually slightly weakens the argument by introducing other potential causes, making the link between stress (and thus Department F's work) and the syndrome less exclusive. It does not strengthen the specific causal claim that work in Department F leads to higher stress and the syndrome.","This option directly strengthens the argument. If workers who transfer *into* Department F from other parts of the company (where they presumably did not have the syndrome at a high rate) soon develop the syndrome, it strongly suggests that something specific to Department F's environment or work is causing it. This eliminates the alternative explanation that workers in Department F were already predisposed to the syndrome before joining it. This is compelling evidence for the causal link between Department F's work and the syndrome.",This option states that the syndrome is relatively common in the transportation industry. This information is too broad and does not help to explain why Department F *within this specific company* has a significantly higher percentage of affected workers compared to other departments in the *same company*. It doesn't pinpoint the unique causal factor within Department F.,"This option introduces 'dissatisfaction' as an outcome of job-related stress. The argument is specifically about a 'syndrome' attributed to stress, not general dissatisfaction. While stress can cause both, linking stress to dissatisfaction does not directly strengthen the argument about the causal link between Department F's work and the specific syndrome. It's irrelevant to the core argument."
borodulya/lsat128.s3.question-02.jy.mp4,128,3,2,"<p>The core of the argument begins by stating that metallic mirrors absorb light and waste energy. It then explains the mechanism of energy loss (electrons moving, dimming the image). Finally, the argument concludes with ","<p>This option states that metallic mirrors reduce the effectiveness of high-powered lasers. While this might be inferred, the argument's explicit conclusion is that they ","<p>This option states that part of the light falling on metallic mirrors tends to be absorbed by them. This is a premise of the argument, explaining *why* metallic mirrors waste energy (the first clause of the first sentence). It's not the main conclusion, which is what follows from this fact.</p>","<p>This option states that high-powered lasers require mirrors that conserve energy. This is an implied condition or a background assumption that helps frame the conclusion, but it's not the argument's main conclusion about metallic mirrors themselves. It describes a requirement for lasers, not a conclusion about the mirrors' inherent unsuitability.</p>",<p>This option claims that a tendency to waste energy is the *most significant* disadvantage of metallic mirrors. The stimulus does not provide any information to compare the significance of this disadvantage with any other potential disadvantages. The use of ,<p>This option perfectly encapsulates the main conclusion of the argument. The phrase 
borodulya/lsat128.s3.question-03.jy.mp4,128,3,3,"The main argument exhibits a classic valid logical form known as a hypothetical syllogism. It states two conditional premises that link three events or conditions in a chain: 'If A happens, then B will happen.' and 'If B happens, then C will happen.' From these two premises, the argument logically concludes: 'Therefore, if A happens, then C will happen.' We are looking for an answer choice that mirrors this exact logical structure.","Option A presents the following structure: 'If Ruth plants only daffodils (A), the squirrels will eat the bulbs (B).' (A -> B) 'If the squirrels eat the bulbs (B), then no flowers will bloom in Ruth's garden (C).' (B -> C) The conclusion is: 'Since no flowers are blooming in Ruth's garden (C), she must have planted only daffodils (A).' (C -> A). This conclusion form, where the presence of the necessary condition (C) is used to infer the presence of the sufficient condition (A), is an invalid logical fallacy known as Affirming the Consequent. Moreover, the conclusion is not a conditional statement, but rather asserts facts. Therefore, Option A does not share the logical features of the main argument.","Option B's structure is: 'If Shawn starts gardening in early spring (A), he can plant tomatoes early (B).' (A -> B) 'If Shawn can plant tomatoes early (B), he will have plenty of tomatoes for canning (C).' (B -> C) The argument then states: 'But he does not have plenty of tomatoes for canning (NOT C).' And concludes: 'so either he did not start gardening in early spring (NOT A) or he did not plant tomatoes early (NOT B).' (NOT C, therefore (NOT A) OR (NOT B)). While the initial premises form a conditional chain, the conclusion involves negation and a disjunction, which is a departure from the simple hypothetical syllogism of the main argument. The form of reasoning here is related to Modus Tollens, but its specific conclusion differs significantly.","Option C's structure is: 'Maria plants either petunias (P) or geraniums (G) in her garden.' (P OR G) 'If Maria plants petunias (P), she plants purple ones (Pr).' (P -> Pr) 'If Maria plants geraniums (G), she plants red ones (Rd).' (G -> Rd) The conclusion states: 'Since both petunias and geraniums are flowers, Maria will have either purple or red flowers in her garden.' (Therefore, Pr OR Rd). This argument uses disjunctive premises and conditional statements to arrive at a disjunctive conclusion. Although it is a valid argument form (Constructive Dilemma variant), its logical structure is not analogous to the straightforward hypothetical syllogism of the main argument.","Option D has the following structure: 'If Li plants old rose varieties (A), her garden will look beautiful (B).' (A -> B) 'If Li's garden looks beautiful (B), Li's neighbors will be impressed (C).' (B -> C) The conclusion then states: 'So if Li plants old rose varieties (A), her neighbors will be impressed (C).' (A -> C). This argument perfectly mirrors the hypothetical syllogism found in the main argument. It establishes a chained conditional relationship between three elements and draws the direct conditional conclusion from the first antecedent to the last consequent. Therefore, Option D is the correct answer.","Option E states: 'If Bryan's fruit trees are to produce well (A), he must either prune them in the fall (B) or fertilize them in the spring (C).' (A -> (B OR C)) The argument then continues with a premise that introduces a 'want' and a negation: 'Since Bryan wants his trees to produce well (W(A)) but forgot to prune them last fall (NOT B).' It concludes: 'Bryan is sure to fertilize his trees this spring (C).' This argument's first premise already deviates from the A -> B conditional structure, as it includes a disjunction. Furthermore, the second premise introduces a subjective element ('wants') and a negation, leading to a direct assertion as a conclusion. This is not at all similar to the straightforward hypothetical syllogism of the main argument."
borodulya/lsat128.s3.question-04.jy.mp4,128,3,4,"<p>This is a Point-at-Issue disagreement question. We need to identify a statement about which Huang and Suarez have opposing views. Huang believes that most people who commit violent crimes do not consider the consequences (punishment) and therefore, mandatory sentences are ineffective. He advocates for addressing the root causes of violence instead. Suarez, on the other hand, believes that mandatory sentences are a useful deterrent and prevent people from committing violent crimes.</p>","<p>Huang states that we should address the root causes of violence to reduce the rate of violent crime. This means Huang would agree with option A. However, Suarez does not express an opinion on whether addressing root causes is the 'best way' to reduce violent crime; her focus is on the effectiveness of mandatory sentences. Therefore, we cannot establish a clear disagreement.</p>",<p>Neither Huang nor Suarez comments on whether people who commit violent crimes 'deserve' harsh punishment. Huang simply states that harsh mandatory sentences are not the solution because criminals do not consider them. Suarez asserts that mandatory sentences deter crime. Their statements do not provide enough information to determine a disagreement on the deservingness of punishment.</p>,"<p>Huang explicitly states, 'Most people who commit violent crimes do not carefully consider whether or how they will be punished for these crimes.' Therefore, Huang would disagree with this statement. Suarez, however, believes that mandatory sentences prevent people from committing violent crimes, implying that the *threat* of punishment (which would be considered) acts as a deterrent. So, Suarez would likely agree that potential criminals consider punishment. This creates a strong point of disagreement.</p>","<p>Huang states, 'Rather than impose harsh mandatory sentences, we should attend to the root causes of violence to reduce the rate of violent crime.' This implies that Huang believes mandatory sentences are *not* effective in deterring violent crime. Thus, Huang would disagree with this statement. Suarez explicitly states, 'I am confident that mandatory sentences prevent most people who would otherwise physically harm others from doing so.' This is a direct agreement with the statement that mandatory sentences deter most people from committing violent crimes. Therefore, this is a clear point of disagreement between Huang and Suarez.</p>","<p>Suarez introduces tax evasion as an example of a non-violent crime where mandatory penalties are useful. However, Huang's argument is specifically about *violent* crimes and says nothing about tax evasion or non-violent crimes. Since Huang has no stated opinion on severe penalties reducing tax evasion, there cannot be a disagreement between them on this point.</p>"
borodulya/lsat128.s3.question-05.jy.mp4,128,3,5,"The passage establishes a correlation between participating in risky sports (often to confront fears) and having more self-confidence. It then concludes that confronting one's fears increases self-confidence. This is a classic correlation-causation flaw. To weaken this argument, we need to either suggest an alternative cause for the observed self-confidence, or demonstrate that the causation is reversed (i.e., high self-confidence leads to risky sports, rather than risky sports leading to high self-confidence).","<p>This option states that often, individuals suffering from fears might not be aware of their fear or its extent. This does not weaken the argument. The argument focuses on those who actively confront their fears. Whether some people are unaware of their fears does not impact the proposed causal link for those who *do* consciously confront them in risky activities.</p>","<p>This option directly weakens the argument by suggesting an alternative cause for the observed correlation. If people already have above-average self-confidence *before* participating in risky sports, then it's not the act of participating in risky sports (or confronting fears within them) that *causes* the increased self-confidence. Instead, higher self-confidence might be what leads them to engage in such activities in the first place, reversing the proposed causal link.</p>","<p>This option is largely irrelevant. It discusses why people *don't* participate in risky sports, attributing their abstention to reasons other than fear of death or injury. The argument focuses on the *participants* and the effect of their actions on self-confidence, not the motivations of non-participants.</p>","<p>This option states that participating in risky sports is not the only way to confront one's fears. This information does not weaken the argument's core causal claim. The argument does not state that it is the *only* way, merely that it is *a* way, and that doing so increases self-confidence. This is an irrelevant point.</p>","<p>This option explains that most non-participants believe they lack the capacity to excel in risky activities. Similar to option C, this focuses on the beliefs and motivations of those who *do not* participate, which is irrelevant to whether confronting fears in risky sports *does* increase self-confidence for those who *do* engage in them.</p>"
borodulya/lsat128.s3.question-06.jy.mp4,128,3,6,"The argument states that some studies link cow's milk formula to diabetes, yet concludes parents should still feed it because it's an excellent source of nutrients. The core flaw is that the argument acknowledges a significant drawback (diabetes) but then defends the practice solely on a benefit (nutrients), without considering if other milk formulas or feeding practices could offer the same benefits without the associated risk of diabetes. It fails to account for potential alternatives that might be safer.","This option accurately describes the flaw. The practice of feeding cow's milk formula is defended based on its benefit (nutrients), but the argument fails to consider if alternative practices (e.g., other types of formula) could provide those same nutrients without the risk of diabetes. This is precisely why the argument is vulnerable to criticism given the initial premise about diabetes.","This option describes circular reasoning, where the conclusion is merely a restatement of a premise. In this argument, the conclusion ('parents should feed cow's milk formula') is distinct from the premise ('cow's milk is an excellent source of nutrients'). Therefore, this option is incorrect.","This option is descriptively inaccurate. The conclusion ('parents should feed cow's milk formula') is a normative claim ('should'), not an entirely factual one. The premise ('cow's milk is an excellent source of nutrients') is a factual claim, not a normative one being introduced to support a factual conclusion. Therefore, this option is incorrect.","This option describes a straw man fallacy, where an opponent's argument is distorted and then attacked. The given argument does not distort an argument against cow's milk formula. Instead, it acknowledges a negative finding (diabetes link) and then attempts to counter it by highlighting a positive aspect, but it doesn't misrepresent an opposing view. Therefore, this option is incorrect.","This option describes confusing the absence of evidence for a claim with the existence of evidence against it. The argument does not confuse these. It presents evidence *for* a benefit (nutrients) and explicitly states there's evidence *against* the practice (diabetes link). The issue isn't a confusion of absence/existence of evidence, but rather a failure to properly weigh the existing evidence and consider alternatives. Therefore, this option is incorrect."
borodulya/lsat128.s3.question-07.jy.mp4,128,3,7,"The argument proposes that television advertisers should shift their focus from young adults (18-25) to consumers over 65 because the latter group's average discretionary income will soon surpass that of young adults. The core assumption is that higher discretionary income directly translates to more effective advertising and increased brand loyalty or purchases. To weaken this argument, we need to find a reason why targeting consumers over 65 might not be a better strategy, even with their projected higher discretionary income.",This option suggests that consumers over 65 watch different television shows. This does not weaken the argument. Advertisers can simply adjust their ad placements to the specific shows watched by the over-65 demographic. It doesn't negate the potential benefit of targeting this group due to their income.,"This option states that older consumers are more likely to have already established brand loyalties. If this is true, then advertising to the over-65 demographic, despite their higher discretionary income, might be ineffective. It would be difficult to persuade them to switch brands, making the advertising a waste of resources. This directly undermines the idea that targeting them would be 'better' and weakens the argument significantly.","This option claims that the average discretionary income of young adults is projected to rise. However, the premise of the argument is that the income of those over 65 will be 'greater than' that of young adults. Even if young adults' income rises, the over-65 group's income could still be higher or rise even faster, thus not necessarily weakening the original premise or conclusion. The video labels this a 'trap wrong answer' that attempts to attack the premise but fails to do so effectively.","This option suggests that higher discretionary income makes advertising more likely to encourage purchases. This statement actually *strengthens* the argument. It reinforces the central premise that targeting a group with higher discretionary income is a good strategy, making it an unsuitable answer for a weakening question.","This option states that the number of consumers over 65 is increasing more rapidly than young adults. A larger and growing market makes targeting that demographic even *more* attractive. Therefore, this option strengthens the argument rather than weakening it, as it suggests an expanding consumer base with potentially more income."
borodulya/lsat128.s3.question-08.jy.mp4,128,3,8,"The politician's argument establishes a generally accepted principle regarding freedom of speech in a democratic society: because democratic politics requires debate and self-governance flourishes when citizens express their feelings verbally, a democratic society should not interfere with individual citizens' speech. The politician then extends this principle to an analogous case: they argue that society should also refrain from controlling citizens' clothing and grooming because these are also venues for self-expression and can be used to make political statements without words. The logical strategy is to apply an established principle from a commonly accepted case (freedom of speech) to a new, similar case (freedom of expression through clothing and grooming).","This option describes a 'reductio ad absurdum' argument, where one argues for a conclusion by showing that its opposite leads to an absurdity. The politician's argument does not follow this structure. Instead, it draws a parallel between two forms of expression (verbal and non-verbal) and argues for consistent treatment.","This option suggests reaching a general conclusion based on the absence of counterexamples. The politician's argument is not based on the lack of counterexamples but rather on the positive assertion that clothing and grooming are forms of self-expression, similar to verbal speech, which is already protected.","This option states that the argument supports a conclusion by claiming it is widely accepted. While the initial premise about freedom of speech is described as 'widely accepted,' the politician's *conclusion* (that clothing and grooming should also be free from strict control) is a *new* argument being made, not something claimed to be widely accepted already. The 'widely accepted' part provides context for the analogy, not the direct support for the politician's main point.",This option accurately describes the politician's logical strategy. The politician concludes that a democratic society should not interfere with clothing and grooming (the current conclusion) based on the evidence that clothing and grooming are venues of self-expression and political statements. This evidence is presented as 'similar' to the evidence (verbal expression/debate) that is 'commonly thought to support' the analogous case (freedom from interference in verbal speech). The argument extends the logic from one accepted domain to another similar one.,"This option is inaccurate because the politician's conclusion is about what democratically governed societies *should do* (refrain from strict control), not about what they *actually do*. Furthermore, the premises are about the nature of self-expression through clothing and grooming, not solely about what societies 'should do' in a general sense, as implied by the option."
borodulya/lsat128.s3.question-09.jy.mp4,128,3,9,"The television commercial's argument makes a critical unstated assumption. It states that the advertised product has higher concentrations of active ingredients and that these higher concentrations are safe. It also states that faster relief is always preferable. However, it assumes that these higher concentrations of active ingredients actually provide faster relief. Without this crucial link, the conclusion that one should use the advertised product does not logically follow from the given premises.","<p>This option states that the argument takes for granted that higher concentrations lead to ""more effective"" results in all cases. The argument specifically mentions ""faster relief"" as being preferable, not ""more effective"" in a general sense. While effectiveness can encompass speed, the specific unstated link is about speed of relief, not overall effectiveness. Furthermore, the argument doesn't claim this is true ""in all cases,"" just that it implies it for this specific product.</p>","<p>This option claims the argument relies on evidence that is ""in principle impossible to disprove."" This describes a fallacy where a claim cannot be tested or refuted. However, the premises provided (same active ingredients, higher concentrations, safety tests) are empirical and can be verified or disproven with scientific testing. Therefore, this is not the flaw in the argument.</p>","<p>This option suggests an ad hominem fallacy, where a competitor's claims are dismissed due to their source rather than their content. The commercial does not mention or dismiss any claims made by the competitor. Instead, it focuses solely on the features and presumed benefits of its own product. Therefore, this option incorrectly identifies the argument's flaw.</p>","<p>This option asserts that the commercial attempts to manipulate emotions instead of using logical reasoning. While many commercials employ emotional appeals, the presented argument in the text outlines specific premises (same ingredients, higher concentration, safety, preference for faster relief) to lead to a conclusion. The flaw lies in the logical leap between these premises, not an overt emotional manipulation of the audience.</p>","<p>This option accurately identifies the most significant vulnerability in the argument. The commercial states that its product has higher concentrations and that faster relief is always preferable. For the conclusion to follow logically, the argument must assume that these higher concentrations result in faster relief. The argument takes this connection for granted, despite providing no evidence that higher concentration directly leads to quicker onset of relief. This is the unstated assumption that makes the argument vulnerable to criticism.</p>"
borodulya/lsat128.s3.question-10.jy.mp4,128,3,10,"The video identifies the claim ""the biologists' announcements that a certain animal has been found capable of using tools are unsurprising"" as the conclusion of the argument. This is signaled by the word ""But"" which introduces the author's main point, and further supported by the word ""since"" which introduces the premise: ""since all animals use tools."" The entire structure of the argument leads to this claim as the primary assertion the author is making.","<p>This option is incorrect because the claim in question is not providing evidence. Instead, the examples of animals using tools (like birds building nests or fish hiding in mud) are the evidence provided *for* the claim that such announcements are unsurprising, not the other way around. The claim itself is the point being supported.</p>","<p>This option is correct. The argument sets up the common practice of biologists making announcements about tool-using animals. The author then introduces a counterpoint with ""But such announcements are completely unsurprising"" and provides reasons why this is the case. This structure indicates that the ""unsurprising"" nature of these announcements is the main conclusion the argument aims to establish.</p>","<p>This option is incorrect. The claim is explicitly stated in the passage, making it a stated conclusion, not an unstated assumption. Furthermore, the argument doesn't aim to justify a broader conception of tools but rather to explain why the biologists' announcements, given their current understanding of tools, are not noteworthy.</p>","<p>This option is incorrect. The claim does not call into question the biologists' definition or ""conception"" of a tool. Instead, it suggests that within the existing understanding of what constitutes a tool and tool-use, the announcements are not surprising because such activities are common among many animals.</p>","<p>This option is incorrect. The argument does not focus on any ambiguous use of the word ""external"" by the biologists. While the passage mentions ""means of an external physical object"" in its definition of a tool, the claim about the announcements being unsurprising does not address a weakness stemming from the ambiguity of this specific word.</p>"
borodulya/lsat128.s3.question-11.jy.mp4,128,3,11,"The question asks for a sufficient assumption. Samuel Johnson argues that writers should avoid giving attractive qualities to immoral characters because doing so increases the tendency of readers to emulate these characters. The conclusion is that if writers follow this advice, works of fiction would be unrealistic. The core argument can be seen as: Premise: Writers refrain from attributing attractive qualities to immoral characters (following Johnson's advice). Conclusion: Works of fiction would be unrealistic. The missing link is an assumption that connects the act of refraining from attributing attractive qualities to the resulting unreality of the fiction. This assumption must state that, in reality, immoral people *do* possess attractive qualities. If they don't, then removing attractive qualities wouldn't make the fiction unrealistic. The contrapositive of the conclusion, 'If works of fiction are realistic, then writers did not follow Johnson's advice' also points to this.","This option, 'One-dimensional characters are less entertaining than well-rounded characters,' is irrelevant to the argument about whether fictional characters would be unrealistic if attractive qualities were removed from immoral ones. The argument is about realism, not entertainment value or character complexity.","This option, 'The attractive qualities of characters are more appealing than their immoral behavior,' might explain *why* readers emulate characters but doesn't connect the act of *removing* attractive qualities to the resulting unreality of the fiction. It doesn't function as a sufficient assumption for the stated conclusion.","This option, 'In reality, all bad people have some attractive qualities,' is the correct sufficient assumption. If bad people in reality possess attractive qualities, then by refraining from attributing these to fictional immoral characters, writers would make their characters unrealistic. This directly bridges the gap between following Johnson's advice and the resulting unreality of the fiction.","This option, 'In reality, it is difficult to emulate fictional characters,' actually weakens the initial premise of Johnson's argument, which is that readers *do* tend to emulate these characters. Therefore, it cannot be an assumption that supports the conclusion.","This option, 'It is rarely evident which qualities of fictional characters are intended to be attractive qualities,' is irrelevant. The argument is not about the clarity of authorial intent, but about the impact of attributing (or not attributing) attractive qualities on the realism of the characters and the potential for emulation by readers."
borodulya/lsat128.s3.question-12.jy.mp4,128,3,12,"The argument describes specific manufacturing flaws in Archway's clothes dryers: missing crucial bolts and sections assembled in the wrong order, leading to shock and fire hazards. From these observations, the argument concludes that Archway must be using shoddy, substandard components. The flaw in this argument is that it assumes that manufacturing defects (like missing parts or incorrect assembly) automatically imply that the raw components themselves are of low quality. It is entirely possible to construct a poor quality product, riddled with assembly errors, even when using high-quality components. The problem lies with the manufacturing process and quality control, not necessarily with the materials purchased.","This option states that there are no known cases of fires or electrocutions. While this might weaken the claim that the dryers create a fire hazard (or at least suggest the hazard hasn't materialized yet), it does not address the core logical leap the argument makes. The argument is about the *quality of components* based on assembly issues, not just the actual occurrence of accidents. Even if no accidents have occurred, the premise about missing bolts and wrong assembly still stands, and the conclusion about component quality is still a leap.","This option suggests there are other aspects of dryer construction more relevant to quality than those mentioned. This is a vague criticism. It doesn't pinpoint why the argument's conclusion about shoddy components is not supported by the premises about missing bolts and wrong assembly. It merely implies that the argument might be incomplete, not necessarily flawed in its reasoning from the given premises to its specific conclusion.","This option claims Archway's dryers perform well and enjoy customer loyalty. This directly contradicts the initial premise that the dryers are 'of poor quality' and have 'safety and quality conspicuously lacking.' If this statement were true, it would undermine the premises, making the argument less compelling overall. However, it doesn't address the specific logical jump from observed manufacturing defects to the inference about 'shoddy, substandard components.' The argument is vulnerable because it fails to consider that poor construction can occur even with good components, regardless of customer loyalty or general performance.","This is the correct answer. It directly exposes the logical gap in the argument. The premises detail problems with assembly ('missing crucial bolts,' 'sections are assembled in the wrong order') which describe *shoddy construction*. The conclusion, however, states that Archway uses 'shoddy, substandard *components*.' Option D points out that a poorly constructed appliance can still be made from high-quality parts. This possibility is exactly what the argument fails to consider, thereby weakening the link between the premises (poor construction) and the conclusion (shoddy components).","This option refers to Archway's *other product lines*. The argument specifically focuses on Archway's *clothes dryers*. The quality of other product lines, whether good or bad, is irrelevant to the manufacturing practices or component quality of the clothes dryers in question. This is an irrelevant comparison."
borodulya/lsat128.s3.question-13.jy.mp4,128,3,13,"This is a must-be-true inference question. The passage states that in sexual reproduction, genetic material in the nucleus is contributed equally by both male and female gametes. However, the genetic material found in the cytoplasm (the part of a cell outside the nucleus) is contributed exclusively by the female's gamete. It further specifies that a certain type of genetic material, GM62, is found only in the cytoplasm. Combining these facts, if GM62 is found only in the cytoplasm, and the cytoplasm's genetic material comes exclusively from the female gamete, then GM62 can only be contributed by the female gamete.","This statement claims 'All female organisms contribute GM62 to their offspring'. This is too strong. The passage only states that if GM62 is contributed, it must come from the female gamete, because it's in the cytoplasm which is exclusively from the female. It does not guarantee that every single female organism will always contribute GM62 to every offspring. There might be instances where GM62 is not present, or not successfully contributed for other reasons not mentioned in the passage. Therefore, this conclusion cannot be logically drawn as a certainty.","This statement asserts 'Only female organisms can contribute GM62 to their offspring.' This is a direct and logical conclusion based on the premises. Since GM62 is found exclusively in the cytoplasm, and the cytoplasm (and its genetic material) is contributed exclusively by the female gamete, it follows that only female organisms can be the source of GM62 in offspring. This aligns perfectly with the information provided.","This statement claims 'Genetic material is evenly divided between the nucleus and the cytoplasm of a new cell.' The passage states that genetic material is contributed equally *by the two gametes* to the *nucleus*. It does not provide information about the even division of genetic material *between* the nucleus and the cytoplasm *within a new cell*. In fact, it indicates an uneven contribution for cytoplasm, making this statement false.","This statement claims 'The role of the male gamete in sexual reproduction is less important than the role of the female gamete.' The passage details the *contributions* of each gamete (equal nuclear, exclusive female cytoplasmic), but it does not make any evaluative judgment about their relative 'importance.' Importance is a subjective measure not addressed by the scientific facts presented.","This statement claims 'It is likely that other types of genetic material that are contributed exclusively by the male gamete will be identified.' The passage describes the current known contributions but does not provide any basis for predicting the likelihood of future scientific discoveries about male-exclusive cytoplasmic genetic material. This is an unsupported speculation, not a logical inference from the given text."
borodulya/lsat128.s3.question-14.jy.mp4,128,3,14,"The core flaw in this argument is a classic correlation-causation fallacy. The argument observes that students who plagiarize are 'more likely' to engage in subsequent professional misconduct, which establishes a correlation or association between the two. However, it then leaps to a causal conclusion: 'Thus, a reduction of academic plagiarism will lead to a reduction of professional misconduct.' This conclusion assumes that academic plagiarism *causes* professional misconduct, and that by addressing the former, the latter will directly decrease. The premise only states an association, not a causal link. There could be other factors (e.g., a general predisposition towards dishonesty) that cause both plagiarism and professional misconduct, or the causal link could run in the opposite direction, or there might be no direct causal link at all.","This option points to the reliability of anonymous surveys. While self-reported data can sometimes be inaccurate, especially regarding misconduct, the argument's main logical flaw isn't in the truthfulness of the reports themselves. For the purpose of evaluating the argument's reasoning, we accept the premises as given. The flaw lies in how the conclusion is drawn *from* those premises, not in the soundness of the premises' acquisition.","This option describes an irrelevant premise flaw, which is not present here. The argument consistently discusses academic plagiarism and subsequent professional misconduct, which are directly related subjects within the context of student behavior and ethical practices. The premises are clearly relevant to the conclusion's topic.","This option suggests the argument presumes plagiarism is the *only* factor contributing to professional misconduct. The argument does not claim this. It merely states that a reduction in plagiarism will lead to a reduction in misconduct, implying plagiarism is *a* cause, but not necessarily the *exclusive* cause. If plagiarism were just one cause among many, reducing it could still lead to a reduction in overall misconduct without it being the sole factor.","This option describes a characteristic of the argument's premises rather than a flaw. The argument states that researchers 'have found that students who plagiarize are more likely' to engage in misconduct. This is presented as an observation or a finding, not something that is 'taken for granted' without support. The flaw isn't in asserting the prevalence difference, but in inferring causation from it.",This option accurately describes the flaw. The argument observes an 'association' (plagiarizers are more likely to engage in misconduct) and then 'infers the existence of a causal connection' (reducing plagiarism will reduce misconduct). This is precisely the logical error of assuming causation simply because two things are correlated. The argument doesn't provide additional evidence to establish the causal relationship.
borodulya/lsat128.s3.question-16.jy.mp4,128,3,16,"The argument establishes a causal chain: the primary task of a university is to educate (C). To teach well, professors must be informed about new developments (A), which requires research. However, many universities cannot adequately fund this research. The conclusion, signaled by ""So,"" states that this lack of funds adversely affects the degree to which a university can fulfill its central mission. This means that inadequate research funding negatively impacts the university's primary task of education. Option D best captures this conclusion.","<p>This option states that university professors must conduct research to teach well. This is presented in the argument as a premise, a necessary condition for effective teaching, not the ultimate conclusion of the entire argument.</p>","<p>This option states that a lack of financial support is the 'root' of ineffective teaching. While the argument indicates a negative impact, calling it 'the root' is too strong and suggests it's the sole or primary cause. The argument states it 'adversely affects the degree to which a university can fulfill its central mission,' which is a less absolute claim than being 'the root.'</p>","<p>This option states that effective teaching is the primary mission of a university. This is the opening statement of the argument, serving as a foundational premise, not the conclusion derived from the sequence of facts presented.</p>",<p>This option accurately paraphrases the conclusion. The argument states that a lack of funds for research 'adversely affects the degree to which a university can fulfill its central mission' (which is to educate). 'Reduces the quality of education a university provides' is an excellent summary of this adverse effect on the central mission of education.</p>,"<p>This option proposes a solution (new means of funding are needed) based on the problem identified in the argument. However, the argument's conclusion is a statement of the problem and its impact, not a recommendation for action. This goes beyond simply expressing the argument's conclusion.</p>"
borodulya/lsat128.s3.question-17.jy.mp4,128,3,17,"The environmentalist's argument is that other countries contemplating genetically altered food labeling should refrain from doing so. This is because the UK's recent law caused food producers to fear consumer avoidance, leading them to switch away from genetically altered ingredients. This, in turn, necessitates production alternatives that are dangerous and pesticide-intensive, which is bad for the environment. The core of the argument is an analogy: what happened with UK food producers (their reaction to the law) is expected to happen with food producers in other countries if they implement similar laws. Therefore, the environmentalist's advice to other countries depends on the assumption that food producers in those countries will react similarly to their UK counterparts.","This option states that people generally interpret labels as warnings. However, the environmentalist's argument hinges on the *food producers' fear* of how consumers *would* interpret the labels, which led the producers to change their practices. It's the producers' perception and reaction, not the actual general interpretation by consumers, that is central to the argument. Even if consumers didn't universally interpret them as warnings, if producers feared they would, their actions might still be the same. Thus, this is not a necessary assumption.","This option claims that almost all foods in the UK contained genetically altered ingredients before the law. The argument, however, doesn't depend on the prevalence of genetically altered foods *before* the law. It focuses on the *consequences* of instituting the law and the producers' response *after* it. Whether it was 'almost all' or a smaller percentage doesn't affect the environmentalist's warning about the *change* that the labeling law could trigger.","This is the correct answer. The environmentalist's argument uses the UK's experience as a basis for advising other countries. For this advice to hold, the environmentalist must assume that the food producers in those other countries will react in a similar way to the UK food producers—specifically, by fearing consumer avoidance and rushing to rid their products of genetically altered ingredients. If producers in other countries were *not* likely to react similarly, the environmentalist's warning would be unfounded, and the argument would collapse. This establishes the necessary parallelism between the UK and other countries.","This option suggests that warning labels on food products have proven effective in reducing consumption. While this might be a factor in *why* producers feared consumer avoidance, the environmentalist's argument relies on the producers' *fear and subsequent actions*, not necessarily the confirmed effectiveness of such labels in actual consumer behavior. The producers' preemptive switch, based on their fear, is sufficient for the argument; whether the labels were *actually* effective in reducing consumption is not explicitly required to sustain the argument.","This option states that countries instituting new food labeling regulations *often* experience a change in consumer eating habits. Similar to options A and D, the argument centers on the *producers' reaction* to the anticipated consumer response, not necessarily on a general statistical trend of actual consumer behavior change. The producers' fear of changing habits is what drove their actions, making this a tangential point and not a necessary assumption for the environmentalist's specific argument."
borodulya/lsat128.s3.question-18.jy.mp4,128,3,18,"The argument concludes that the education critics' contention about calculators undermining students' knowledge is false. The reasoning provided is that 'every new information-handling technology has produced virtually the same accusation,' citing Greek philosophers' belief that written language would erode memory. The core flaw is a faulty analogy or an appeal to history without establishing the relevance of the past instances. Just because similar accusations were made in the past doesn't automatically mean the current accusation is false; the circumstances and the truthfulness of the past accusations need to be critically examined and shown to be relevant.","<p>This option accurately identifies the flaw. The argument presents the historical parallel of past accusations against new technologies (like written language) as evidence. However, it does not establish the relevance of this past evidence to the current issue. For instance, the argument does not prove that the Greek philosophers' fears about written language were actually unfounded or that the potential effects of calculators on mathematical knowledge are truly analogous to the potential effects of written language on memory. Without establishing this relevancy, the historical examples do not logically prove the current critics' contention to be false.</p>","<p>This option suggests an ambiguous notion of 'knowledge' is used. While 'knowledge' can be a broad term, the argument consistently refers to 'students' knowledge of the rationale underlying calculational procedures.' There's no clear indication that the meaning of 'knowledge' shifts in a way that creates a logical fallacy in the argument. Therefore, this is not the most vulnerable aspect.</p>","<p>The argument does not discuss or take for granted the general advantages and disadvantages of new information-handling technologies. Instead, it focuses specifically on refuting a particular negative claim made by critics. It's not about whether the benefits outweigh the harms, but whether a specific harm (undermining knowledge) will occur. Thus, this option misrepresents the argument's scope.</p>","<p>This option describes confusing a sufficient condition with a necessary one. The argument's structure is not based on such a conditional error. It attempts to discredit a current claim by pointing to similar claims in the past, not by misinterpreting conditional statements of sufficiency or necessity related to the truth of the conclusion.</p>","<p>This option states that a hypothesis is concluded to be false because it contradicts other beliefs held by its advocates. The argument does not claim the critics' contention is false because it contradicts *their own* other beliefs. Instead, it compares the critics' current contention to *past accusations* made by *other people* (Greek philosophers) regarding *different technologies*. The argument implies that because similar accusations were made in the past, this current one must also be false, but it doesn't suggest that the current critics are contradicting their own established beliefs.</p>"
borodulya/lsat128.s3.question-15.jy.mp4,128,3,15,The core of this ,Pesticides that adversely affected most wildlife living in North America have been banned since the 1970s. While this answer choice requires some assumptions (that ,"Recently, attempts have been made in various parts of North America to protect deer habitats from suburban development. This option is significantly weaker than A. Firstly, ","The number of deer hunters in North America has decreased since the 1960s. This option directly contradicts a premise in the stimulus, which states that hunters kill ","Much of the increase in the population of wolves is due to wolves born in captivity and released into the wild. This option attempts to explain one of the factors contributing to the discrepancy (the rise in natural predators), but it does not resolve the discrepancy. The problem is that the deer population is increasing ","The greater the number of deer, the more likely they are to be afflicted with problems such as famine and disease. This statement describes a potential ecological consequence of a large deer population (density-dependent factors) but offers no explanation for "
borodulya/lsat128.s3.question-19.jy.mp4,128,3,19,"The question asks to identify a principle that best justifies Scott's evaluation of the psychiatrist's actions. Scott argues that the Hippocratic oath demands doctors ""never divulge"" patient information. He concludes that the psychiatrist violated the oath by releasing the poet's therapy session tapes, dismissing several potential mitigating circumstances as making ""no difference."" These dismissed circumstances include the release occurring after the poet's death, the recipient being the poet's official biographer, the poet's other works being confessional, and the poet having assured the psychiatrist that he could do with the tapes as he saw fit. Bonara, in contrast, suggests that written permission from the patient would be a legitimate carve-out and disagrees that these circumstances are irrelevant, therefore believing the psychiatrist did not violate the oath. To justify Scott's position, we need a principle that supports his strict, literal interpretation of ""never divulge"" and reinforces that none of the mentioned circumstances are legitimate exceptions to the confidentiality rule.","<p><b>Restrictions on the release of patient information by psychiatrists are not binding after the patient's death, since after death a person can no longer suffer harm.</b></p><p>This principle contradicts Scott's argument. Scott explicitly states that the poet's death makes ""no difference"" to the violation. If accepted, this principle would suggest that releasing the tapes after death is permissible, which would justify the psychiatrist's actions and thus help Bonara, not Scott.</p>","<p><b>Once a patient has granted a psychiatrist permission to release confidential information, that information can be released to anyone at the psychiatrist's discretion.</b></p><p>This principle also contradicts Scott's argument. Scott dismisses the fact that the poet had ""assured the psychiatrist that he could do with the tapes as he saw fit"" as making ""no difference."" This option would validate patient permission as a carve-out, thereby justifying the psychiatrist's actions and helping Bonara.</p>","<p><b>Since a psychiatrist could influence a patient's opinions during therapy, any directives to the psychiatrist by the patient must be interpreted in the light of the patient's actions outside the therapeutic setting.</b></p><p>This principle starts by acknowledging the potential for influence, which could undermine the validity of a patient's directive (like the poet's permission). However, it then states that directives should be interpreted in light of actions outside therapy. The only outside action mentioned is the poet's confessional works. If the directive to release aligns with the poet's confessional nature, it might validate the release, which would go against Scott's stance that all circumstances are irrelevant. Therefore, this option does not definitively support Scott's absolute position.</p>","<p><b>Since any psychiatrist's divulging to the public information about a patient could undermine the trust of other patients in their psychiatrists, no patient can release a psychiatrist from the obligation to keep patient information confidential.</b></p><p>This principle strongly supports Scott's position. It provides a foundational reason (maintaining trust in the psychiatric system) why the confidentiality rule must be absolute. By stating that ""no patient can release a psychiatrist from the obligation,"" it directly counters the idea that patient permission or other circumstances create legitimate carve-outs. This reinforces Scott's argument that even if the patient consented, or was deceased, the obligation to secrecy remains paramount to protect the broader public trust in the profession.</p>","<p><b>If a patient has expressed an intention to make public information about himself or herself that is in a psychiatrist's possession, the psychiatrist is released from the obligation to keep that information confidential.</b></p><p>Similar to option B, this principle suggests that a patient's expressed intention could release the psychiatrist from confidentiality. This again contradicts Scott's unwavering stance that such circumstances make ""no difference"" to the Hippocratic oath's demand of absolute non-divulgence. This would help Bonara's argument.</p>"
borodulya/lsat128.s3.question-20.jy.mp4,128,3,20,"Professor Gandalf's principle states that all political systems that *aim* at preventing conflict are legitimate. The author attempts to refute this by arguing that totalitarian systems are illegitimate but are *usually good at preventing conflict*. The crucial gap in the author's argument is that merely being 'good at preventing conflict' does not mean the system *aims* at preventing conflict. For the author's argument to logically lead to the conclusion that Gandalf's principle is false, there must be at least one totalitarian system that *aims* at preventing conflict. This would create a counterexample: a system that aims at preventing conflict but is illegitimate, thus falsifying Gandalf's principle. Option C bridges this gap by providing this necessary assumption.","<p>This option is irrelevant. Professor Gandalf's principle focuses on political systems that *aim* at preventing conflict. What happens with systems that *do not aim* at preventing conflict, whether they are legitimate or not, does not directly impact the truth or falsity of Gandalf's stated principle or the author's specific counter-argument.</p>","<p>This option states that if a totalitarian political system prevents conflict, such prevention is *only incidental* to its true aims. If this were true, it would *weaken* the author's argument, not strengthen it. The author needs totalitarian systems to *aim* at preventing conflict to contradict Gandalf's principle. If the prevention is merely incidental, then the condition ('aim at preventing conflict') for Gandalf's principle is not met, and thus, the totalitarian system wouldn't serve as a counterexample.</p>","<p>This is the correct answer and the necessary assumption. The author's argument points out that totalitarian systems are illegitimate and are good at preventing conflict. To show that Gandalf's principle ('all systems that aim at preventing conflict are legitimate') is false, the author needs to connect the 'prevention of conflict' by totalitarian systems to their 'aim.' If at least one totalitarian system *aims* at preventing conflict, then this illegitimate system would directly contradict Gandalf's principle, making the principle false.</p>",<p>This option is irrelevant. It discusses political systems that *fail* to prevent conflict. Gandalf's principle and the author's counter-argument are concerned with systems that *do* prevent conflict (or at least aim to). Whether systems that fail to prevent conflict are legitimate or not is outside the scope of the current discussion.</p>,<p>This option is irrelevant. The author's argument specifically uses *totalitarian* political systems as a counterexample to Gandalf's principle. Information about the legitimacy of *non-totalitarian* systems does not support or weaken the author's argument concerning totalitarian systems and Gandalf's principle.</p>
borodulya/lsat128.s3.question-21.jy.mp4,128,3,21,"<p>The musicologist explains that Ludwig van Beethoven began losing his hearing at age 30, a loss that continued gradually and became complete late in his life. While hearing loss might seem like a severe liability for a composer, in Beethoven's specific case, it imparted a ""wonderfully introspective quality"" to his later music that his earlier music lacked. The question asks for the statement most strongly supported by these claims.</p>","<p>This option claims it was ""more difficult"" for Beethoven to compose. The passage does not support this. It acknowledges that complete hearing loss ""may seem a severe liability"" (implying difficulty), but it does not confirm that it *was* more difficult for Beethoven to compose. Instead, it focuses on the *quality* his music gained, not the ease or difficulty of its creation.</p>","<p>This option states that Beethoven's later music would have been of ""poorer quality."" The passage indicates that the hearing loss gave his later music a ""wonderfully introspective quality."" While this specific quality might have been absent without the hearing loss, the passage doesn't suggest that the alternative would inherently be of ""poorer quality."" It could have simply been a different kind of music, not necessarily inferior.</p>","<p>This option shifts the focus from Beethoven's *music* to Beethoven's *personal character*, claiming he ""would have been less introspective."" The passage explicitly states that the hearing loss gave his *music* an introspective quality. It doesn't provide information to support a claim about Beethoven's personal introspection or disposition.</p>","<p>This option suggests that Beethoven's music ""became gradually more introspective as he grew older."" The passage states that the hearing loss itself ""continued gradually"" and was not complete until ""late in his life."" It then says this complete hearing loss ""gave his later music a wonderfully introspective quality."" While the hearing loss was gradual, the passage doesn't specify that the introspective quality emerged gradually or at the same pace as the hearing loss. It could have developed more fully once the loss was complete. Thus, ""gradually more introspective"" is not directly supported.</p>","<p>This option claims that had he not lost his hearing, Beethoven's later music ""would probably have been different."" This is strongly supported. The passage directly states that the complete hearing loss *gave* his later music a wonderfully introspective quality that his earlier music lacked. If the cause (hearing loss) was removed, the effect (the unique introspective quality) would also likely be removed or altered, thus making the music different from what it became.</p>"
borodulya/lsat128.s3.question-22.jy.mp4,128,3,22,"The critic argues that historians don't discover patterns inherent in events, but rather impose patterns by selectively including and excluding information. This act of imposing patterns, the critic concludes, reveals more about the historians' underlying presuppositions than about what actually happened. For this conclusion to hold, there must be a direct link between the patterns a historian chooses to impose and their presuppositions. Specifically, the patterns they impose must be influenced or affected by those presuppositions. Without this connection, the imposed patterns would not serve as indicators or revelations of the historian's biases.","The critic's argument focuses on how individual historical narratives reflect the individual historian's presuppositions. Whether historians share similar presuppositions or not is irrelevant to the core claim that a given historian's choices are influenced by their own biases. Therefore, this is not a necessary assumption.","The critic's premise is that historians *actually impose* patterns, rather than merely finding them. The conclusion follows from this premise: if patterns are imposed, then they reflect the imposer's biases. The argument does not depend on whether it's *possible* to objectively determine if a pattern is truly inherent. Even if such certainty were possible, it wouldn't negate the critic's claim about what histories *currently* reveal when historians impose patterns based on their choices.",This option specifies a particular type of presupposition (that patterns describe many eras) which is too narrow. The critic's argument is general: *any* presuppositions underlying a historian's attempt to understand events will be revealed through the patterns they impose. The specific content or scope of those patterns is not a necessary assumption for the argument to function.,"The critic's argument is about what historical narratives *reveal* regarding historians' presuppositions, not about whether historians are consciously *aware* of these biases. A historian could be unaware of their own presuppositions, but those presuppositions could still influence the patterns they impose, leading to the same conclusion about what their work reveals. Therefore, awareness or lack thereof is not a necessary assumption.","This is the necessary assumption. If the patterns a historian imposes upon events were *not* affected by their presuppositions, then the core link in the critic's argument would be broken. The conclusion states that histories reveal presuppositions, which logically requires that the imposed patterns (the observable output of the historian's work) are indeed a manifestation or consequence of those presuppositions. Negating this statement directly undermines the critic's conclusion."
borodulya/lsat128.s3.question-24.jy.mp4,128,3,24,"The historian's argument attempts to refute two criticisms of the revolutionary party: having overambitious goals and causing great suffering. To counter the first, the historian states that most goals were quickly achieved. To counter the second, the historian states the party lacked the power to cause the *great* suffering claimed by critics. The conclusion then states the party was *not* overambitious and caused *no* suffering. The flaw lies in the leaps made from the premises to the conclusions. Specifically, achieving most goals quickly doesn't definitively prove goals weren't overambitious, and lacking power for *great* suffering doesn't mean *no* suffering was caused at all. The argument fails to establish its conclusions based on the provided premises.","<p>This option suggests the responses to the two criticisms are mutually inconsistent. However, the responses (goals quickly achieved; lacked power for great suffering) are not logically contradictory; they are simply insufficient to prove the conclusions drawn by the historian.</p>","<p>This is the correct answer. The argument states that the party did not have enough power to cause *the* suffering (referring to 'great suffering' mentioned by critics). From this, it concludes that the party caused *no* suffering. This is a clear flaw: not being able to cause *great* suffering does not mean one caused *no* suffering whatsoever. The argument fails to establish the complete absence of suffering.</p>","<p>This option introduces an external idea about critics underestimating the party's power. The argument itself does not hinge on the critics' estimation of power, but rather on the party's actual capabilities and actions. Therefore, this is not a flaw in the historian's reasoning.</p>","<p>This option claims the argument provides *no evidence* that the party's goals were not overambitious. This is incorrect because the premise that 'most of the party's goals were quickly achieved' is presented as *some* evidence, however weak, to support the idea that the goals were not overambitious. While this evidence might not be definitive, it is not 'no evidence'.</p>","<p>This option points to a failure to consider other criticisms. While arguments can be weak for ignoring other relevant points, this is not the specific logical flaw identified within the structure of this argument, which makes a conclusion based on provided premises that do not fully support it. The argument's flaw is internal to its stated premises and conclusions.</p>"
borodulya/lsat128.s3.question-25.jy.mp4,128,3,25,"The argument establishes a principle: withholding painful information is sometimes justified, but not if the person would benefit from having it. The conclusion is that Jane should inform Jason about his supervisor's displeasure because knowing this fact would enable Jason to improve his supervisor's opinion. For this conclusion to logically follow from the principle, the argument must assume that improving his supervisor's opinion is indeed a benefit to Jason. This bridges the gap between 'enabling improvement' and 'benefiting from information'.","This option discusses a negative consequence of not telling Jason. While it might be true that Jason's situation would worsen, the core of the argument's conclusion rests on the *benefit* of receiving the information, specifically that it *enables improvement*. This option doesn't directly connect 'enabling improvement' to 'benefit'.","This option considers whether Jason would discover the information through other means. The argument's focus, however, is on the *benefit* of having the information once known, not on the exclusivity of Jane's role in conveying it. Whether Jason would never find out otherwise is not a necessary assumption for the argument to link 'enabling improvement' to 'benefit'.","This option suggests Jason's emotional response (gratitude). While gratitude might be a positive outcome, it's not the 'benefit' that the argument's principle hinges on. The principle refers to a substantive benefit that removes justification for withholding, which in this context is the ability to improve his work relationship, not just an emotional reaction.","This option implies that Jason could improve his supervisor's opinion without Jane's information. This would weaken the premise that *knowing* enables improvement, but it doesn't represent a necessary assumption *for the existing argument's logic* that states knowing *would* enable improvement and therefore Jane *should* tell him. The argument assumes that if he *is* enabled to improve, that is a benefit.","This option states the crucial missing link. The argument concludes Jane *should* tell Jason because knowing would *enable* him to improve his supervisor's opinion. The principle dictates that information should not be withheld if the person would *benefit* from it. Therefore, for the argument to be sound, it must assume that 'being able to improve his supervisor's opinion of his work' constitutes a 'benefit' for Jason. This directly connects the action enabled by the information to the condition under which withholding is not justified."
borodulya/lsat128.s3.question-23.jy.mp4,128,3,23,"<p>The main argument presents two councillors and a proposal. Councillor Miller opposes all proposals to raise taxes. Councillor Philopoulos supports increased funding for schools, which in this area is funded entirely by property taxes. The argument concludes that Miller will oppose this specific proposal because it involves raising taxes, which is consistent with her general stance. The flaw lies in the conclusion regarding Philopoulos: that he will support Councillor Callari's proposal to increase school funding by raising property taxes. This is a flawed deduction. While Philopoulos supports increased funding for schools and schools in the area are funded by property taxes, it does not necessarily follow that he supports the *method* of raising property taxes to achieve this increased funding. He might support the goal but prefer alternative funding mechanisms, or he might not be aware that property taxes are the sole funding source, or he might simply oppose raising property taxes despite his desire for better-funded schools. The argument makes an unwarranted assumption that support for a general goal automatically translates into support for a specific, potentially undesirable, means to achieve that goal.</p>","<p>This option states that Tara finds Ms. Burke's English class (which has paper assignments but no exams) easier than Mr. Kent's English class (which has exams but no paper assignments). It then concludes that Tara finds it easier to write a paper than to take an exam. The flaw here is similar to assuming that a preference for a class *overall* implies a preference for *one specific component* of that class. However, the original argument makes a stronger flawed deduction about supporting a specific *means* to an *end goal*, whereas this option deduces a preference for an *action* from a preference for a *class environment*. It's not the closest parallel.</p>","<p>This option presents two individuals: Jane and Denise. Jane refuses to live downtown (paralleling Miller opposing all proposals to raise taxes). Denise wants to rent a penthouse apartment (paralleling Philopoulos supporting increased funding for schools). The context is added that penthouse apartments in the Joliet Towers complex are downtown (paralleling school funding being entirely from property taxes). The conclusion states that Jane will not rent one of the penthouse apartments in the Joliet Towers complex downtown (consistent with Jane's stance, like Miller's) *but* Denise will rent one of those apartments. The flaw for Denise is a direct parallel to Philopoulos: Denise wants a penthouse, but it doesn't logically follow that she will rent a *downtown* penthouse. Her desire for a penthouse might not extend to a downtown location, or she might have other preferences that conflict with living downtown. This option makes the same flawed assumption that a general desire (wanting a penthouse/increased school funding) translates into support for a specific means (renting a downtown apartment/raising property taxes) even if that specific means could be undesirable or unnecessary.</p>","<p>This option states that Mayor Watson promised never to support an increase in public transportation fares. It then concludes that he will oppose a new proposal to improve public transportation by doubling fares. This is a sound and consistent deduction. If he promised never to support an increase, he will oppose a proposal that doubles fares. There is no flawed reasoning present here, and it only involves one actor, unlike the original argument's dual-actor flawed structure.</p>","<p>This option states that Ed dislikes any food that is extremely sweet (paralleling Miller opposing all tax increases). It then states that Bill likes most extremely sweet food (paralleling Philopoulos supporting increased school funding). The conclusion states that Ed will dislike these extremely sweet brownies (consistent, like Miller's opposition) but Bill will *probably* like them. The use of ""probably"" makes Bill's part a reasonable probabilistic inference based on liking ""most"" extremely sweet food. This is not a flawed deductive argument; it's a sound inductive one. Therefore, it does not exhibit the same type of flawed reasoning as the original argument.</p>","<p>This option states that in the past, citizens of Lake County have voted down every proposal to increase property taxes. It concludes that these citizens will *probably* vote down the new proposed increase in property taxes. Similar to option D, this is an inductive argument that uses past trends to make a probabilistic prediction about future behavior. The conclusion uses ""probably,"" indicating a weaker, non-deductive inference, which is not the type of flaw found in the original argument (a flawed deductive leap). Furthermore, it only features one collective actor and lacks the parallel structure of the original argument.</p>"
borodulya/lsat127.s3.question-01.jy.mp4,127,3,1,"William's argument commits a fallacy of relevance. He dismisses Pliny the Elder's claim about rainbows (which Anna cites) not by addressing the scientific validity of that specific claim, but by pointing out other, unrelated, and clearly false claims made by Pliny (dog-headed people, snail cures for headaches). William assumes that because Pliny was wrong about some things, he must be wrong about everything, including the observation about rainbows. This is an invalid inference; the truth or falsity of Pliny's other assertions has no bearing on the accuracy of his observations regarding rainbows.","This option is incorrect because William does not distort Anna's conclusion. Anna merely states a claim made by Pliny; William directly challenges the credibility of Pliny based on unrelated assertions, rather than misrepresenting Anna's statement about rainbows.","This option is incorrect. William's argument implies that Pliny's reports on dog-headed people and snail cures are factually incorrect or fantastical, leading William to doubt Pliny's general reliability. It doesn't necessarily accuse Pliny of acting in 'bad faith' or deliberately lying, but rather of being prone to error or reporting unverified information, making him an unreliable source.","This option is correct. William's argument is flawed because it illicitly infers that Pliny's assertion about rainbows is incorrect solely because he made other, unrelated, incorrect assertions (about dog-headed people and snail cures). This is a classic example of an ad hominem fallacy or a fallacious appeal to an authority's general credibility rather than addressing the specific claim at hand.","This option is incorrect. William explicitly states that Pliny's claim 'cannot be correct,' indicating that he *rejects* Pliny's assertion, not accepts it. His argument is built on discrediting Pliny, not on accepting his views.","This option is incorrect. William's criticism of Pliny's writings is based on the fantastical and incorrect nature of some of Pliny's specific assertions (dog-headed people, snail cures), not simply because the writings are ancient or 'too outdated.' The age of the writings is mentioned by Anna, but William's reason for rejection targets the content, not the age itself."
borodulya/lsat127.s3.question-02.jy.mp4,127,3,2,"The shareholder provides several statements about the company's operations and potential expansion areas. First, current operations are ","This option is not strongly supported. The stimulus states that current operations are time-proven successes and that moving into food services *may siphon off funds needed* by these operations. This suggests that the current operations require *some* funding to continue their success, but it does not specify that they require *increased* funding. They might simply need their current level of funding to be maintained, which would be threatened by the food service venture.","This option is not strongly supported. The stimulus mentions that food services may siphon off funds needed by other operations. However, it provides no information about whether an investment into pharmaceuticals would or would not siphon off funds from other operations. The absence of information does not allow us to conclude definitively that it would *not* siphon off money.",This option is not strongly supported. The stimulus states that the food service industry is ,This option is not strongly supported. The stimulus indicates that current operations are ,This option is strongly supported. The shareholder explicitly states that the 
borodulya/lsat127.s2.question-24.jy.mp4,127,2,24,"<p>The argument begins by noting that over 40,000 lead seals from the early Byzantine Empire exist today. It states that, with the exception of rare cases where a seal authenticated an important document, most seals served their purpose when the document they were affixed to was opened. Since lead was not expensive but also not free, it is inferred that most lead seals would have been recast once they had served their purpose. Based on these premises, the argument concludes that the total number of early Byzantine documents sealed must have been many times greater than the number of lead seals remaining today.</p><p>The core of the argument relies on a causal chain: documents were sealed with lead seals -> most seals served their purpose when the document was opened -> once their purpose was served, the seals were recast (melted down and reused). If a single piece of lead could be recast and used to seal multiple documents over time, then the cumulative number of documents sealed would naturally be much higher than the number of physical lead seals that exist at any one time or remain today. The key assumption bridging the premises to the conclusion is that the seals actually *did* serve their purpose by being *opened* and subsequently *recast* frequently.</p><p>Option A directly addresses this assumption. By stating that ""Most of the lead seals produced during the early Byzantine Empire were affixed to documents that were then opened during that period,"" it confirms that the seals indeed served their purpose. If their purpose was served, then, according to the argument's premises, they would have been recast. This strengthens the link between the recasting of lead and the higher number of sealed documents compared to existing seals, making the conclusion more likely.</p>","<p><b>Most of the lead seals produced during the early Byzantine Empire were affixed to documents that were then opened during that period.</b> This statement directly supports the implicit assumption that seals were opened and thus served their purpose. If seals were opened, they would likely have been recast, meaning the lead was reused for multiple documents. This directly strengthens the argument that many more documents were sealed than the number of seals remaining today.</p>","<p><b>Most of the lead seals produced during the early Byzantine Empire were affixed to documents that have since been destroyed.</b> This option talks about the fate of the *documents*, not the seals. Even if the documents were destroyed, it doesn't tell us whether the seals were opened or what happened to the lead seals themselves. The seals could have been destroyed with the documents or simply discarded without being recast. This does not clarify the crucial step of recasting and therefore does not strengthen the argument.</p>","<p><b>The amount of lead available for seals in the early Byzantine Empire was much greater than the amount of lead that remains in the seals today.</b> This statement compares the total lead supply during the empire to the lead in currently existing seals. While it indicates a large original supply, it doesn't explain *why* the number of *documents sealed* would be many times the number of *remaining seals*. It doesn't confirm the widespread recasting of seals based on their purpose being served. This is largely irrelevant to the argument's core logic.</p>","<p><b>During the time of the early Byzantine Empire there were at most 40,000 documents of enough importance to prevent the removing and recycling of the seal.</b> This refers to the ""rare cases"" mentioned in the premise, where seals authenticated important documents and were *not* recast. By stating there were at most 40,000 such documents, it doesn't tell us anything about the vast majority of seals that were *not* of special importance. It doesn't confirm that these common seals were opened and recast. Furthermore, if the total count of *all* documents (important or not) was at most 40,000, it would contradict the conclusion that many times more documents were sealed than seals remain.</p>","<p><b>During the time of the early Byzantine Empire there were fewer than 40,000 seals affixed to documents at any given time.</b> This statement refers to a snapshot of seals in use at a single point in time, not the cumulative total over the entire period of the empire. The argument is about the total number of documents sealed over time compared to the *remaining* seals, with recasting being a key factor. The number of seals affixed at any given time is irrelevant to whether lead was repeatedly recast to seal many documents.</p>"
borodulya/lsat127.s3.question-03.jy.mp4,127,3,3,"Mariah's argument is that Adam should not judge the essay contest. While she acknowledges Joanna's initial argument about potential bias due to classmates participating, Mariah weakens this by pointing out that essays are anonymous and Adam's friends are not his classmates. However, Mariah still concludes that Adam should not judge, but on different grounds: he has no experience in critiquing essays. The question asks for a principle that justifies Mariah's argument, meaning a principle that links 'no experience' to 'should not judge'.","This option suggests that a suspicion of bias is insufficient to disqualify someone. This point is used by Mariah to *weaken* Joanna's original argument regarding bias. However, it does not justify Mariah's *own* conclusion that Adam should not judge based on his lack of experience. It simply removes one reason for disqualification, but Mariah still arrives at the same conclusion for a different reason.","This principle states that expertise should be the primary prerequisite for serving as a contest judge. Mariah's argument concludes that Adam should not judge because 'Adam has no experience in critiquing essays.' If expertise is a primary prerequisite, and Adam lacks it, then this principle directly justifies Mariah's conclusion. This aligns perfectly with the new grounds Mariah introduces for disqualification.","This option argues that a judge's ability to make objective decisions is more important than content expertise. Mariah's argument for disqualifying Adam is based on his *lack of experience/expertise*, not a lack of objectivity. If objectivity were more important, and the essays are anonymous (reducing bias), this principle would not necessarily lead to disqualifying Adam for lack of experience, and might even suggest he *could* judge if he is objective. This does not justify Mariah's specific argument based on experience.","This principle suggests that fairness concerns should override concerns for appropriate expertise. This directly contradicts Mariah's reasoning. Mariah *dismisses* the fairness/bias concerns raised by Joanna and instead pivots to the importance of expertise (or lack thereof) to justify her conclusion. Therefore, this option would undermine, not justify, Mariah's argument.","This principle states that a judge, no matter how well qualified, cannot judge properly if the possibility of bias exists. This principle would strengthen Joanna's original argument about bias. Mariah, however, weakens the bias premise by pointing out the anonymity of essays and that Adam's friends are not his classmates. This option is contrary to Mariah's strategy of dismissing bias as a significant factor in *this specific case* and introducing a new reason for disqualification."
borodulya/lsat127.s3.question-04.jy.mp4,127,3,4,"<p>The core of the argument is this: the manufacturers claim NoSmoke reduces cravings. A study showed that the main ingredient doesn't reduce cravings. Since NoSmoke only has two ingredients, the argument concludes that if the second ingredient also doesn't reduce cravings, then NoSmoke as a whole doesn't reduce cravings. This is a classic logical fallacy where one assumes that what is true of the parts must also be true of the whole, or vice-versa. In this case, it assumes that if individual ingredients don't work, the combination can't work. However, it's entirely possible that the two ingredients work synergistically when combined to reduce cravings, even if neither works on its own.</p>","<p>This option accurately identifies the fallacy of composition (or part-to-whole fallacy). The 'quality' in question is the ability to reduce cravings. The argument presumes that if individual 'parts' (the ingredients) lack this quality (don't reduce cravings), then the 'whole' product (NoSmoke) must also lack this quality. This is flawed because the combined effect of ingredients can be different from their individual effects.</p>","<p>This option describes a correlation-causation fallacy. The argument, however, doesn't confuse correlation with causation. The study directly tests the effect of an ingredient, implying a causal link is being investigated (or its absence). The flaw isn't in misinterpreting a correlation, but in generalizing from parts to a whole.</p>","<p>This option refers to an unrepresentative sample. The argument states 'smokers given the main ingredient' but provides no information to suggest that this group of smokers is unrepresentative of the general population of smokers. The flaw lies not in the sample itself, but in the logical jump from the ingredient's effect to the product's overall effect.</p>",<p>The manufacturers' claim is specifically that their product 'reduces smokers' cravings for cigarettes.' The argument addresses this specific claim. The possibility that NoSmoke might help people quit smoking in other ways is outside the scope of the claim being evaluated and is therefore irrelevant to the flaw in the given reasoning.</p>,"<p>This option describes an ad hominem fallacy, where the truth of a claim is dismissed based on the bias of the person making it. The argument does not rely on the manufacturers' potential bias to conclude that NoSmoke's claim is false. Instead, it attempts to use evidence about the product's ingredients to reach its conclusion, albeit fallaciously.</p>"
borodulya/lsat127.s3.question-06.jy.mp4,127,3,6,"The executive's argument involves comparing two types of advertisements: print ads and website ads. While there is no direct information about consumer response to print ads, there is data available for website ads, which showed a much more limited response than typical. Based on this information about the website ads, the executive concludes that consumer response to the print ads was also probably below average. This is a form of analogical reasoning, where conclusions about an unknown case are drawn based on a similar, known case.","<p>This option states that the reasoning ""bases a prediction of the intensity of a phenomenon on information about the intensity of that phenomenon's cause."" The executive's conclusion is about the intensity of consumer response to print ads, but it is not based on the *cause* of the print ads (e.g., the marketing department). Instead, it's based on the intensity of consumer response to a *similar* phenomenon (website ads). Therefore, this option mischaracterizes the relationship between the known information and the predicted phenomenon.</p>","<p>This option claims the reasoning ""uses information about the typical frequency of events of a general kind to draw a conclusion about the probability of a particular event of that kind."" This is incorrect because the print ad is not a particular instance of a general online ad; rather, the print and online ads are considered similar or analogous instances of advertisements. The argument is not a generalization from many specific observations to a general rule, nor is it applying a general rule to a particular instance. It's a comparison between two distinct but similar cases.</p>","<p>This option suggests the reasoning ""infers a statistical generalization from claims about a large number of specific instances."" The executive's argument is not a statistical generalization. It doesn't involve observing a large sample of print ads to infer a general characteristic about all print ads. Instead, it takes data from one specific type of ad (website) and applies it to another specific, but analogous, type of ad (print).</p>","<p>This option accurately describes the executive's reasoning: ""uses a case in which direct evidence is available to draw a conclusion about an analogous case in which direct evidence is unavailable."" The case where direct evidence is available is the consumer response to the website ads. The analogous case where direct evidence is unavailable is the consumer response to the print ads. The executive uses the former to draw a conclusion about the latter, fitting this description perfectly.</p>","<p>This option states that the reasoning ""bases a prediction about future events on facts about recent comparable events."" While the executive's conclusion is a prediction, it's not necessarily about *future* events in a temporal sense, but rather about an *unobserved* (or currently unknown) analogous situation (the print ad response). The core of the argument is the analogy between the two types of ads, not a prediction of future outcomes based on past trends.</p>"
borodulya/lsat127.s3.question-05.jy.mp4,127,3,5,"The gardener's main argument is that the researchers' advice to grow certain weeds to repel caterpillars is premature. This is because, even though the weeds might repel caterpillars, they can also deplete soil nutrients and moisture, and attract other damaging pests. Therefore, the gardener concludes that caution is needed regarding this practice.","<p>This option states that we should eliminate the use of insecticides. While the gardener mentions that avoiding unnecessary use of insecticides is wise, this is a general statement and not the main conclusion of *this specific argument*. The gardener's focus is on the specific advice regarding weeds and its potential downsides, not a broad call for insecticide elimination.</p>","<p>This option describes one of the premises supporting the gardener's main conclusion. The gardener states that growing certain weeds ""might even attract other kinds of damaging pests,"" which is a reason *why* the advice is premature. It is not the main conclusion itself, but rather a supporting point.</p>","<p>This option reflects the *researchers'* advice, which the gardener is critiquing. The gardener introduces this as the view of others (""Researchers encourage us..."") before presenting their own counter-argument. Thus, it's not the gardener's main conclusion.</p>","<p>This option most accurately expresses the gardener's main conclusion. The gardener states that the researchers' advice to grow certain weeds is ""premature"" due to various potential negative consequences (depleting nutrients/moisture, attracting other pests). This directly translates to needing to be cautious about the practice of allowing these weeds to grow.</p>","<p>This option suggests skepticism about the weeds' ability to repel caterpillars. However, the gardener explicitly *concedes* that the weeds can repel caterpillars (""because they can repel caterpillars""). The gardener's argument for the advice being premature is based on other negative impacts of the weeds, not on questioning their caterpillar-repelling efficacy.</p>"
borodulya/lsat127.s3.question-07.jy.mp4,127,3,7,"The core phenomenon to explain is why the plover population plummeted dramatically after the coyotes, which were thought to be decimating the plovers, were removed. The key insight is that coyotes preyed on both wild cats and plovers. The conservation officers only focused on coyotes preying on plovers. However, coyotes were also suppressing the wild cat population. When the coyotes were removed, the wild cat population likely increased significantly, and since wild cats also prey on plovers, this led to the dramatic decline in the plover population. This is a classic example of a trophic cascade or indirect effect in an ecosystem.","<p>This option states that plovers are ground-nesting birds and easy prey for coyotes. While this is consistent with the initial observation that coyotes preyed on plovers, it does not explain why the plover population *plummeted* after the coyotes were removed. If anything, removing their predators (coyotes) should have helped the plover population, not caused it to decline. Therefore, this option alone does not resolve the paradox.</p>","<p>This option suggests that wild cat and plover populations tend to fluctuate together. If they fluctuate together, then an increase in wild cats would mean an increase in plovers, and a decrease in wild cats would mean a decrease in plovers. This relationship does not explain why the plover population would plummet after coyotes were removed. In fact, if wild cats were indirectly benefitting plovers (causing them to fluctuate together), removing coyotes (which prey on wild cats) might lead to more wild cats and thus more plovers, contradicting the observed plummet. Therefore, this option does not explain the phenomenon.</p>",<p>This option states that coyotes are not susceptible to diseases that infect plovers or wild cats. This information is irrelevant to the observed decline in the plover population after the coyotes were removed. It does not describe any ecological interaction or event that would lead to the paradoxical outcome.</p>,"<p>This option provides historical information about the wild cat population. While it's interesting to know that the wild cat population was once larger, it does not explain the immediate and dramatic plummet of the plover population *after* the coyotes were removed. The past state of the wild cat population does not directly resolve the current ecological puzzle.</p>","<p>This option provides the crucial missing piece of information. If coyotes preyed mainly on wild cats, and wild cats prey on plovers, then the coyotes were indirectly protecting the plovers by keeping the wild cat population in check. When the coyotes were removed, the wild cat population would likely increase due to the absence of their main predator. These increased wild cats would then heavily prey on the plovers, causing the plover population to plummet. This perfectly explains the phenomenon described in the stimulus.</p>"
borodulya/lsat127.s3.question-08.jy.mp4,127,3,8,"The economist's argument centers on two methods for companies to cut personnel costs during a recession: laying off some employees (Method 1) or reducing wages for all (Method 2). The core premise is that both damage morale, but layoffs damage morale less. The conclusion is that companies are therefore likely to choose layoffs. To strengthen this reasoning, one must affirm that employee morale is a critical factor, making the choice that damages morale less the preferred option.","This option directly strengthens the economist's reasoning. By stating that 'Employee morale is usually the primary concern,' it validates the implicit assumption that morale is not just a factor, but the *most important* factor, in a company's decision between these two options. If morale is the primary concern, and layoffs are established as damaging morale less, then the conclusion that companies will opt for layoffs becomes much more robust.",This option discusses increasing wages and the difficulty of finding qualified employees under different circumstances (when companies are unable to find enough qualified employees). This is irrelevant to the current context of *reducing* personnel costs during a recession and does not help strengthen the choice between layoffs or wage reductions based on morale.,This option talks about some companies being unable to make a profit regardless of cost reductions. This addresses overall business viability rather than the specific decision-making process between layoffs and wage reductions for companies that *can* cut costs. It does not strengthen the economist's reasoning about *which* method of cost reduction is preferred.,"This option states that employees usually resign when wages are reduced. While resignation implies a negative consequence of wage reduction (Method 2), and could potentially make layoffs (Method 1) seem more appealing, the video emphasizes that one should not make unwarranted assumptions about whether this is a 'good thing or a bad thing' (e.g., losing unproductive vs. essential employees). Without further information, it doesn't definitively strengthen the argument in favor of layoffs over wage reductions based on the stated morale premise.","This option describes a potential negative consequence of layoffs: difficulty finding qualified employees *once economic growth resumes*. This future concern would actually *weaken* the argument for choosing layoffs, as it suggests a long-term cost to Method 1. It does not strengthen the immediate reasoning for preferring layoffs during a recession."
borodulya/lsat127.s3.question-09.jy.mp4,127,3,9,"<p>The core of this argument is that the rise of chain bookstores led to a decrease in independent bookstores, which in turn prevented the variety of readily available books from growing. The conclusion drawn is that this outcome is a ""detriment of book consumers.""</p><p>To connect the premise (reduced variety of books) to the conclusion (detriment to consumers), the argument relies on the assumption that a greater variety of books is generally beneficial or preferred by book consumers. If consumers don't care about variety, or if less variety is actually better for them for some reason, then the ","<p>This option states that book consumers would be better off with a greater variety of books. This is a necessary assumption. If consumers were NOT better off with more variety (i.e., they were indifferent or worse off), then the argument's premise that the reduction in variety is a 'detriment' would fall apart. Therefore, for the conclusion to hold, the argument must assume that variety is a good thing for consumers.</p>","<p>This option suggests that independent bookstores do not sell the same kinds of books as chain bookstores. If we negate this, meaning independent bookstores *do* sell the same kinds of books, the argument isn't necessarily undermined. Even if there's overlap, the overall reduction in independent bookstores could still lead to less overall variety if independent stores also offered unique selections. The argument isn't about the distinctness of stock, but the overall growth of variety being hampered. Therefore, this is not a necessary assumption.</p>","<p>This option discusses the average size of bookstores. The argument is concerned with the number of independent bookstores and the variety of books, not the physical size of the stores. This is irrelevant to the argument's conclusion.</p>","<p>Similar to option C, this option discusses the average size of bookstores, which is irrelevant to the argument's focus on variety and consumer detriment.</p>","<p>This option brings in the concept of low prices versus wide selection. The argument does not mention prices at all; it focuses solely on the variety of books. Whether consumers prioritize low prices over selection, or vice versa, is outside the scope of the given premises and conclusion. Therefore, this is not a necessary assumption.</p>"
borodulya/lsat127.s3.question-10.jy.mp4,127,3,10,"The concert promoter's argument aims to refute critics' claims that their concert series lacks popular appeal. The promoter attempts to do this by pointing out that income from t-shirt and memorabilia sales at their concerts is equal to or greater than that for similar sales at comparable series. The fundamental flaw in this argument is an unproven assumption about the 'comparable series.' For the comparison to be valid evidence of their own series' popularity, the 'comparable series' must first be established as popular. The argument fails to provide any evidence for the popularity of these other series, essentially setting a potentially low bar for comparison. If the comparable series themselves are unpopular, then merely matching or exceeding their merchandising income does not prove the promoter's series is popular.",<p>This option is incorrect. The promoter's argument relies on a factual comparison (merchandise sales figures) to counter the critics' claim. There is no indication that the argument attacks the critics on an emotional basis or relies on emotional considerations over factual ones.</p>,"<p>This option is not the primary flaw. While the promoter only mentions income from sales of t-shirts and memorabilia, the argument does not necessarily take for granted that this is the <i>sole</i> indicator of popular appeal. The promoter might simply be presenting one piece of evidence or the strongest evidence available, without implicitly assuming that other indicators (like ticket sales) are irrelevant. The problem is not that this indicator is assumed to be exclusive, but that the comparison itself is flawed in its premise.</p>","<p>This option accurately describes the flaw. The promoter states that their sales are comparable to 'similar sales at comparable series.' For this comparison to effectively demonstrate the promoter's series' popular appeal, it must be assumed that the 'comparable series' are themselves popular. The argument takes this crucial assumption for granted, meaning if the 'comparable series' are not popular, the comparison provides no real evidence for the promoter's series' popularity. This is the central weakness identified.</p>","<p>This option is incorrect. The argument explicitly states that the comparison is made with 'similar sales at comparable series.' This phrasing implies that the comparison is based on events deemed similar, not dissimilar. The flaw is not in comparing dissimilar events, but in assuming the popularity of the similar events being used as a benchmark.</p>","<p>This option is incorrect. The argument consistently refers to the 'concert series' and 'sales at the concerts,' indicating that it is treating the series as a whole rather than attempting to distinguish between the series and individual concerts. The flaw does not stem from a failure to adequately distinguish these aspects.</p>"
borodulya/lsat127.s3.question-11.jy.mp4,127,3,11,"The sun emits two types of ultraviolet radiation that damage skin: UV-A causes premature wrinkles, and UV-B causes sunburn. Until about ten years ago, sunscreens protected against UV-B radiation but not against UV-A radiation. This means that older sunscreens prevented sunburn but did nothing to prevent premature wrinkles.","This option claims that the percentage of people wearing sunscreen has increased. The information provided in the stimulus discusses the *type* of protection offered by sunscreen over time, not trends in sunscreen usage. Therefore, we cannot determine if the percentage of people wearing sunscreen has increased or decreased.","This option states that most people with prematurely wrinkled skin spent a large amount of time in the sun without sunscreen. While UV-A causes premature wrinkles, the stimulus only tells us that UV-A is *a* cause, not the *only* cause, and it doesn't quantify the amount of time in the sun needed or how many people are affected. It's a classic trap that assumes a single cause for a complex effect.","This option suggests that the specific cause of premature skin wrinkling was unknown until ten years ago. The stimulus indicates that sunscreens *didn't protect* against UV-A until ten years ago, but it doesn't say when the scientific community *discovered* that UV-A causes wrinkles. This information could have been known for much longer.","This option claims that people wearing sunscreen now are less likely to get sunburned than people wearing sunscreen ten years ago. However, sunscreens *always* protected against UV-B, which causes sunburn, even ten years ago. Therefore, people wearing sunscreen ten years ago would have been just as protected against sunburn as those wearing sunscreen now. There is no information to suggest current sunscreens offer *greater* protection against sunburn than past sunscreens (only that they now protect against UV-A as well).","This option states that until about ten years ago, people who wore sunscreen were no less likely to have premature wrinkles than those who spent the same amount of time in the sun without wearing sunscreen. This is strongly supported. Until ten years ago, sunscreens protected against UV-B (sunburn) but *not* UV-A (premature wrinkles). Therefore, wearing sunscreen offered no protection against premature wrinkles during that period. Consequently, people who wore sunscreen were just as susceptible to premature wrinkles from UV-A exposure as those who didn't wear sunscreen at all, making them 'no less likely' to develop them."
borodulya/lsat127.s3.question-12.jy.mp4,127,3,12,"The question asks for a principle that, if valid, most helps to justify the advice columnist's argument. The argument's premises state that people experiencing major stress are several times more likely to suffer serious injuries in competitive sports, and risking serious injury is unwise. The conclusion is that no sports activity should be used as a method for coping with stress. The gap in reasoning is the generalization from 'competitive sports' to 'no sports activity'. We need a principle that bridges this gap, connecting the avoidance of a specific type of sport to the avoidance of all sports. The correct answer will make the argument pretty much valid or solid.","<p>If people recently under stress should avoid a subset of activities of a certain type, they should avoid all activities of that type.</p><p>This option directly addresses the gap. The premise concerns competitive sports (a subset of all sports). The conclusion is about all sports activities. If it's true that avoiding a subset implies avoiding the entire category, then the argument's conclusion follows logically. This principle allows the generalization from competitive sports to all sports, justifying the columnist's reasoning.</p>","<p>A method for coping with stress should be used only if it has been subjected to scientific study.</p><p>This option introduces an irrelevant condition about scientific study. The argument is not about the scientific validation of stress-coping methods in general, but specifically about whether *sports activities* should be used, given the injury risk for stressed individuals in competitive sports. It doesn't help bridge the gap between competitive sports and all sports.</p>","<p>People who have not been experiencing major stress in their lives should participate in competitive sports.</p><p>This option is irrelevant. The argument focuses on people who *are* experiencing major stress and the risks they face in competitive sports. This option talks about people who are *not* experiencing major stress and makes a recommendation, which is outside the scope of the columnist's concern and doesn't justify the conclusion about stressed individuals avoiding all sports.</p>","<p>When people have been under considerable stress, they should engage in competitive activities in order to relieve the stress.</p><p>This option directly contradicts the premise of the argument, which highlights the *danger* for stressed individuals in competitive sports. The columnist advises *against* competitive sports for stressed individuals, not for them to engage in such activities to relieve stress. This weakens the argument rather than justifies it.</p>","<p>People with a history of sports injuries should not engage in sports activities if they have recently been under stress.</p><p>This option introduces an additional, narrower condition ("
borodulya/lsat127.s3.question-14.jy.mp4,127,3,14,"The original argument presents a probabilistic conditional statement and then commits a fallacy of denying the antecedent. It states that many movies starring top actors do well because these actors are well-known and have a loyal following. From this, it concludes that movies starring unknown actors are therefore unlikely to do well. The flaw lies in assuming that if a condition (well-known actors) often leads to an outcome (doing well), then the absence of that condition (unknown actors) will likely lead to the opposite outcome (not doing well). This overlooks other potential factors that could contribute to a movie's success or failure.","<p>Many animals must devote most of their energy to locating food, or they will not get enough food to maintain optimal energy levels. Thus, if immediate survival requires such an animal to devote most of its energy to some other purpose, optimal energy levels generally will not be maintained.</p><p>This argument is essentially a valid contrapositive. It states that if animals devote energy to food (E), they maintain optimal energy levels (D), or conversely, if they don't get enough food, they don't maintain optimal levels. The conclusion then states that if they devote energy to something else (negation of E), they generally won't maintain optimal energy levels (negation of D). This is a logical and valid deduction, unlike the flawed reasoning in the main argument.</p>","<p>Often the presence of the flower bee balm in a garden will attract bumblebees that pollinate the plants and enable the garden to produce an abundant crop. So, gardens that lack bee balm usually do not produce abundant crops.</p><p>This option perfectly mirrors the flawed reasoning. It establishes a probabilistic causal link: the presence of bee balm (A) often leads to an abundant crop (B). It then concludes that the absence of bee balm (not A) usually leads to the absence of an abundant crop (not B). This is the same type of flawed probabilistic denial of the antecedent as found in the main argument, making it the correct answer.</p>","<p>A person's ability to keep confidences is a large part of being a friend, since frequently such an ability enables a high degree of openness in communication. Thus, a high degree of openness in communication is an essential feature of friendship.</p><p>This argument focuses on identifying an 'essential feature' based on a contributing factor. The premises state that the ability to keep confidences (A) is a part of friendship (B) because it enables openness (C). The conclusion then jumps to stating that openness (C) itself is an *essential* feature of friendship. This is a shift in the strength and nature of the relationship (from 'large part' to 'essential feature') and does not parallel the conditional flaw of the main argument.</p>","<p>Visual aids can be very useful in effectively teaching math skills, because they generally allow vivid conceptualization of math principles. If such visual aids were never employed, therefore, teaching math skills might sometimes be more difficult.</p><p>While this option involves the negation of a condition, its conclusion is much weaker than that of the main argument. The main argument concludes that movies are 'unlikely to do well,' implying a strong negative probabilistic outcome. Option D's conclusion that teaching math skills 'might sometimes be more difficult' is a much milder and less definitive claim, suggesting only a possibility of difficulty rather than a strong unlikelihood of success. This difference in the strength of the conclusion means it does not match the flaw of the main argument.</p>","<p>An understanding of the rules of perspective is necessary for achieving success as a painter, since it is the understanding of these most basic rules that allows the painter to paint realistically. Thus, painters with an understanding of the rules of perspective will achieve success.</p><p>This argument commits the fallacy of confusing a necessary condition with a sufficient condition. It states that understanding perspective (A) is *necessary* for success (B), meaning B implies A. The conclusion, however, states that if a painter has this understanding (A), they *will* achieve success (B), treating A as a sufficient condition for B. This is a different type of logical flaw (confusing necessity with sufficiency) compared to the probabilistic denial of the antecedent in the main argument.</p>"
borodulya/lsat127.s3.question-13.jy.mp4,127,3,13,"The argument observes that tent caterpillars mark routes with pheromones, and routes from successful food sources are more heavily marked than exploratory ones. The conclusion is that tent caterpillars engage in communal foraging, which involves conveying food location information to other colony members. To strengthen this argument, we need an option that shows how this pheromone marking system actually facilitates the sharing of food location information among the caterpillars.","This option states that hungry tent caterpillars are more likely to follow heavily marked routes. This directly supports the argument by showing that the difference in pheromone concentration (heavy vs. light marking) is actually used by other caterpillars to find food. If hungry caterpillars preferentially follow heavily marked routes, it confirms that the marking system effectively conveys useful information for communal foraging.","This option weakens the argument. If tent caterpillars cannot detect the concentration of pheromones, then the distinction between 'heavily marked' and 'lightly marked' routes would be meaningless to them. This would undermine the proposed mechanism of communal foraging based on varying pheromone concentrations.",This option describes a caterpillar's individual foraging behavior (not returning until food is found) but doesn't explain or strengthen how information is shared *communally* via pheromone trails. It is largely irrelevant to the mechanism of communal foraging.,"This option states that tent caterpillar pheromones are distinct from those of other animals. While this might prevent confusion with other species, it doesn't clarify or strengthen how tent caterpillars specifically use their *own* pheromones to convey food location information for communal foraging within their colony. The argument is about internal communication, not interspecies differentiation.","This option suggests that pheromones left by tent caterpillars are detectable by *other species* of caterpillars. This is irrelevant or potentially weakens the argument, as communal foraging refers to sharing within the same colony or species. Detectability by other species could introduce competition or interference, which doesn't support the idea of effective communal foraging among tent caterpillars themselves."
borodulya/lsat127.s3.question-15.jy.mp4,127,3,15,"Question 15 asks us to identify the statement most strongly supported by the provided text. The stimulus introduces a 'new trend' in history writing where the emphasis on the details of historical events and motivations has replaced the previous emphasis on overarching historical trends and movements. The key consequence highlighted is that the 'latter' (overarching historical trends and movements) are often overlooked. Furthermore, 'ominous parallels' between historical and current trends are also overlooked, which 'lessens our ability to learn from history'. Essentially, the shift in emphasis from broad trends to specific details has a negative impact on our ability to learn from history.","This option states that studying the details of historical events and motivations 'lessens our ability to learn from history'. The stimulus does not suggest that studying details in itself is detrimental. Instead, it indicates that the *shift in emphasis* to details *at the expense* of broader trends leads to a diminished ability to learn. It's the overemphasis or exclusive focus, not the act of studying details, that causes the problem. Therefore, this statement is not supported.","This option claims that 'overarching historical trends and movements can be discerned *only* when details of historical events and motivations are *not emphasized*'. The stimulus does not establish such an exclusive condition. It states that the *previous* emphasis was on trends, and the *new* emphasis on details has *replaced* that, leading to trends being overlooked. It doesn't argue that trends can *only* be understood by suppressing details; ideally, both could be considered. Thus, this statement is not supported.","This option suggests that those who 'attend to overall trends and movements in history and *not to details* are the *best able* to learn from history'. This is an extreme and unsupported claim. The stimulus points out a problem with *overlooking* trends due to an emphasis on details, but it doesn't state that ignoring details completely is the 'best' approach or even a good one. It merely describes the consequence of the current trend, not the ideal way to learn from history. Therefore, this statement is not supported.","This option states: 'A change in emphasis in the interpretation of history has lessened our ability to learn from history.' This directly aligns with the stimulus. The 'new trend' represents a 'change in emphasis'. This change is described as replacing the previous emphasis on overarching trends with an emphasis on details. The consequence is that 'ominous parallels' (which relate to overarching trends) are overlooked, 'which lessens our ability to learn from history'. The term 'interpretation of history' is consistent with 'writing of history' as a historian's written work reflects their interpretation. This statement is strongly supported.","This option argues that 'History *should be interpreted* in a way that gives *equal emphasis* to overarching historical trends and movements and to the details of historical events and motivations.' This statement is prescriptive, suggesting an ideal interpretation method ('should be'). The stimulus, however, is descriptive, explaining what *is* happening and its negative consequences. It doesn't prescribe a solution, let alone one of 'equal emphasis'. While 'equal emphasis' might seem like a logical solution, the stimulus does not explicitly support it. Therefore, this statement is not supported."
borodulya/lsat127.s3.question-17.jy.mp4,127,3,17,"The argument presents a correlation: the epic poem 'Sirat Bani Hilal' is unique among Arabic epic poems in that it is still publicly performed and is typically sung, while other epics are only recited and are no longer publicly performed. Based on this correlation, the argument concludes that the musical character of its performance is the *cause* of its longevity. The main flaw in this reasoning is assuming a causal relationship based solely on a correlation, without considering other potential causes or if the correlation is merely coincidental.","This option is incorrect because the evidence cited in the argument (that 'Sirat Bani Hilal' is still performed and sung, while others are not) is presented as factual observations, not something impossible to corroborate. We could verify whether this epic is sung and performed, and whether other epics are only recited and no longer performed.","This option is incorrect because there is no indication that the source of evidence itself is biased. The argument presents what it claims to be facts about the epics, not subjective opinions from a potentially biased source. The issue is how these facts are interpreted, not their source.","This is the correct option. The argument observes a correlation – 'Sirat Bani Hilal' is sung and still performed, while other epics are recited and not performed – and concludes that being sung is the *cause* of its longevity. This is a classic correlation-causation flaw, taking for granted that the observed correlation implies a causal relationship without ruling out alternative explanations or mere coincidence.","This option is incorrect because the argument does not confuse popular opinion with established fact. The statements about which epics are sung or recited and which are still performed are presented as factual observations, not as mere popular opinions. The problem lies in drawing a causal conclusion from these facts.","This option is incorrect. The argument claims that the musical character of the performance is the *main reason* (a cause) for its longevity, not that it's merely a sufficient or necessary condition in a formal logical sense. While confusing sufficiency and necessity is a common logical flaw, it does not accurately describe the specific error in this argument, which is primarily about causation."
borodulya/lsat127.s3.question-16.jy.mp4,127,3,16,"The therapist's argument can be broken down into a conclusion and two premises.The conclusion is that 'The ability to trust other people is essential to happiness.' This can be rephrased as a conditional statement: if one is happy, then one must be able to trust other people (Happy -> Trust). Its contrapositive is: if one cannot trust others, then one is not happy (Not Trust -> Not Happy).The premises are:1. 'for without trust there can be no meaningful emotional connection to another human being.' This means: if there is no trust, then there is no meaningful emotional connection (Not Trust -> Not MEC).2. 'and without meaningful emotional connections to others we feel isolated.' This means: if there is no meaningful emotional connection, then we feel isolated (Not MEC -> Isolated).Chaining the premises together, we get: Not Trust -> Not MEC -> Isolated. This simplifies to: if one cannot trust others, then one feels isolated (Not Trust -> Isolated).The argument currently has: Not Trust -> Isolated.We want to reach the conclusion's contrapositive: Not Trust -> Not Happy.To properly infer the conclusion, we need an assumption that links 'Isolated' to 'Not Happy'. Specifically, we need the statement: Isolated -> Not Happy (If one feels isolated, then one cannot feel happy).","<p><b>Correct.</b> This option states: 'No one who is feeling isolated can feel happy.' This translates directly to the conditional statement: Isolated -> Not Happy (If one is feeling isolated, then one cannot feel happy).</p><p>If we add this assumption to our premises, the chain becomes: Not Trust -> Not MEC -> Isolated -> Not Happy.</p><p>This exactly matches the contrapositive of the conclusion (Not Trust -> Not Happy), thereby allowing the conclusion (Happy -> Trust) to be properly inferred.</p>","<p>This option states: 'Anyone who has a meaningful emotional connection to another human being can be happy.' This translates to: Meaningful Emotional Connection (MEC) -> Happy.</p><p>The contrapositive of this statement is Not Happy -> Not MEC. If we try to insert this into our argument chain (Not Trust -> Not MEC -> Isolated), it doesn't bridge the necessary gap. While it connects MEC to Happy, the argument needs to connect 'Isolated' to 'Not Happy'. This option does not provide that link.</p>","<p>This option states: 'To avoid feeling isolated, it is essential to trust other people.' 'To avoid feeling isolated' means Not Isolated. 'Essential to trust other people' means trust is necessary. So, this translates to: Not Isolated -> Trust.</p><p>Let's look at the contrapositives of the given premises:</p><ul><li>Premise 2: Not MEC -> Isolated. Contrapositive: Not Isolated -> MEC.</li><li>Premise 1: Not Trust -> Not MEC. Contrapositive: MEC -> Trust.</li></ul><p>Chaining these contrapositives: Not Isolated -> MEC -> Trust. This shows that 'Not Isolated -> Trust' is already implied by the premises. Therefore, this statement is not a missing assumption needed to infer the conclusion; it's a consequence of the existing premises.</p>","<p>This option states: 'At least some people who do not feel isolated are happy.' This is a 'some' statement (Some Not Isolated AND Happy). 'Some' statements typically do not provide the universal conditional link required for sufficient assumption questions.</p><p>For the conclusion to be inferred, we need a strong connection that guarantees a certain outcome (e.g., all isolated people are unhappy), not just that some fall into a category. This option is too weak to bridge the logical gap.</p>","<p>This option states: 'Anyone who is able to trust other people has a meaningful emotional connection to at least one other human being.' This translates to: Trust -> Meaningful Emotional Connection (MEC).</p><p>Let's look at Premise 1: 'without trust there can be no meaningful emotional connection to another human being.' This means: Not Trust -> Not MEC. The contrapositive of Premise 1 is MEC -> Trust.</p><p>This option states Trust -> MEC. This is the reverse of the contrapositive of Premise 1, and is the actual contrapositive of the original statement 'Without meaningful emotional connection there is no trust' which is not the premise. Actually, 'Trust -> MEC' is the contrapositive of 'Without MEC there is no Trust', which is not given. The given premise 'Without Trust there can be no MEC' is Not Trust -> Not MEC. Its contrapositive is MEC -> Trust.</p><p>Therefore, this option (Trust -> MEC) is not already implied by the premise, nor does it complete the argument chain in the necessary way. The argument needs to establish the link between 'Isolated' and 'Not Happy', and this option introduces a relationship between 'Trust' and 'MEC' which is in the wrong direction and doesn't address the core gap.</p>"
borodulya/lsat127.s3.question-18.jy.mp4,127,3,18,"The fund-raiser's argument asserts that allowing donors to vote on policies (which enables direct influence) will lead to an increased emotional connection, and *thus* increase the amount of money raised. The core assumption needed to bridge the gap between 'increased emotional connection' and 'increased money raised' is that emotional connection plays a role in donation amounts. Without this link, the argument falls apart.","<p>This option states that giving donors the right to vote is the *most effective way* to influence a charity. This is too strong for a necessary assumption. The argument only requires that giving voting rights is *an* effective way to increase donations, not necessarily the *most* effective. If there were other equally or more effective ways, the argument could still hold that this method *could* increase donations.</p>","<p>This option suggests that *most charities* that increased money did so by making donors feel more emotional connection. This is a strengthening claim, not a necessary assumption. The argument is about what *could* happen, not what *has already happened* with most charities. Even if only a few charities, or no charities, have followed this path in the past, the proposed action could still work for this specific charity. It's not necessary that this has been the primary historical method.</p>","<p>This option claims that *every charity* that has given voting rights has seen a *marked increase* in emotional connection. This is too strong. The argument does not need universal evidence or a 'marked increase.' It merely needs it to be true for the charity in question, and even a slight increase in emotional connection could theoretically lead to more donations. Furthermore, the argument already implies a link between direct influence and emotional connection, so this option overstates what's needed for the bridge.</p>","<p>This option states that *most potential donors are unwilling to give any money* without influence. This is an extreme statement. The argument suggests that the *inability* to influence leads to *less* emotional connection, implying that having influence would lead to *more* emotional connection and thus *more* donations. It does not require that donors refuse to give *any* money without influence. Donors might still give some money, just less than they would with influence.</p>","<p>This option states that the emotional connection donors feel *can affect* the amount of money raised. This is the weakest and most necessary assumption. The argument explicitly links direct influence to emotional connection, and then from emotional connection to increased donations. If emotional connection *cannot* affect the amount of money raised, then the entire causal chain of the argument is broken. The word 'can' makes this a very minimal and therefore necessary assumption.</p>"
borodulya/lsat127.s3.question-21.jy.mp4,127,3,21,"George observes that ballroom dancing was unpopular in the 1980s and early 1990s, but is popular now. He asks *why* this shift occurred. Boris's response is that beginning in 1995, the merengue and related ballroom dances became popular, and because of their popularity, other ballroom dances are now catching on. Boris's response merely states *when* the shift began (1995) and identifies a catalyst (merengue popularity spreading to other dances). However, it fails to explain *why* the merengue and related dances became popular in 1995, thereby initiating the revival. George's core question is about the underlying cause or reason for the revival of interest, not just its timeline or subsequent spread. Boris provides a 'when' and a 'what happened next' but misses the 'why' of the initial resurgence.","<p>This option suggests Boris failed to show if the people learning merengue are the same people interested in other ballroom dances. While Boris's argument doesn't explicitly state this, it's not a direct failure in addressing George's 'why' question about the *beginning* of the revival. The argument implies a general increase in popularity, not necessarily tracking individual dancers.</p>",<p>This option claims Boris failed to explain why ballroom dancing was unpopular before 1995. George's question acknowledges its unpopularity (,"<p>This option suggests Boris failed to relate the merengue to forms of dancing prevalent before 1995. Boris's argument is about a *revival* of interest, implying a break from past trends, not necessarily a connection to them. His explanation focuses on a new wave of popularity, making this an irrelevant point of criticism for his argument.</p>","<p>This option accurately identifies the primary flaw. George asks *why* the large number of people *now* take ballroom dancing lessons, implying a demand for the reason behind the *beginning* of this revival after a period of unpopularity. Boris explains *when* (beginning in 1995 with merengue) and *how* (merengue's popularity spreading), but fails to provide a reason for the initial spark—*why* merengue suddenly became popular in 1995 to kickstart the whole trend. He doesn't account for the fundamental *beginning* of this renewed interest.</p>","<p>This option suggests Boris failed to demonstrate that *all* types of ballroom dancing are currently popular. Boris states that merengue and *several related* ballroom dances became popular, and that *other* ballroom dances are *now* catching on. This indicates a broad, but not necessarily universal, popularity. George's question is about the *revival of interest* generally, not a comprehensive survey of every specific dance type. This is not the most significant vulnerability in Boris's response to George's question.</p>"
borodulya/lsat127.s3.question-19.jy.mp4,127,3,19,"<p>The question asks to identify the main conclusion of Leslie's argument. Leslie begins her statement by declaring, ""I'll show you that your quest for the treasure is irrational."" The rest of her argument, including the hypothetical scenario and her interpretation of Erich's response, serves to support this initial claim. Therefore, the main conclusion is that Erich's quest for treasure is irrational.</p>","<p>This statement, ""Erich would not sacrifice one of his hands in order to possess the world,"" is a premise Leslie uses in her argument. She infers this from Erich's 'Certainly not' response to her hypothetical question. It's a stepping stone to her main point, not the main conclusion itself.</p>","<p>This is a plausible inference that one might draw *if* Leslie's conclusion (that the quest is irrational) is accepted. However, Leslie's argument *concludes* that the quest is irrational; it doesn't explicitly state that Erich *should not* risk his physical well-being. It's a statement that is *supported* by the argument, but not the *main conclusion drawn* by Leslie.</p>","<p>This option misrepresents the argument. Leslie states that Erich's quest is for a treasure ""that is much less valuable than the whole world."" This implies the treasure has *some* value, just less than something else. The option claims the treasure is ""of no value,"" which is an unsupported exaggeration.</p>","<p>Leslie's argument is about the nature of Erich's quest (that it is irrational), not about Erich's susceptibility to being convinced. While Leslie hopes to convince Erich, the conclusion of her argument is the claim itself, not her ability to make him believe it.</p>","<p>This option directly and most accurately expresses Leslie's main conclusion. Her opening statement, ""I'll show you that your quest for the treasure is irrational,"" sets up this very point, and her subsequent reasoning aims to demonstrate that Erich's pursuit constitutes irrational behavior.</p>"
borodulya/lsat127.s3.question-20.jy.mp4,127,3,20,"The newspaper article claims that people who take Vitamin C supplements tend to be healthier than average, citing a study that found a significantly lower risk of heart disease among those who regularly consume high doses of Vitamin C. The argument implicitly assumes that a reduced risk of heart disease directly leads to an overall healthier state. To weaken this argument, one must challenge this implicit assumption or introduce information that makes the overall 'healthier' claim less certain, despite the reported benefit for heart disease.","<p>This option suggests that Vitamin C from supplements might have a different effect on the body than Vitamin C from food. While this might be true, the argument focuses on the overall trend observed in people taking supplements, not the mechanism or comparison to food-based Vitamin C. It does not provide information about whether this difference would make people less healthy or directly challenge the correlation presented in the argument.</p>","<p>This option states that the reduction in heart disease risk attributed to Vitamin C consumption is 'no greater than' the reduction achieved by other dietary changes. This is a comparative statement. It suggests that Vitamin C's effect on heart disease might not be unique or superior to other health interventions. However, it does not dispute that Vitamin C *does* lead to a reduction in heart disease risk, nor does it challenge the broader claim of being 'healthier than average' by introducing negative effects. It merely contextualizes the magnitude of the benefit.</p>","<p>This option introduces Vitamin E supplements and claims that taking both Vitamin C and E lowers heart disease risk more significantly than taking either alone. This information, if true, identifies an even more effective way to reduce heart disease risk. However, it does not weaken the original argument's claim about Vitamin C supplements and their correlation with a healthier lifestyle or reduced heart disease. In fact, it might even reinforce the idea of supplement benefits.</p>","<p>This is the most effective weakening option. It states that high doses of Vitamin C supplements, while potentially reducing heart disease risk, also 'tend to reduce slightly one's resistance to certain common infectious diseases.' This directly challenges the broad conclusion that individuals taking these supplements are 'healthier than average.' If there's a trade-off (reduced heart disease risk vs. increased susceptibility to infections), then the overall health benefit becomes ambiguous, thereby weakening the argument's main conclusion.</p>","<p>This option states that taking Vitamin C supplements lowers one's risk of developing cancer. This provides an *additional* health benefit associated with Vitamin C supplements. Therefore, this option actually strengthens the argument that people taking Vitamin C supplements tend to be healthier than average, rather than weakening it. It adds to the positive health outcomes, making the 'healthier' claim more robust.</p>"
borodulya/lsat127.s3.question-24.jy.mp4,127,3,24,"Question 24 is a parallel method of reasoning question. The stimulus argues that a local radio station will not win the regional ratings race this year. This conclusion is based on two premises: first, in the past ten years, the station has never finished better than fifth place in the ratings. Second, the station's manager has not responded to these dismal ratings by changing its musical format or personnel, while its competition has actively adapted to changing tastes and recruited top talent. The argument essentially concludes a future outcome (not winning this year) based on consistent past negative performance and a lack of corrective action in the face of active competition. This forms a stronger inductive argument.","<p>A says, ""Every swan I have seen was white. Therefore all swans are probably white.""</p><p>This is a different kind of argument. It's a generalization from observed instances (the swans the speaker has seen) to a universal claim about all swans. The core reasoning involves extending a property from a sample to an entire population. This differs from the stimulus, which makes a prediction about a specific future event based on an entity's past performance and current unchanging circumstances relative to competition.</p>","<p>B says, ""A fair coin was fairly flipped six times and was heads every time. The next flip will probably be heads too.""</p><p>This argument is based on a misunderstanding of probability and statistical independence (the gambler's fallacy). For a fair coin, each flip is an independent event, and previous outcomes do not influence future ones; the probability of heads on the next flip remains 50/50. The stimulus, however, presents premises that realistically bear on the likelihood of the conclusion (past performance and lack of adaptation do make future poor performance more likely). Therefore, the reasoning flaws and structures are fundamentally different.</p>","<p>C says, ""All lions are mammals. Therefore Leo, the local zoo's oldest lion, is a mammal too.""</p><p>This is a classic deductive argument. It moves from a general premise (""All lions are mammals"") to a specific conclusion about an individual instance (""Leo...is a mammal""). This is a valid and logically certain argument. The stimulus, in contrast, is an inductive argument, drawing a probable conclusion about a future event from past observations and current conditions. The deductive certainty and general-to-specific structure of C do not match the inductive, probabilistic, and specific-to-future structure of the stimulus.</p>","<p>D says, ""Recently stock prices have always been lower on Mondays. Therefore they will be lower this coming Monday too.""</p><p>This option presents reasoning that is most similar to the stimulus. It draws a conclusion about a specific future instance (""this coming Monday"") based on a consistent past pattern (""Recently stock prices have always been lower on Mondays""). While it lacks the second premise about inaction or competition that strengthens the stimulus's argument, the core inductive leap from consistent past trends to a specific future prediction is a close parallel. Both argue that because something has consistently happened in the past, it will likely happen again in a specific future instance.</p>","<p>E says, ""Only trained swimmers are lifeguards, so it follows that the next lifeguard at the local pool will be a trained swimmer.""</p><p>This is a deductive argument. The premise ""Only trained swimmers are lifeguards"" sets up a conditional rule (If someone is a lifeguard, then they are a trained swimmer). The conclusion then logically applies this rule to a specific future lifeguard. Like option C, this is a valid deductive argument. Its structure, moving from a defined rule to a certain conclusion about an individual, differs significantly from the inductive, probabilistic reasoning found in the stimulus.</p>"
borodulya/lsat127.s3.question-23.jy.mp4,127,3,23,"This question asks us to identify which weather report most closely conforms to the principles stated. We need to formalize the two principles provided to accurately evaluate each option.The principles are:1. A summer day is ""pleasant"" if there are intermittent periods of wind AND the temperature stays below 84°F (29°C) all afternoon.    - **Condition for Pleasant:** (Is a Summer Day) AND (Intermittent Wind, IW) AND (Temperature < 84°F, T<84)2. A summer day with high humidity levels is ""oppressive"" EITHER if the temperature stays above 84°F (29°C) OR if there is no wind.    - **Condition for Oppressive:** (Is a Summer Day) AND (High Humidity, HH) AND ( (Temperature > 84°F, T>84) OR (No Wind, NW) )The context for all options is a ""summer weather report,"" so we assume the ""Is a Summer Day"" condition is met for all. We'll focus on the specific weather conditions (wind, temperature, humidity) and the resulting classification (pleasant or oppressive).","<p><b>Weather Report:</b> The temperature on Friday stayed below 82°F (28°C) all day, and there was no wind at all. It was a day of low humidity, and it was a pleasant day.</p><p><b>Analysis:</b></p><ul><li><b>Wind:</b> ""no wind at all"" (NW is met, IW is NOT met).</li><li><b>Temperature:</b> ""stayed below 82°F"" (T < 84 is met).</li><li><b>Humidity:</b> ""low humidity"" (HH is NOT met).</li><li><b>Conclusion Claimed:</b> ""pleasant day.""</li></ul><p><b>Principle Check:</b></p><ul><li><b>For Pleasant Day:</b> Requires IW AND T<84. While T<84 is met, IW is NOT met (there was no wind). Thus, it cannot be concluded as a pleasant day under this rule.</li><li><b>For Oppressive Day:</b> Requires HH AND (T>84 OR NW). HH is NOT met (low humidity). Thus, it cannot be concluded as an oppressive day under this rule.</li></ul><p><b>Conclusion:</b> This option does not conform to the principles because the conditions for a pleasant day (intermittent wind) are not met.</p>","<p><b>Weather Report:</b> On Monday, the temperature ranged from 85°F to 90°F (30°C to 32°C) from early morning until night. It was an oppressive day even though the humidity levels were low.</p><p><b>Analysis:</b></p><ul><li><b>Temperature:</b> ""ranged from 85°F to 90°F"" (T > 84 is met).</li><li><b>Humidity:</b> ""humidity levels were low"" (HH is NOT met).</li><li><b>Conclusion Claimed:</b> ""oppressive day.""</li></ul><p><b>Principle Check:</b></p><ul><li><b>For Pleasant Day:</b> Requires IW AND T<84. T<84 is NOT met (temperature is above 84°F).</li><li><b>For Oppressive Day:</b> Requires HH AND (T>84 OR NW). HH is NOT met (humidity levels were low). Thus, it cannot be concluded as an oppressive day under this rule.</li></ul><p><b>Conclusion:</b> This option does not conform to the principles because the essential condition for an oppressive day (high humidity) is not met.</p>","<p><b>Weather Report:</b> On Tuesday, the temperature neither rose above nor fell below 84°F (29°C) throughout late morning and all afternoon. It was a pleasant day because there were occasional periods of wind.</p><p><b>Analysis:</b></p><ul><li><b>Temperature:</b> ""neither rose above nor fell below 84°F"" (T = 84°F).</li><li><b>Wind:</b> ""occasional periods of wind"" (IW is met).</li><li><b>Conclusion Claimed:</b> ""pleasant day.""</li></ul><p><b>Principle Check:</b></p><ul><li><b>For Pleasant Day:</b> Requires IW AND T<84. While IW is met, T<84 is NOT met (temperature is exactly 84°F, not *below*). Thus, it cannot be concluded as a pleasant day under this rule.</li><li><b>For Oppressive Day:</b> Not applicable as high humidity is not mentioned, and conditions (T>84 or NW) are not met based on the given temperature and wind.</li></ul><p><b>Conclusion:</b> This option does not conform to the principles because the temperature condition for a pleasant day (strictly below 84°F) is not met.</p>","<p><b>Weather Report:</b> On Wednesday, a refreshing breeze in the early morning became intermittent by late morning, and the day's humidity levels were constantly high. It was an oppressive day, even though the temperature did not rise above 84°F (29°C) all day.</p><p><b>Analysis:</b></p><ul><li><b>Wind:</b> ""intermittent by late morning"" (IW is met, NW is NOT met).</li><li><b>Humidity:</b> ""humidity levels were constantly high"" (HH is met).</li><li><b>Temperature:</b> ""did not rise above 84°F"" (T <= 84°F, so T>84 is NOT met).</li><li><b>Conclusion Claimed:</b> ""oppressive day.""</li></ul><p><b>Principle Check:</b></p><ul><li><b>For Pleasant Day:</b> Requires IW AND T<84. IW is met. T<84 is potentially met if the temperature was strictly below 84, but ""did not rise above 84°F"" means it could have been exactly 84°F. We cannot definitively say it was pleasant.</li><li><b>For Oppressive Day:</b> Requires HH AND (T>84 OR NW). HH is met. However, T>84 is NOT met (temperature did not rise above 84°F), and NW is NOT met (there was intermittent wind). Since neither sub-condition of the OR statement is met, the oppressive conditions are NOT met.</li></ul><p><b>Conclusion:</b> This option does not conform to the principles because although high humidity is present, neither of the disjunctive conditions (T>84 or NW) for an oppressive day is met.</p>","<p><b>Weather Report:</b> On Thursday morning, the air was very still, and it remained windless for the whole day. Humidity levels for the day were high, and even though the temperature fell below 84°F (29°C) between early and late afternoon, it was an oppressive day.</p><p><b>Analysis:</b></p><ul><li><b>Wind:</b> ""remained windless for the whole day"" (NW is met, IW is NOT met).</li><li><b>Humidity:</b> ""Humidity levels for the day were high"" (HH is met).</li><li><b>Temperature:</b> ""temperature fell below 84°F"" (T < 84 is met, so T>84 is NOT met).</li><li><b>Conclusion Claimed:</b> ""oppressive day.""</li></ul><p><b>Principle Check:</b></p><ul><li><b>For Pleasant Day:</b> Requires IW AND T<84. While T<84 is met, IW is NOT met (it was windless). Thus, it cannot be concluded as a pleasant day.</li><li><b>For Oppressive Day:</b> Requires HH AND (T>84 OR NW). HH is met (""high humidity""). For the OR condition, T>84 is NOT met (temperature fell below 84°F), but NW IS met (""remained windless""). Since HH is met AND (T>84 OR NW) is met (specifically by NW), the conditions for an oppressive day are satisfied.</li></ul><p><b>Conclusion:</b> This option conforms to the principles because all the necessary conditions for an oppressive day (high humidity and no wind) are met. Therefore, E is the correct answer.</p>"
borodulya/lsat127.s3.question-22.jy.mp4,127,3,22,"The question asks us to identify the statement that *cannot be true* if the premises are true. This means we are looking for a statement that *must be false*. The passage establishes that despite minor morphological differences, Cro-Magnons and Neanderthals (Neanderthals are distinct from Cro-Magnons, who are forerunners of modern humans) used tools of exactly the same type, even though they lived in different environments. The key conditional statement is: 'for only if they faced the same daily challenges and met them in the same way would they have used such similar tools.' This can be rephrased as: If they used similar tools, then they faced the same daily challenges (UST -> SDC). Since the passage states they *did* use similar tools (UST is true), it logically follows that they *must have faced the same daily challenges and met them in the same way* (SDC must be true). We also know they lived in 'different environments'.","This statement claims that morphological differences do not guarantee distinct species. The passage's author suggests that the observed minor morphological differences are 'due merely to their having lived in different environments' and that the use of similar tools 'suggests that they were members of the same species'. This directly supports the idea that morphological differences don't necessarily mean distinct species. Thus, this statement *could be true*.","This statement asserts that daily challenges are *unique* to an environment. However, the passage tells us that Cro-Magnons and Neanderthals lived in *different environments* but, as we inferred, they *faced the same daily challenges and met them in the same way*. If daily challenges were unique to each environment, then two different environments *must* present different daily challenges. This contradicts our inference that they faced the *same* daily challenges despite living in different environments. Therefore, this statement *cannot be true*.","This statement compares the degree of morphological differences. The passage only mentions 'relatively minor morphological differences' between Neanderthals and Cro-Magnons. It provides no information about the extent of differences between Cro-Magnons and modern humans. It's entirely plausible that Cro-Magnons and modern humans exhibit greater morphological differences than Cro-Magnons and Neanderthals. Thus, this statement *could be true*.","This statement suggests that using similar tools is a *requirement* for two distinct groups of hominids to be considered the same species. The passage states that the use of similar tools 'suggests' they were the same species. While 'suggests' is weaker than 'required,' it doesn't contradict the possibility that such similarity could be a requirement in a broader scientific context. The passage provides a situation where similar tools are used, and the author concludes they are likely the same species. This is consistent with a requirement. Thus, this statement *could be true*.","This statement claims that Cro-Magnons and Neanderthals were geographically isolated for much of their coexistence. The passage states they lived in 'different environments.' Geographical isolation is a common reason for populations to live in different environments. There's nothing in the passage to contradict this. Thus, this statement *could be true*."
borodulya/lsat127.s3.question-25.jy.mp4,127,3,25,"The chef states that the first step in his mussel recipe is to sprinkle live mussels with cornmeal to make them eject sand. He then concludes that he can skip this step because the mussels available at seafood markets are farm-raised and do not contain sand. The core of the argument is that since the mussels he's *going to use* (which he implies are from a seafood market) don't have sand, he doesn't need to perform the sand-cleaning step. The question asks for a necessary assumption, meaning if we negate the assumption, the argument falls apart.","If ""Cornmeal *is* used to clean out farm-raised mussels before they reach seafood markets"" (negation), the chef's argument that he can skip the step is still valid. His reason for skipping is that the mussels (from the market) don't contain sand, making the sand-cleaning step unnecessary for *him*. Whether someone else cleaned them prior to arriving at the market doesn't impact his decision to skip the step.","If ""Mussels *do* contain contaminants other than sand"" (negation), the chef's argument is still valid. The recipe step is specifically for cleaning *sand*. The chef's justification for skipping the step pertains only to sand. The presence of other contaminants doesn't negate the reason for skipping the sand-specific cleaning step. He might need to clean other things, but not the sand.","If ""Sprinkling the mussels with cornmeal *does* affect their taste"" (negation), the chef's argument could still stand. The chef's reason for skipping the step is solely based on the absence of sand, not taste. If it affects taste, he might choose to do it or not, but the *necessity* to remove sand is still gone. For example, if it made them taste worse, it would be another reason to skip it. If it made them taste better, it would complicate his decision, but the original reason for the step (removing sand) is still absent.","If ""The chef's mussel recipe *was not* written before farm-raised mussels became available"" (negation), the argument is unaffected. The timing of when the recipe was written is irrelevant to the current factual status of the mussels the chef is considering (i.e., whether they contain sand). His decision to skip the step is based on the current characteristics of the mussels, not the recipe's historical context.","If ""The mussels the chef is using for the mussel recipe *did not* come from a seafood market"" (negation), then the premise that ""the mussels available at seafood markets are farm-raised and therefore do not contain sand"" would not apply to the mussels the chef is using. His mussels might still contain sand, and therefore he *could not* skip the sand-cleaning step, thus undermining his conclusion. This is a crucial, unstated link in the argument."
borodulya/lsat115.s4.question-18.jy.mp4,115,4,18,"The question asks to strengthen Fisch's argument. Foster claims that large North American mammals became extinct during the last ice age due to the first human migration. Fisch counters that these extinctions were caused by a dramatic shift to a harsher climate, which changed so rapidly that species could not adapt. To strengthen Fisch's argument, we need an option that supports climate change as the cause and/or explains why species failed to adapt to it, rather than supporting human migration as the cause.","<p>This option states that similar species in other parts of the world experienced dramatic climate changes but did not become extinct. If true, this weakens Fisch's argument, as it suggests dramatic climate change alone might not be sufficient to cause extinction, thus not supporting his claim that climate change *was* the cause.</p>","<p>This option mentions that most mammals that survived in North America migrated from Asia at the same time as humans. This information is largely irrelevant to Fisch's argument, which focuses on the cause of *extinctions* due to rapid climate change. It speaks to survival and migration patterns, not the cause of death for extinct species or the speed of climate change. One would have to make further unstated assumptions to connect this to Fisch's argument.</p>","<p>This option suggests that human migration to other previously isolated areas has resulted in mammal species becoming extinct. This directly supports Foster's argument that human migration caused extinctions, rather than strengthening Fisch's argument that climate change was the primary cause.</p>","<p>This option reveals that human migrants had a number of different kinds of large weapons. This information, if linked to hunting large mammals, would strengthen Foster's argument (human impact on extinctions) by providing a mechanism. It does not support Fisch's argument about climate change.</p>",<p>Fisch's argument hinges on the idea that the climate changed so rapidly that the species could not adapt. This option provides a concrete reason *why* these large mammals could not adapt: their huge size made it difficult for them to migrate the great distances necessary to reach milder environments as the climate rapidly shifted. This directly strengthens Fisch's explanation for the extinctions by elaborating on the species' inability to cope with rapid environmental change.</p>
borodulya/lsat110.s1.passage-4-question-20.jy.mp4,128,1,20,"<p>The question asks what is true about the drafters of the UN Convention. The passage states in lines 29-31, ""The drafters of the Convention intentionally left the precise boundaries of the social-group category undefined to ensure that the category would retain the flexibility necessary to address unanticipated situations."" This indicates a recognition that listing every possible reason for persecution would be difficult, and thus they left the definition broad to accommodate future, unforeseen situations.</p>",<p>This option claims the drafters wanted the UN to be consulted for new reasons for refugee status. The passage does not mention any intention for continuous consultation with the UN on new reasons for seeking refugee status. This is not supported by the text.</p>,"<p>This option claims the drafters followed the precedent set by the International Refugee Organization (IRO) concerning gender-based persecution. The passage explicitly states that the original IRO definition did not include 'social group' (lines 21-23) and that the UN Convention *added* this category to provide a 'safety net' (lines 24-27), which later came to include gender-based persecution. Therefore, the drafters did not simply follow the IRO's precedent but expanded upon it, particularly regarding gender-based persecution.</p>","<p>This option states that the drafters recognized it would be difficult to list every possible reason for seeking refuge. This aligns perfectly with lines 29-31, which explain that the drafters intentionally left the social-group category undefined to retain flexibility for ","<p>This option claims the drafters did not consider gender-based persecution a valid reason for asylum. This is directly contradicted by the passage. The passage explains that while gender is not explicitly listed, the omission does not preclude victims of gender-based persecution from qualifying (lines 9-12), and the social-group category was intended to cover such groups (lines 16-19). This category was deliberately left undefined by the drafters to allow for such interpretations.</p>","<p>This option suggests gender was not listed because gender-based persecution was not a significant problem when the Convention was drafted. The passage provides no information to support this claim. In fact, the passage emphasizes that the social-group category was intentionally left broad to cover situations like gender-based persecution, implying a foresight or recognition of its potential significance, rather than an oversight due to its unimportance at the time.</p>"
borodulya/lsat101.s1.passage-4-question-21.jy.mp4,128,1,21,Question 21 asks for the overall function or purpose of the entire passage. We need to evaluate each answer choice to see which one best describes what the passage is doing.,"The passage presents various perspectives and historical contexts related to faking art, but it does not attempt to reconcile conflicting viewpoints. It merely presents different aspects and understandings of the phenomenon.","While the second paragraph offers a chronological survey of faking practices, this description does not apply to the entire passage. Furthermore, the passage describes different manifestations and interpretations of faking rather than chronicling an 'evolution' in the sense of a progressive development.","The passage explores the intricate and multifaceted question of what constitutes 'fake' versus 'original' art, examining it from historical, cultural, and motivational standpoints. This aligns well with 'exploring a complex question' as the passage delves into the nuances and complexities of the topic.","The passage is descriptive and analytical; it does not propose or advocate for any new methods, strategies, or approaches to dealing with faked art or its study. There is no new approach being championed.","The passage implicitly challenges simplistic definitions of 'fake' and 'original' by presenting a broader, more complex understanding. However, its primary purpose is not to explicitly reject a single 'inadequate explanation' but rather to explore the complexity of the phenomenon itself."
borodulya/lsat110.s1.passage-4-question-19.jy.mp4,128,1,19,"The question asks what is true about both the United Nations Convention and the UNHCR Handbook. The correct answer, D, highlights that both documents suggest the social-group category can be applied to a wide variety of asylum-seekers. The video explains that the Convention intentionally left the social-group category undefined to ensure flexibility and serve as a ""safety net"" for asylum-seekers who didn't fit neatly into other categories. The Handbook further supports this by offering an expansive interpretation of the social-group definition that aligns with the Convention's original intentions.","<p>This option is incorrect. The documents' influence is more specifically related to how member states interpret and implement national asylum laws, not a general influence on ""improving the status of women."" The scope of this option is too broad and not directly supported by the passage.</p>","<p>This option is incorrect because neither the UN Convention nor the UNHCR Handbook explicitly states or directly supports granting refugee status specifically to women fleeing gender-based persecution. While gender-based persecution can be covered under the social-group category as interpreted, the documents do not explicitly make this statement.</p>","<p>This option is incorrect. The documents do not ""recommend"" using the social-group category to classify women refugees. While an argument can be made that women facing gender-based persecution could fall under this category, the documents themselves do not provide such a direct recommendation.</p>","<p>This option is correct. The Convention intentionally left the boundaries of the social-group category undefined to allow for flexibility in addressing unanticipated situations, serving as a ""safety net."" The Handbook provides an expansive interpretation of this category, consistent with the Convention's intent, thereby suggesting its applicability to a broad range of asylum-seekers beyond strictly enumerated categories.</p>","<p>This option is incorrect. The description of a social group as ""persons who share a similar background, habits, or social status"" is explicitly provided in the UNHCR Handbook (lines 37-38), which is an expansive interpretation. The Convention established the social-group category but did not provide this specific description itself, so it is not true for *both* documents.</p>"
borodulya/lsat101.s1.passage-4-question-23.jy.mp4,128,1,23,"The passage defines a fake based on the creator's *motive* or *intention*. Specifically, the first sentence states, ""A fake can be defined as an artwork intended to deceive. The motives of its creator are decisive, and the merit of the object itself is a separate issue."" Therefore, an artwork is definitively classified as a fake if the person who created it intended to deceive others.","This option is incorrect. The passage mentions ""works by an artist's followers in the style of the master"" (lines 8-9) as an example of art that might not be considered a fake if there is no intention to deceive. Adopting a style, even of an influential mentor, does not automatically constitute a fake without the intent to deceive. The passage clarifies that copying for ""pedagogical purposes"" (line 10) is not classified as a fake.","This option is incorrect. The passage explicitly states that ""copying for pedagogical purposes"" (line 10) is not considered a fake. Imitating a famous work as a learning exercise falls under this category, indicating a motive of learning rather than deception.","This option is correct. The passage's definition of a fake centers on the creator's intent to deceive. If the creator ""wanted other people to be fooled by its appearance,"" this directly aligns with the passage's criterion that an artwork is a fake if it was ""intended to deceive"" and that ""the motives of its creator are decisive.""","This option is incorrect. The passage refers to ""the production of commercial facsimiles"" (lines 10-11) as one of the types of works that exist between the ""two extremes"" of outright fakes and original works. Simply making multiple copies for sale, even if identical, does not automatically classify them as fakes unless there is an intention to pass them off as originals with the specific purpose of deceiving buyers.","This option is incorrect. The passage mentions ""deliberate archaism"" (line 9), which refers to creating something in the style of an earlier era, as a type of work that is not necessarily a fake. The passage also gives an example of ""Roman copies"" of Greek sculptures (lines 18-20) which were not considered fakes, indicating that merely making a work resemble art of an earlier era without the intent to deceive is not sufficient to classify it as a fake."
borodulya/lsat101.s1.passage-4-question-22.jy.mp4,128,1,22,"The passage primarily explores the complexities and varied circumstances surrounding the definition and identification of 'fake' art across different historical periods and cultures. It highlights that authenticity is not always easily or conclusively determined, and that factors beyond simple imitation, such as cultural context and artistic intent, play a significant role.","This option is incorrect because the passage focuses primarily on European art history and then touches upon African art, not 'virtually every culture.' The assertion of faking occurring in 'virtually every culture' is an overstatement and not factually supported by the text's scope.","This option is incorrect because the passage does not argue that a work's fakeness is 'less important' than its artistic merit. While it notes that the merit of an object is a 'separate issue' from its fakeness, it doesn't prioritize one over the other in terms of importance. The author is concerned with the definition and characteristics of fakes, not their relative importance to artistic merit.","This option is incorrect because it creates a false dichotomy between showing a work is fake and proving its authenticity. If a work is conclusively shown to be fake (e.g., based on the creator's deceptive motives as described in the passage), then its authenticity is inherently disproven. The passage does not claim that authenticity cannot be proved conclusively; rather, it explores the difficulty of determining what constitutes a 'fake' due to various factors.","This option is correct. The passage details numerous circumstances that complicate the determination of whether a work is a fake, including: the motives of the creator, different forms of copying (deliberate archaism, pedagogical purposes, commercial facsimiles), historical context (e.g., Renaissance art faking being virtually nonexistent), and cultural perspectives (e.g., African art where authenticity depends on function and is a 'foreign concept'). This variety of factors makes the determination difficult, which is the author's main point.","This option is incorrect. The passage does not suggest that the faking of art is solely dependent on or would cease without an 'international market.' While economic motives might be one factor for faking, the passage discusses a broader historical and cultural context for faking, including motivations like artistic development and religious devotion. The concept of an 'international market' is not a central theme in the passage's discussion of faking."
borodulya/lsat101.s1.passage-4-question-24.jy.mp4,128,1,24,The question asks to identify the option for which the author provides *no* example in the passage. We need to check each option against the text to see if it is supported. The passage discusses various aspects of art faking and authenticity across different historical periods and cultures. The key is to carefully look for explicit or implicit examples for each answer choice.,"<p><b>Categories of art that are neither wholly fake nor wholly original:</b> This is supported by the passage. Lines 7-11 mention ""varieties of possibilities exist somewhere between the two extremes,"" giving examples like ""works by an artist's followers in the style of the master,"" ""deliberate archaism,"" ""copying for pedagogical purposes,"" and ""the production of commercial facsimiles."" These all represent art that isn't purely original or purely deceptive fake. Thus, an example is provided.</p>","<p><b>Cultures in which the faking of art flourished:</b> This is supported by the passage. Lines 12-19 explicitly state that faking flourishes ""whenever art collecting flourishes."" Imperial Rome is given as an example where there was ""a widespread interest in collecting earlier Greek art, and therefore in faking it."" Medieval Europe, on the other hand, is noted as a time when faking was ""virtually nonexistent"" due to different cultural values. Thus, an example (Imperial Rome) is provided.</p>","<p><b>Qualities that art collectors have prized in their acquisitions:</b> This is supported by the passage. In Imperial Rome, collectors had a ""widespread interest in collecting earlier Greek art"" (lines 17-18). The passage implies that these collectors prized the aesthetic or historical attributes associated with Greek art, leading to the acquisition and faking of such works. The quality prized was the appearance or style of earlier Greek art. Thus, an example is provided.</p>","<p><b>Cultures in which the categories ""fake"" and ""original"" do not apply:</b> This is supported by the passage. Lines 36-41 state, ""authenticity is a foreign concept"" in certain cultures, and this is ""true of much African art, where the authenticity of an object is considered by collectors to depend on its function."" This clearly describes a culture where the traditional Western distinctions of fake and original are not relevant, but rather the object's purpose. Thus, an example is provided.</p>","<p><b>Contemporary artists whose works have inspired fakes:</b> This is *not* supported by the passage. While the passage mentions Michelangelo (lines 28-35) whose ""genius made him the object of imitators"" (meaning his works inspired fakes), Michelangelo lived during the Italian Renaissance (line 24), which is centuries ago. He is not a ""contemporary artist."" The passage provides no examples of artists from the present day whose works have inspired fakes. Therefore, this is the correct answer as it is the *EXCEPT* option.</p>"
borodulya/lsat101.s1.passage-4-question-25.jy.mp4,128,1,25,"The core of the passage is found in the first few lines, stating, ""A fake can be defined as an artwork intended to deceive. The motives of its creator are decisive, and the merit of the object itself is a separate issue."" This explicitly distinguishes the artistic merit of the object (the fake) from the creator's intent or the circumstances of its production. Therefore, a fake can possess artistic merit on its own, irrespective of whether it was created to deceive. Option C directly captures this implication.","This option contradicts the passage. The passage states that the ""merit of the object itself is a separate issue"" from the motives of its creator and the intent to deceive. This means a fake *can* have artistic merit, despite its deceptive origins, not that it 'cannot'.","This option incorrectly links the artistic merit of a fake to the success of the deception. The passage emphasizes that the object's merit is a 'separate issue' from the circumstances of its production (including the success or failure of deception), not dependent on it.","This option correctly interprets the passage. By stating that the 'merit of the object itself is a separate issue' from the creator's deceptive motives, the author implies that a fake's artistic merit is independent of its production circumstances. Thus, a fake may or may not have artistic merit on its own terms, regardless of how or why it was produced.","The passage does not provide any information to suggest that a fake's artistic merit depends on the creator's accomplishment as an artist. While an accomplished artist might produce a higher quality fake, the text does not establish this as the *basis* for a fake's artistic merit, especially in contrast to the core point about deceptive intent being separate from merit.",This option introduces a factor not discussed in the passage. The passage makes no claim that the artistic merit of a fake is dependent on the merit of the original work it was inspired by. The discussion focuses solely on the fake's merit being separate from its deceptive nature.
borodulya/lsat101.s1.passage-4-question-26.jy.mp4,128,1,26,"<p>The question asks which of the options would be considered 'authentic' according to the standards described in the last paragraph of the passage. The last paragraph establishes that authenticity, particularly in certain cultures like African art, depends on an object's function or purpose, as determined by collectors or experts. It's about whether the object serves its intended role. We need to look for an option that emphasizes the object's function.</p>","<p>This option describes an 'ancient Roman copy of an ancient Greek sculpture.' It refers to the origin and nature of the object (a copy) but does not mention anything about its function or whether it serves a traditional purpose. Therefore, it does not meet the authenticity standard from the passage.</p>","<p>This option describes 'a painting begun by a Renaissance master and finished by his assistants after his death.' This details the authorship and creation process of the painting, but it does not discuss the painting's function or purpose. Hence, it does not fit the passage's definition of authenticity.</p>","<p>This option refers to 'a print of a painting signed by the artist who painted the original.' Similar to options A and B, this focuses on the item's creation and its connection to the original artist, rather than its function or purpose. It is not considered authentic by the given standard.</p>","<p>This option describes 'a faithful replica of a ceremonial crown that preserves all the details of, and is indistinguishable from, the original.' While it emphasizes the replica's exact likeness to the original, it crucially omits any mention of whether the replica actually serves the ceremonial function. Merely being indistinguishable visually is not enough; it needs to serve the purpose. Therefore, it falls short of the authenticity standard.</p>","<p>This option describes 'a modern reconstruction of a medieval altarpiece designed to serve its traditional role in a service of worship.' This directly aligns with the passage's standard for authenticity. The key phrase 'designed to serve its traditional role' explicitly states that the object fulfills its function and purpose, which is the definition of authenticity as established in the last paragraph. Therefore, this is the correct answer.</p>"
borodulya/lsat101.s1.passage-4-question-27.jy.mp4,128,1,27,"The last paragraph introduces a crucial nuance to the passage's discussion of authenticity. While previous paragraphs explored the historical context and challenges of distinguishing between fake and original art in Western cultures, the final paragraph reveals that the very concept of authenticity as a distinction between 'fake' and 'original' is culturally relative. It uses the example of African art, specifically a Bambara mask, to illustrate that in some cultures, the authenticity of an object is tied to its function or ceremonial purpose rather than its age, creator, or material originality. This broadens the scope of the discussion by presenting an alternative cultural perspective on the core distinction (fake vs. original) that the passage has been exploring, effectively examining another 'facet' of this distinction.","This option is incorrect. The last paragraph does not offer a tentative answer to a question about distinguishing fake from original. Instead, it questions the universality of the distinction itself, suggesting that the concept of 'authenticity' as understood in the West (original vs. replica) is a 'foreign concept' in some cultures.","This option is incorrect. The last paragraph introduces a new example (African art) and a different cultural perspective, rather than summarizing the detailed account of European art and faking practices presented in the preceding paragraph.","This option is incorrect. The preceding paragraph discusses the historical flourishing of art collecting and faking in Imperial Rome and the Italian Renaissance. The last paragraph, by introducing a different cultural understanding of authenticity, does not directly support the specific arguments or historical claims made in the preceding paragraph. It shifts the cultural context and conceptual framework.","This option is correct. The passage initially establishes a distinction between 'fake' and 'original.' The last paragraph, by discussing how 'authenticity is a foreign concept' in certain cultures and illustrating this with the Bambara mask, examines 'another facet' of this distinction. It shows that the very criteria for what constitutes authenticity, or the relevance of the fake/original distinction, can vary significantly across cultures.","This option is incorrect. The last paragraph does not affirm a general principle enunciated at the beginning. While one might interpret the initial discussion as implying the difficulty of distinguishing fake from original, the last paragraph does more than just affirm this difficulty. It challenges the underlying assumptions of the fake/original distinction itself by introducing a culturally different perspective on authenticity, thereby complicating, rather than simply affirming, any earlier 'general principle' about it."
borodulya/lsat109.s2.passage-4-question-28.jy.mp4,128,1,28,"The question asks what Bentham characterized as ""preference of ignorance to knowledge"" according to the fourth paragraph. The fourth paragraph (lines 33-39) explains that while some evidence might be inherently unreliable, Bentham argued that the *jury* should weigh the character of this evidence. The passage states: ""Bentham argued that the character of evidence should be weighed by the jury; the alternative was to prefer ignorance to knowledge."" This implies that the ""alternative"" (which Bentham criticized as preferring ignorance to knowledge) was the practice of *not* allowing the jury to hear and assess certain testimony, effectively deciding for them what is reliable or misleading.","This option suggests uncritical acceptance of legal conventions. The passage indicates Bentham was critical of existing legal conventions and sought reform, not uncritical acceptance. He challenged the traditional exclusions of evidence.","This option suggests a failure to weigh the advantages of legal reform. This is incorrect because the passage is discussing Bentham's specific characterization of a particular legal practice, not his general stance on weighing legal reform advantages. Bentham himself was a proponent of legal reform, particularly the nonexclusion principle.","This option mentions the exclusion of sacramental confessions. While sacramental confessions are discussed in the paragraph (line 46), they are presented as an example of an exception to Bentham's nonexclusion principle that was granted by the modern legal system (or, earlier in the paragraph, as a narrow exception Bentham envisioned for practical reasons, not as the definition of preferring ignorance to knowledge). The ""preference of ignorance to knowledge"" is Bentham's broader critique of *not* allowing the jury to assess evidence, rather than a specific type of excluded evidence.","This option correctly identifies Bentham's characterization. Bentham believed that preventing the jury from hearing and assessing testimony, even if it was deemed unreliable by pre-existing rules, was equivalent to preferring ignorance over allowing a full understanding of the facts. He advocated for the jury to weigh *all* relevant evidence, meaning that refusing them this opportunity constituted a 'preference of ignorance to knowledge'.","This option states rejection of exceptions to Bentham's nonexclusion principle. This is incorrect. The passage states that Bentham *did* envision narrow exceptions to his principle (lines 28-32). Furthermore, the author of the passage suggests that Bentham's exceptions were *too narrow* and that modern law allows for *more* exclusions than Bentham would have liked (lines 53-56). Therefore, Bentham did not reject all exceptions, and the author actually advocates for more, not a rejection of existing ones."
borodulya/lsat110.s1.passage-4-question-19.jy.mp4,128,4,19,"Question 19 asks what is true about both the United Nations Convention and the UNHCR Handbook. The correct answer is D because both documents suggest that the social-group category can be applied to a wide variety of asylum-seekers. The Convention introduced the social group category as a 'safety net' for those not fitting other categories, indicating its broad intended application. The Handbook, in turn, provides an 'expansive interpretation' of this social-group category, further solidifying its wide applicability. Other options are incorrect because they either make claims that are too broad, are explicitly contradicted by the passage, or describe features that apply to only one of the documents, not both.","<p>Option A is incorrect because the passage does not support the idea that both documents are likely to exert a strong influence on improving the general status of women in member countries. The passage discusses their influence on national asylum laws, which is a much narrower scope than 'improving the status of women' broadly.</p>","<p>Option B is incorrect because neither the United Nations Convention nor the UNHCR Handbook explicitly supports granting refugee status to women fleeing gender-based persecution. The Convention does not explicitly list gender as a basis for persecution, and while the Handbook interprets the 'social group' category to include women fleeing such persecution, this is an interpretation rather than explicit support from both documents.</p>","<p>Option C is incorrect. While it is possible to make a strong argument that women fit under the social group category based on the interpretations, neither document *recommends* using the social-group category specifically to classify women refugees seeking asylum from persecution. The Convention established the category, and the Handbook provided an interpretation, but a direct recommendation from both for *classifying women refugees* in this way is not stated.</p>","<p>Option D is the correct answer. The Convention introduced the social-group category as a 'safety net' for asylum-seekers who did not neatly fit into other enumerated categories, thereby implying a broad application. The Handbook subsequently offers an 'expansive interpretation' of this category, which is described as being 'resonant with the intentions of the Convention drafters'. This demonstrates that both documents, through their content and intent, support the idea that the social-group category can be applied to a wide variety of asylum-seekers.</p>","<p>Option E is incorrect because the specific description of a social group as 'persons who share a similar background and hold a similar status in society' is provided only by the UNHCR Handbook, not by both the Convention and the Handbook. The question requires what is true about *both* documents.</p>"
borodulya/lsat110.s1.passage-4-question-20.jy.mp4,128,4,20,"<p>The passage explicitly states that the drafters of the UN Convention intentionally left the social-group category undefined (lines 29-31) to maintain flexibility for unanticipated situations. This suggests they recognized the difficulty of listing every possible reason for seeking refuge, thus creating a broad category to encompass future scenarios, including those not explicitly foreseen at the time of drafting. Option C accurately captures this intent.</p>","<p>Incorrect. The passage does not mention any intention for the United Nations to be consulted for new reasons for seeking refugee status. The focus is on the Convention's internal flexibility, not on external consultation.</p>","<p>Incorrect. The passage indicates that the United Nations Convention *added* the 'social group' category as a 'safety net' (lines 24-26), improving upon the original definition from the International Refugee Organization (IRO) which did not include it (lines 21-23). This shows they *did not follow* the precedent set by the IRO in this regard, but rather expanded upon it, particularly concerning issues like gender-based persecution.</p>",<p>Correct. The passage states that the drafters ,"<p>Incorrect. The passage explicitly contradicts this. The addition of the 'social group' category by the UN Convention was intended to provide a 'safety net' for asylum-seekers, including women facing gender-based persecution (lines 24-28, 42-46). This indicates they *did* consider gender-based persecution as a valid reason, even if not explicitly listed as a separate category.</p>","<p>Incorrect. The passage does not provide any information suggesting that gender-based persecution was not a significant problem when the Convention was drafted. Instead, it highlights how the broad 'social group' category was intended to cover such issues, implying an awareness of their potential or actual significance.</p>"
borodulya/lsat101.s1.passage-4-question-21.jy.mp4,128,4,21,"The passage primarily explores the multifaceted and complex question of what constitutes 'fake' versus 'original' art, examining various historical and cultural perspectives rather than advocating a specific viewpoint or reconciling conflicting ones. It delves into the nuances of definition based on intent, historical context, and cultural values.","<p>This option suggests that the passage's main purpose is to reconcile varied points of view. While the passage certainly presents different perspectives on what constitutes 'fake' or 'original' art across different historical periods and cultures, it does not attempt to reconcile these views into a unified conclusion. Instead, it highlights the diversity and complexity of these viewpoints. Therefore, 'reconciling' is an inaccurate descriptor of the passage's overall function.</p>","<p>This option claims the passage chronicles the evolution of a phenomenon. The video correctly points out that paragraph two *does* provide a chronological survey of faking from Imperial Rome through the Renaissance. However, this is only part of the passage, and the description 'evolution' might be a stretch, as it's more of a survey of differing practices and perceptions over time rather than a continuous, developing evolution. More importantly, this option is too narrow to describe the entire passage's purpose, which goes beyond just historical chronology to include cultural differences and the very definition of 'authenticity'.</p>","<p>This option states the passage is exploring a complex question. This is a very strong fit for the passage's overall purpose. The passage introduces the complex question of what defines a 'fake' artwork, then explores this complexity by discussing the role of intent, historical context (Roman copies, medieval devotional art, Renaissance individual identity), and cultural perspectives (African art where authenticity depends on function). The entire passage serves to unpack and examine this intricate issue, making 'exploring a complex question' an accurate and comprehensive description.</p>","<p>This option suggests the passage is advocating a new approach. The passage does not propose or argue for any particular new method, theory, or way of dealing with art or authenticity. It is descriptive and analytical, presenting information and different perspectives, but it does not take an advocacy stance for a novel approach. Therefore, this option is incorrect.</p>","<p>This option posits that the passage is rejecting an inadequate explanation. While the passage implicitly challenges simplistic definitions of 'fake' or 'original' art, it does so by presenting a broader, more nuanced understanding rather than explicitly rejecting a single, stated 'inadequate explanation.' The passage's scope is more about exploring the depth of the issue rather than debunking a specific, flawed premise. Therefore, this option does not fully capture the breadth of the passage's purpose.</p>"
borodulya/lsat101.s1.passage-4-question-23.jy.mp4,128,4,23,"The passage defines a fake in its first sentence: ""A fake can be defined as an artwork intended to deceive. The motives of its creator are decisive..."" This clearly states that the creator's intention to deceive is the defining characteristic of a fake. Therefore, we are looking for an answer choice that reflects this motive.","This option describes adopting an artistic style, which the passage mentions as one of the 'possibilities' (lines 7-8) that lie between being a fake and an original, such as 'works by an artist's followers in the style of the master' (lines 8-9). However, merely adopting a style does not inherently mean there was an intent to deceive, which is the decisive factor for classifying an artwork as a fake.","The passage mentions 'deliberate archaism, copying for pedagogical purposes' (lines 9-10) as examples of works that fall into a grey area, not necessarily fakes. Imitating a work as a learning exercise does not, by itself, constitute an intent to deceive.","This option directly aligns with the passage's definition of a fake. If the person who created the artwork 'wanted other people to be fooled by its appearance,' this indicates an 'intent to deceive,' which the passage explicitly states makes the creator's motives 'decisive' in classifying the work as a fake.","The passage refers to 'the production of commercial facsimiles' (lines 10-11) as another possibility that isn't necessarily a fake. Making identical copies for sale does not automatically mean they are intended to deceive, especially if they are sold as copies or reproductions.","The passage mentions 'deliberate archaism' (lines 9-10), meaning making something resemble art of an earlier era. Similar to option A and B, this characteristic alone does not define an artwork as a fake according to the passage. The key is the creator's intent to deceive, not merely the resemblance to older art."
borodulya/lsat101.s1.passage-4-question-22.jy.mp4,128,4,22,"The passage explores the multifaceted nature of 'faking art' across different cultures and historical periods. It highlights that the definition and perception of a 'fake' are not universal and depend on a variety of circumstances, including the creator's motives, the object's function, and cultural perspectives. The passage emphasizes the complexity and difficulty in definitively labeling a work of art as fake.","<p>This option states that the faking of art has occurred 'throughout history and in virtually every culture.' The video points out that this claim is factually inaccurate and an overstatement. The passage primarily focuses on European examples and later introduces African art to demonstrate a different concept of authenticity, not to prove global pervasiveness of 'faking' as defined in Western terms. Furthermore, the passage notes that faking was 'virtually nonexistent' during the Italian Renaissance, which contradicts 'throughout history.' Therefore, this option fails both the factual accuracy and emphasis tests for a main point.</p>","<p>This option suggests that 'whether a work of art is fake or not is less important than whether it has artistic merit.' The video correctly notes that the passage does not make such a comparative claim. The first paragraph explicitly states that 'the merit of the object itself is a separate issue' from the creator's intent to deceive. The passage treats these as distinct concerns, not as one being more or less important than the other. Thus, this option misrepresents the author's stance.</p>","<p>This option claims it's possible to show a work is fake, but authenticity cannot be proved conclusively. The video identifies a 'false distinction' in this statement. If a work is conclusively shown to be fake (as per the passage's definition related to creator's intent to deceive), then its lack of authenticity *has* been proven conclusively. The concepts of 'fake' and 'authenticity' are intrinsically linked in this context, not separable in the way the option suggests. The passage doesn't support the idea that proving a work is fake doesn't simultaneously address its authenticity.</p>","<p>This option asserts that 'a variety of circumstances make it difficult to determine whether a work of art can appropriately be called a fake.' The video endorses this option, noting that it captures the 'whole spectrum' of issues discussed. The passage provides numerous examples of such circumstances: the creator's intent (first paragraph), different historical periods and their attitudes towards copying (Imperial Rome, Medieval Europe, Renaissance), and cultural contexts where authenticity depends on function rather than mere origin (African art). The passage consistently highlights the complexities and nuances involved in defining and identifying a 'fake,' making this the most accurate and comprehensive expression of the author's main point.</p>","<p>This option states that 'without an international market to support it, the faking of art would cease.' The video quickly dismisses this option. While the passage mentions 'commercial facsimiles' and Michelangelo's act for monetary gain, it also discusses faking for 'pedagogical purposes' and 'devotional uses.' The third paragraph further elaborates on how the concept of authenticity in African art is tied to function, not exclusively market value. This option presents an extreme and overly simplistic cause-and-effect relationship that is not supported by the broader scope of motivations and cultural differences discussed in the passage.</p>"
borodulya/lsat101.s1.passage-4-question-24.jy.mp4,128,4,24,"<p>Question 24 asks for the option that is NOT exemplified in the passage. We need to find four options that ARE supported by the text, and the remaining option will be the correct answer (the one the author does NOT provide an example for).</p>","<p>The author discusses categories of art that are neither wholly fake nor wholly original in the first paragraph. The phrase ""the text begins by noting a variety of possibilities somewhere between the two extremes"" refers to these categories. Examples include works by an artist's followers, deliberate archaism, copying for pedagogical purposes, and the production of commercial facsimiles.</p>","<p>The passage provides an example of a culture where faking art flourished: Imperial Rome. The text states, ""In Imperial Rome there was a widespread interest in collecting earlier Greek art, and therefore in faking it.""</p>","<p>The text implies the qualities prized by art collectors. In Imperial Rome, collectors had a ""widespread interest in collecting earlier Greek art,"" which led to faking. This suggests that the collectors prized the appearance or style of Greek art, even if the pieces were not original Greek artifacts. This is an example of a quality (looking like Greek art) that collectors prized.</p>","<p>The passage describes a culture where the categories of ""fake"" and ""original"" do not apply directly. It states, ""Fake? also reminds us that in certain cultures authenticity is a foreign concept. This is true of much African art, where the authenticity of an object is considered by collectors to depend on its function."" The example of the Bambara people of Mali and their masks further illustrates this.</p>","<p>The passage does NOT provide an example of contemporary artists whose works have inspired fakes. While Michelangelo is mentioned as having ""imitators,"" he is a historical figure from the Renaissance, not a contemporary artist. The term ""contemporary"" implies living artists.</p>"
borodulya/lsat101.s1.passage-4-question-25.jy.mp4,128,4,25,"The passage states that while the creator's motive is decisive in defining something as a fake, 'the merit of the object itself is a separate issue.' This implies that a fake can possess artistic merit independently of whether its creator intended to deceive, or the circumstances of its production. Therefore, artistic merit is an intrinsic quality of the object, not contingent on its deceptive origin.","This option claims that a fake 'cannot be said to have true artistic merit' due to its production circumstances. This directly contradicts the passage's assertion that 'the merit of the object itself is a separate issue,' meaning the artistic merit is not determined by its origin as a fake.","This option suggests that a fake has artistic merit 'only if the attempted deception is successful.' This incorrectly links artistic merit to the success of the deception, which is not supported by the passage. The passage states that the object's merit is a 'separate issue' from the creator's intent to deceive.","This option correctly states that 'A fake may or may not have artistic merit in its own right, regardless of the circumstances of its production.' This aligns with the passage's point that the 'merit of the object itself is a separate issue' from the creator's deceptive motives and the circumstances of its creation.","This option proposes that artistic merit depends on 'whether its creator is accomplished as an artist.' The passage does not make this claim. While an accomplished artist might produce a higher quality fake, the text focuses on the distinction between the object's inherent merit and its status as a fake, not the skill of its creator.","This option claims that the artistic merit of a fake 'depends on the merit of the original work that inspired the fake.' The passage does not discuss a direct dependency between the merit of a fake and the original work it imitates. The focus is on the fake's own merit as an object, independent of its fakeness or original inspiration."
borodulya/lsat101.s1.passage-4-question-26.jy.mp4,128,4,26,"According to the last paragraph, authenticity is determined by an object's function or purpose, as defined by collectors and experts. The authentic item is the one that serves its traditional role or purpose.","This option describes a copy of a sculpture, but does not mention anything about its function or purpose, making it not authentic by the given standard.","This option describes a painting whose creation was split between a master and assistants. It focuses on authorship and creation, not the object's function or purpose, therefore it is not authentic by the given standard.","This option describes a print of a painting. Similar to options A and B, it focuses on the origin and form rather than the function or purpose of the art piece, so it is not authentic.","This option describes a faithful replica that is indistinguishable from the original. While it emphasizes the visual accuracy, it fails to mention whether the replica serves the same ceremonial function as the original, thus it does not meet the authenticity standard based on function.","This option describes a modern reconstruction of an altarpiece that is 'designed to serve its traditional role in a service of worship.' This explicitly states the object's purpose and function, which aligns with the standard of authenticity described in the last paragraph of the passage."
borodulya/lsat101.s1.passage-4-question-27.jy.mp4,128,4,27,"The question asks for the function of the last paragraph in the context of the passage. The speaker notes that the structure of the passage for this specific question felt 'muddy,' making it hard to anticipate the answer directly. He advises to approach it by eliminating incorrect choices.","This option suggests the paragraph offers a tentative answer to a question posed in the opening. The speaker considers what question might be posed (e.g., about fake vs. original art). He concludes the paragraph does not provide a metric for distinguishing fake from original, but rather points out that the concept of 'fake vs. original' is culturally narrow. Therefore, A is incorrect.","This option states the paragraph summarizes an account from the preceding paragraph. The speaker dismisses this, noting that the preceding paragraph discusses Europe, while the last paragraph focuses on Africa. They are not summarizing each other. Therefore, B is incorrect.","This option claims the paragraph provides additional support for an argument advanced in the preceding paragraph. The speaker identifies a potential argument in the second paragraph (about the correlation between faking art and the flourishing of art collection). However, he states that the last paragraph is not part of that argument. Therefore, C is incorrect.","This option proposes the paragraph examines another facet of a distinction developed in the preceding paragraphs. The speaker strongly agrees with this. He explains that the distinction is between 'fake' and 'original,' and the last paragraph examines another facet by arguing that the very concept of authenticity/originality is culturally specific and foreign to certain cultures (African art), thus broadening or critiquing the distinction previously discussed. This is a strong fit.","This option suggests the paragraph affirms a general principle enunciated at the beginning of the passage. The speaker initially struggles to completely dismiss this, considering if a 'general principle' could be that 'it's hard to tell fake from original.' However, when compared with option D, he finds D to be a 'way better description' because the paragraph doesn't just affirm a principle but *examines* a cultural aspect of the distinction, challenging its universality rather than simply restating it. Therefore, E is less accurate than D."
borodulya/lsat110.s1.passage-4-question-20.jy.mp4,127,4,20,"The drafters of the United Nations Convention intentionally left the boundaries of the 'social-group' category undefined. Their intention was to maintain flexibility, recognizing that it would be challenging to foresee and explicitly list every possible reason why a person might seek refuge from persecution. This approach allowed the Convention to adapt to unanticipated situations and cover cases not explicitly enumerated in its original definition.","<p>This option is incorrect. The passage does not suggest that the drafters intended for the United Nations to be consulted for new reasons for seeking refugee status. Instead, they built flexibility directly into the Convention's definition by leaving the social-group category undefined.</p>","<p>This option is incorrect. The passage states that the *original definition* of a refugee, which came from the International Refugee Organization (IRO), did not include a 'social group' category. The United Nations Convention *added* this category, specifically to provide a 'safety net' for asylum-seekers who didn't fit other categories, including those facing gender-based persecution. Therefore, the drafters did not simply follow the IRO precedent but expanded upon it.</p>",<p>This option is correct. The passage explicitly states that 'The drafters of the Convention intentionally left the precise boundaries of the social-group category undefined to ensure that the category would retain the flexibility necessary to address unanticipated situations.' This directly supports the idea that they recognized the difficulty of listing every possible reason for persecution and wanted to allow for future interpretations.</p>,"<p>This option is incorrect. The passage indicates the opposite. The inclusion of the 'social-group' category was intended to cover groups such as women facing gender-based persecution, suggesting that the drafters did consider gender-based persecution to be a valid reason for asylum, even if not explicitly named alongside race, nationality, or religion in the initial specific categories.</p>","<p>This option is incorrect. The passage does not state that gender-based persecution was not a significant problem when the Convention was drafted. In fact, the inclusion of the 'social-group' category and its subsequent interpretation to include women facing gender-based persecution suggests that such issues were indeed significant or anticipated to become so, prompting the need for a flexible definition.</p>"
borodulya/lsat110.s1.passage-4-question-19.jy.mp4,127,4,19,The question asks what is true about both the United Nations Convention and the UNHCR Handbook. This passage is from the last section and contains difficult questions. The key is to understand the relationship and specific statements made by each document regarding the 'social group' category and women refugees.,"<p>This option states that both documents are likely to exert a strong influence on improving the status of women in countries that are members of the United Nations. The speaker identifies this as too broad. The passage discusses the documents' influence on national laws regarding asylum, not the overall status of women. Therefore, this option is incorrect.</p>","<p>This option claims both documents explicitly support granting refugee status to women fleeing gender-based persecution. The speaker refutes this, stating that neither the UN Convention nor the Handbook explicitly makes such a statement. While the Handbook expands on the 'social group' category to potentially include women facing gender-based persecution, it doesn't explicitly support granting refugee status to all women fleeing such persecution. Therefore, this option is incorrect.</p>","<p>This option suggests both documents recommend using the social-group category to classify women refugees seeking asylum from persecution. The speaker clarifies that the documents do not 'recommend' this. While the interpretation of the Convention and the Handbook allows for women to fit under the social group category, the documents themselves do not issue a direct recommendation for classification in this manner. Therefore, this option is incorrect.</p>","<p>This option states that both documents suggest that the social-group category can be applied to a wide variety of asylum-seekers. The speaker identifies this as the correct answer. The passage explains that the Convention intentionally left the boundaries of the social-group category undefined to retain flexibility, acting as a 'safety net' for asylum-seekers not covered by other categories. The Handbook then provides an 'expansive interpretation' of 'social group,' supporting its broad application. This aligns with both documents suggesting a wide applicability of the category. Therefore, this option is correct.</p>","<p>This option claims both documents describe a social group as persons who share a similar background and hold a similar status in society. The speaker points out that this specific definition is provided only by the UNHCR Handbook (lines 37-39), not by the Convention itself. Since the statement asserts that *both* documents describe it this way, and only one does, this option is incorrect.</p>"
borodulya/lsat101.s1.passage-4-question-21.jy.mp4,127,4,21,"The question asks for the best description of what the passage is doing. This is a main purpose or function question. The passage explores the multifaceted nature of 'faking' art, examining its various contexts, motivations, and historical interpretations. It delves into a complex idea rather than simply reconciling views, chronicling a straightforward evolution, advocating a new approach, or rejecting a single inadequate explanation.","This option is incorrect. While the passage presents different perspectives on 'faking' (e.g., intent to deceive vs. copying, different cultural views on authenticity), it does not attempt to reconcile these varied points of view into a unified perspective. It primarily explores their existence and implications.","This option is incorrect. The second paragraph does offer a chronological survey of faking in different historical periods (Imperial Rome, Medieval Europe, Renaissance). However, the passage as a whole is not solely focused on 'chronicling the evolution' of faking. Furthermore, the term 'evolution' suggests a progressive development, which the passage doesn't entirely present for the phenomenon of faking art. It describes different manifestations across time and cultures, but not necessarily a linear evolution.","This option is correct. The passage initiates with a definition of a 'fake' and then expands upon the complexities of this concept. It explores how 'faking' encompasses various behaviors (imitation, copying for pedagogical purposes, commercial facsimiles) and how its perceived authenticity depends on historical context, cultural perspective (African art), and the function of the object. The question of what constitutes 'fake' versus 'original' is indeed a complex one, and the passage's primary purpose is to explore its nuances and multiple dimensions.","This option is incorrect. The passage analyzes existing ideas and historical instances related to 'faking' art, but it does not propose or argue for a new way of approaching or understanding the topic. It is descriptive and analytical, not prescriptive.","This option is incorrect. While the passage implicitly challenges a simplistic understanding of 'fake' versus 'original' by presenting a more nuanced view, its main function is not to 'reject an inadequate explanation.' There isn't a single, explicit 'inadequate explanation' that the passage is solely dedicated to refuting. Rather, it expands on a complex topic."
borodulya/lsat101.s1.passage-4-question-23.jy.mp4,127,4,23,"The passage defines a fake based on the creator's motive to deceive. The first few lines explicitly state, ""A fake can be defined as an artwork intended to deceive. The motives of its creator are decisive..."" This establishes that the intention of the creator to fool others is the definitive characteristic for classifying an artwork as fake.","This option describes adopting an artistic style. The passage mentions ""works by an artist's followers in the style of the master,"" but this alone does not constitute a fake. The crucial element is the intent to deceive, which is not present in simply adopting a style or imitating a mentor.","The passage notes ""copying for pedagogical purposes"" (line 10) as a legitimate reason for imitation. If the imitation is for learning and not intended to deceive buyers or viewers about the artwork's origin or authenticity, it would not be classified as a fake.","This option directly aligns with the passage's definition. If the creator ""wanted other people to be fooled by its appearance,"" this demonstrates the ""intent to deceive"" that the passage identifies as the decisive factor for an artwork to be definitively classified as a fake.","The passage refers to ""the production of commercial facsimiles"" (lines 10-11). Making multiple copies available for sale does not automatically make them fakes. As long as these are sold as copies or reproductions and not misrepresented as originals, there is no intent to deceive.","The passage discusses ""deliberate archaism"" (line 10) and the historical practice of collecting ""Roman copies"" of ""Greek art"" (lines 19-20). Creating art that resembles an earlier era or style is not inherently deceptive. It only becomes a fake if the creator intends for it to be passed off as an authentic piece from that earlier period, thereby deceiving others."
borodulya/lsat101.s1.passage-4-question-22.jy.mp4,127,4,22,"For main point questions, the speaker typically tries to anticipate the answer. However, for this particular question, the main point was not immediately clear from the passage alone. In such cases, the strategy is to rely on the process of elimination. By carefully evaluating each answer choice against the passage's content and main themes, incorrect options can be discarded, allowing the correct main point to emerge as the best fit. The speaker notes that the passage highlights the difficulty in determining authenticity and fakeness across various contexts and historical periods.","<p>This option states that the faking of art has occurred throughout history and in virtually every culture. The speaker finds this factually inaccurate based on the passage. The passage primarily discusses European cultures (Greek, Roman, medieval Europe, Italian Renaissance) and briefly touches upon African art, but does not provide evidence to support the claim of it occurring in ""virtually every culture."" Since a main point must be factually accurate and central to the passage, this option is eliminated.</p>","<p>This option suggests that whether a work of art is fake or not is less important than whether it has artistic merit. The speaker argues that the passage is not concerned with comparing the importance of these two aspects. While the passage acknowledges artistic merit as a distinct issue, it does not make an argument prioritizing one over the other. The passage focuses on the difficulty of determining fakeness/authenticity, not on their relative importance compared to artistic merit. Thus, this option is eliminated.</p>","<p>This option claims it is possible to show that a work of art is fake, but that its authenticity cannot be proved conclusively. The speaker points out a false distinction being drawn here. If a work is conclusively shown to be fake (e.g., based on the creator's motives being decisive), then its authenticity is inherently disproven. There isn't a separate, conclusive proof of authenticity required beyond disproving fakeness in the context the passage presents. This option introduces a confusing and unsupported distinction, leading to its elimination.</p>","<p>This option posits that a variety of circumstances make it difficult to determine whether a work of art can appropriately be called fake. The speaker initially hesitated but ultimately identifies this as the correct answer. The passage provides numerous examples and discussions that underscore this difficulty: the separate issue of the object's merit versus its origin, the spectrum between original and fake, the challenges with ancient Greek and Roman copies, the nuances of Michelangelo's work, and the cultural context of African art where authenticity depends on function. These examples collectively support the idea that determining fakeness is a complex endeavor due to diverse circumstances.</p>","<p>This option states that without an international market to support it, the faking of art would cease. The speaker dismisses this option as irrelevant and unsupported by the passage. The passage does not discuss the role of an international market or its impact on the cessation of art faking. This option introduces an external factor not central to the author's argument or concerns within the text. Therefore, it is eliminated.</p>"
borodulya/lsat101.s1.passage-4-question-24.jy.mp4,127,4,24,The question asks to identify the option for which the author does *not* provide at least one example in the passage. We need to check each option against the text.,"<p>The passage explicitly states in the first paragraph, lines 7-11: 'These include works by an artist’s followers in the style of the master, deliberate archaism, copying for pedagogical purposes, and the production of commercial facsimiles.' These are all examples of categories of art that fall between the extremes of wholly fake and wholly original.</p>","<p>The passage provides an example of a culture where faking flourished in the second paragraph, lines 15-18: 'in Imperial Rome there was a widespread interest in collecting earlier Greek art, and therefore in faking it.' This clearly shows a culture where art faking was prevalent.</p>","<p>The passage provides examples of qualities collectors prize. In Imperial Rome (lines 16-18), collectors prized 'earlier Greek art,' leading to faking. This implies they valued the aesthetic qualities of Greek art. Later, with Michelangelo's 'Sleeping Cupid' (lines 28-30), the art was valued because it 'look[ed] as though it had been buried in the earth so that it will be taken for antique.' This indicates collectors prized antiquity. The discussion of African art also implies collectors prize art for its 'function' (lines 38-40).</p>","<p>The passage discusses African art in the fourth paragraph, lines 36-49, where 'authenticity is a foreign concept.' It explains that 'the authenticity of an object is considered by collectors to depend on its function.' The example of the chi wara mask clarifies that a ritual mask is 'authentic' because of its function, while a replica lacks authenticity due to its lack of functional purpose. This demonstrates a culture where the Western categories of 'fake' and 'original' (based on creation/origin) do not apply in the same way, as function is paramount.</p>","<p>The passage mentions Michelangelo's works making him 'the object of imitators' (line 35). However, Michelangelo lived during the Renaissance (lines 24-25), which is not considered 'contemporary.' The passage does not provide any examples of artists who are alive today (contemporary) whose works have inspired fakes.</p>"
borodulya/lsat101.s1.passage-4-question-25.jy.mp4,127,4,25,"<p>The core argument in the passage, particularly from the second sentence, states that while the creator's motives are decisive for determining if something is a fake, the merit of the object itself is a separate issue. This implies that a fake can possess artistic merit independently of the circumstances or intent behind its creation.</p>","<p>This option states that a fake cannot have true artistic merit due to its production circumstances. This directly contradicts the passage, which explicitly states that the merit of the object is a 'separate issue' from its creator's motives, including the intent to deceive.</p>","<p>This option suggests that a fake only has artistic merit if the attempted deception is successful. The passage makes it clear that artistic merit is not tied to the success or failure of the deception attempt, as the object's merit is a 'separate issue'.</p>","<p>This option accurately reflects the author's implication. By stating that the 'merit of the object itself is a separate issue' from the creator's deceptive motives, the author implies that a fake's artistic merit is intrinsic to the object and independent of the circumstances of its production (i.e., whether the creator intended to deceive or not).</p>","<p>This option ties a fake's artistic merit to whether its creator is an 'accomplished artist'. The passage provides no information to support this claim. The author's discussion focuses on the intent of deception and the inherent merit of the object, not the skill level of the faker.</p>","<p>This option claims that the artistic merit of a fake depends on the merit of the original work that inspired it. The passage does not suggest this relationship. The artistic merit of a fake is presented as an independent quality, separate from both the creator's intent and any original piece.</p>"
borodulya/lsat101.s1.passage-4-question-26.jy.mp4,127,4,26,"According to the last paragraph, authenticity depends on the 'function' or 'purpose' of an object. The item that is functioning and serving its intended purpose is deemed authentic.","This option describes a copy of a sculpture, but it doesn't mention anything about its function, therefore it is not considered authentic by the given standard.","This option describes a painting's creation process but, again, fails to mention its function or purpose, making it inauthentic according to the standard.","This option describes a print of a painting, but it does not specify any functional aspect, thus failing to meet the authenticity standard.","This option describes a replica that is indistinguishable from the original but, crucially, it omits any mention of the replica's function or use. If it stated that the replica was *used* for its ceremonial purpose, it would be authentic, but it does not.","This option describes a reconstruction 'designed to serve its traditional role in a service of worship.' This explicitly states the object's function and purpose, thereby meeting the authenticity standard described in the last paragraph."
borodulya/lsat101.s1.passage-4-question-27.jy.mp4,127,4,27,"<p>The last paragraph serves to introduce a different cultural perspective on the concept of authenticity, specifically in African art. It highlights that in some cultures, the authenticity of an object is tied to its function, not necessarily its age or original creation, thereby challenging the universal applicability of the 'fake versus original' distinction discussed earlier in the passage. This aligns with examining another facet of a previously developed distinction.</p>","<p>This option is incorrect because the last paragraph does not offer a tentative answer to a question posed in the opening paragraph. Instead, it challenges the fundamental cultural assumptions behind such questions regarding authenticity.</p>","<p>This option is incorrect because the last paragraph does not summarize the preceding paragraph. The preceding paragraph focuses on European art and its history of faking and collecting, while the last paragraph shifts to a new cultural context—African art—to introduce a different perspective on authenticity.</p>","<p>This option is incorrect because the last paragraph does not provide additional support for an argument advanced in the preceding paragraph. The preceding paragraph discusses historical patterns of faking and collecting in Europe. The final paragraph introduces a new idea about culturally specific concepts of authenticity, which is not merely supporting an earlier argument but expanding on the concept of authenticity itself.</p>",<p>This is the correct answer. The preceding paragraphs discuss the distinction between fake and original art in a Western context. The last paragraph examines ,"<p>This option is incorrect because the last paragraph does not affirm a general principle enunciated at the beginning of the passage. Instead, it introduces a caveat or an alternative perspective to the prevailing notions of authenticity, suggesting that the distinction between fake and original is not universally applicable but rather culturally specific. It critiques, rather than affirms, a general principle.</p>"
borodulya/lsat110.s1.passage-4-question-19.jy.mp4,150,1,19,<p>This question asks what is true about both the United Nations Convention and the UNHCR Handbook. It's important to differentiate between what each document explicitly states and how they relate or influence each other.</p>,"<p>This option states that both documents are likely to exert a strong influence on improving the status of women in countries that are members of the United Nations.</p><p>The speaker identifies this as too broad. While the documents might influence national asylum laws in member states, this is a far cry from a general improvement in the status of women. Therefore, this option is incorrect.</p>","<p>This option claims that both documents explicitly support granting refugee status to women fleeing gender-based persecution.</p><p>The speaker states that this is incorrect. Neither the UN Convention nor the Handbook explicitly states this. The Handbook expands on the social group definition, which allows for women facing gender-based persecution to be included, but it is not an explicit statement of support in both documents.</p>","<p>This option suggests that both documents recommend using the social-group category to classify women refugees seeking asylum from persecution.</p><p>The speaker clarifies that the documents do not 'recommend' this. While a strong argument can be made that women fit under the social-group category through interpretation, the documents themselves do not explicitly make such a recommendation.</p>","<p>This option states that both documents suggest that the social-group category can be applied to a wide variety of asylum-seekers.</p><p>The speaker identifies this as the correct answer. The Convention intentionally left the boundaries of the social-group category undefined to allow for flexibility, acting as a 'safety net' for asylum seekers not covered by other categories. The Handbook provides an expansive interpretation of the social-group category, which is resonant with the Convention drafters' intentions for broad applicability. Thus, both suggest its wide applicability.</p>","<p>This option claims that both documents describe a social group as persons who share a similar background and hold a similar status in society.</p><p>The speaker notes that this definition was provided only in the Handbook (a partial definition at that), not explicitly in both documents. The Convention itself does not offer such a specific description of a social group.</p>"
borodulya/lsat101.s1.passage-4-question-21.jy.mp4,150,4,21,"The passage's primary function is to explore the multifaceted and complex question of what constitutes 'fake' versus 'original' art, examining various historical, cultural, and motivational dimensions of faking.","<p>The video rejects this option, stating that while the passage might touch on varied points of view, there is no active reconciliation happening between them. It simply presents different aspects and historical contexts of faking in art rather than resolving conflicting perspectives.</p>","<p>The video points out that while Paragraph 2 presents a chronological survey of faking in art, this option does not describe the entire passage. Furthermore, the video questions whether the historical progression presented truly represents an 'evolution' in the sense implied by the option, making it an inaccurate description even for the relevant paragraph.</p>","<p>The video finds this option to be a good fit. It highlights that the passage delves into the nuances and various facets of what constitutes a 'fake' versus an 'original' in art across different periods and cultures, which is indeed a complex question. The broadness of this description allows it to encompass the entirety of the passage's discussion.</p>","<p>This option is rejected because the passage does not propose or advocate for any new methods or perspectives. It primarily describes and analyzes existing phenomena and historical contexts related to art faking and authenticity, rather than offering a novel approach to the subject.</p>","<p>The video implicitly rejects this option, suggesting that while the passage might challenge a simplistic 'fake or original' dichotomy, it doesn't explicitly reject a specific *inadequate explanation*. Instead, it presents a more nuanced understanding rather than a direct refutation of a prior explanation. The passage's scope extends beyond simply rejecting one view.</p>"
borodulya/lsat101.s1.passage-4-question-23.jy.mp4,150,4,23,"The passage defines a fake in the very first sentence: ""A fake can be defined as an artwork intended to deceive. The motives of its creator are decisive, and the merit of the object itself is a separate issue."" This explicitly states that the creator's *motive* to deceive is the determining factor for an artwork to be classified as a fake. Therefore, the correct answer must align with the creator's intent to mislead or fool others.","This option is incorrect. While adopting a style might be part of creating a fake, the passage does not state that merely adopting a style of a mentor *consciously* makes it a fake. The decisive factor is the intent to deceive.","This option is incorrect. The passage mentions ""copying for pedagogical purposes"" (lines 9-10) as one of the activities that falls ""somewhere between the two extremes"" of being a fake or an original. If the imitation is for learning, it implies a lack of intent to deceive, and thus would not be definitively classified as a fake according to the passage.","This option is correct. The passage states that ""A fake can be defined as an artwork intended to deceive. The motives of its creator are decisive."" Wanting other people to be fooled by its appearance directly correlates with the motive to deceive, making this the definitive characteristic of a fake according to the passage.","This option is incorrect. The passage mentions ""the production of commercial facsimiles"" (line 10) as another activity that is not necessarily a fake, falling between extremes. Making multiple copies for sale does not automatically mean there is an intent to deceive; they could be marketed honestly as reproductions.","This option is incorrect. The passage refers to ""deliberate archaism"" (line 9) as creating works resembling art of an earlier era. This is listed as one of the types of work that may or may not be considered fake, depending on the motive. Without the intent to deceive, merely making a work resemble older art is not enough to classify it as a fake."
borodulya/lsat101.s1.passage-4-question-24.jy.mp4,150,4,24,"The question asks to identify the option for which the author provides no example in the passage. This is an ""EXCEPT"" question, meaning four of the options are supported by the text, and one is not. The goal is to find the unsupported statement.","<p>This option states: ""categories of art that are neither wholly fake nor wholly original.""</p><p>The passage supports this in the first paragraph, lines 6-12, which discuss ""a variety of possibilities somewhere between the two extremes"" of fake and original. These possibilities include works by an artist's followers, deliberate archaism, copying for pedagogical purposes, and commercial facsimiles. These examples demonstrate categories of art that are neither entirely fake nor entirely original.</p>","<p>This option states: ""cultures in which the faking of art flourished.""</p><p>The passage supports this in the second paragraph, lines 15-17, stating that in ""Imperial Rome,"" there was a ""widespread interest in collecting earlier Greek art, and therefore in faking it."" This clearly identifies Imperial Rome as a culture where faking of art flourished due to demand for Greek art.</p>","<p>This option states: ""qualities that art collectors have prized in their acquisitions.""</p><p>This option is tricky but supported by the passage. The video highlights that rich Roman collectors prized art that looked like Greek art. Lines 17-20 mention ""widespread interest in collecting earlier Greek art, and therefore in faking it. No doubt many of the sculptures now exhibited as 'Roman copies' were originally passed off as Greek."" The quality prized by Roman collectors was the aesthetic resemblance to Greek art, even if the pieces were copies.</p>","<p>This option states: ""cultures in which the categories 'fake' and 'original' do not apply.""</p><p>The passage supports this in the third paragraph, lines 37-41, where it discusses ""certain cultures authenticity is a foreign concept. This is true of much African art, where the authenticity of an object is considered by collectors to depend on its function."" The example of the Bambara people of Mali and their masks (lines 41-47) further illustrates this concept, showing that the terms fake and original do not apply in the same way, as the ""ritual mask should be seen as authentic...for it is tied to the form's original function.""</p>","<p>This option states: ""contemporary artists whose works have inspired fakes.""</p><p>This is the correct answer choice because it is NOT supported by the passage. The passage mentions Michelangelo (lines 28-35) as an artist whose original works inspired imitators. However, the term ""contemporary"" means alive today. Michelangelo lived during the Renaissance, which is hundreds of years in the past, making him not a contemporary artist. The passage provides no example of a living artist whose work has inspired fakes.</p>"
borodulya/lsat101.s1.passage-4-question-22.jy.mp4,150,4,22,"The passage explores the complex and evolving definition of 'fake' art across different historical periods and cultures. It highlights that authenticity is not always a straightforward concept, often depending on factors beyond mere origin or creator's intent, such as cultural context or the purpose of the art. This overarching theme points to the inherent difficulty in definitively categorizing art as fake or authentic.","<p>This option claims that faking art has occurred 'throughout history and in virtually every culture.' The video notes that this statement is factually inaccurate based on the passage. The passage primarily discusses European examples (Imperial Rome, medieval Europe, Italian Renaissance) and African art, but does not provide a comprehensive, universal survey to support the claim of 'virtually every culture.' Furthermore, it mentions that modern faking was 'virtually nonexistent' in the Italian Renaissance, contradicting 'throughout history' in an uninterrupted sense.</p>","<p>This option suggests that whether art is fake is 'less important than whether it has artistic merit.' The video explains that while the passage does distinguish between the creator's motives (relevant to faking) and the object's merit (a separate issue), it does not explicitly argue that one is *less important* than the other. The passage is concerned with exploring both aspects as distinct considerations rather than prioritizing one over the other.</p>","<p>This option states that it's possible to show a work is fake, but authenticity cannot be proven conclusively. The video points out that this creates a 'false distinction' between fake and authentic. According to the passage, if a work is shown to be fake (i.e., created with intent to deceive), it is by definition not authentic. The two concepts are often directly opposed; if one is proven, the other is implicitly disproven in this context.</p>","<p>This option posits that 'a variety of circumstances make it difficult to determine whether a work of art can appropriately be called a fake.' The video affirms this as the correct main point. The passage discusses numerous complexities that contribute to this difficulty: the decisive but sometimes obscure motives of the creator, the blurred lines between imitation and original (like Michelangelo's Bacchus), and cultural contexts where authenticity is a 'foreign concept' and depends on function rather than origin (African art). These diverse examples collectively illustrate the core argument that determining fakery is far from simple.</p>","<p>This option claims that 'Without an international market to support it, the faking of art would cease.' The video dismisses this option as speculative and not supported by the passage. While the passage mentions commercial motivations for faking, it doesn't state that the international market is the *only* support for faking or that its absence would lead to the complete cessation of the practice. Other motivations, such as pedagogical reasons, are also mentioned.</p>"
borodulya/lsat101.s1.passage-4-question-26.jy.mp4,150,4,26,"According to the last paragraph of the passage, the standard for authenticity is based on whether an item is ""functioning"" or ""serving its purpose."" The key is the item's function, not merely its appearance or origin.","<p>This option describes an ancient Roman copy of an ancient Greek sculpture. It focuses on the item's origin and status as a copy but makes no mention of its function or purpose, failing to meet the authenticity standard.</p>",<p>This option describes a painting begun by a Renaissance master and finished by his assistants after his death. It details the creation process but does not provide any information about the painting's function or purpose.</p>,"<p>This option describes a print of a painting signed by the artist who painted the original. Similar to other incorrect options, it focuses on authorship and form rather than the item's function.</p>","<p>This option describes a faithful replica of a ceremonial crown that preserves all the details of, and is indistinguishable from, the original. While it emphasizes the replica's accuracy, it does not state that it serves the same ceremonial function as the original, which is the missing element for authenticity according to the passage's standard.</p>","<p>This option describes a modern reconstruction of a medieval altarpiece designed to serve its traditional role in a service of worship. This clearly states that the reconstructed piece is fulfilling its original intended function, thereby meeting the passage's standard for authenticity.</p>"
borodulya/lsat101.s1.passage-4-question-25.jy.mp4,150,4,25,"<p>The core of the passage's argument concerning artistic merit is found in the first two sentences: ""A fake can be defined as an artwork intended to deceive. The motives of its creator are decisive, and the merit of the object itself is a separate issue."" This statement explicitly separates the artistic merit of an object from the creator's deceptive intent or the circumstances of its production. Therefore, a fake's artistic merit is independent of whether it was created with deceptive intent. Option C accurately captures this distinction.</p>","<p>This option states that a fake *cannot* have true artistic merit because of its production circumstances. This directly contradicts the passage, which clearly states that ""the merit of the object itself is a separate issue"" from the creator's motives (which include the circumstances of its production and intent to deceive). Therefore, a fake *can* have artistic merit.</p>","<p>This option claims artistic merit is conditional on the attempted deception being successful. The passage, however, distinguishes the object's merit as a ""separate issue"" from the creator's motives. This implies that artistic merit is not tied to the success or failure of the deception. The artistic merit exists in its own right, not contingent on the deceit.</p>","<p>This option correctly reflects the author's implication. By stating that the object's merit is a ""separate issue"" from the creator's motives (which define it as a fake), the author suggests that a fake's artistic quality is judged independently. Thus, a fake may or may not possess artistic merit on its own, irrespective of how it came to be produced or the deceptive intent behind it.</p>",<p>This option introduces the idea that artistic merit depends on the creator's accomplishment. The passage does not discuss the skill or accomplishment of the artist as a determinant of a fake's artistic merit. It focuses solely on the distinction between the creator's motive to deceive and the inherent merit of the object. This is an unsupported assertion.</p>,"<p>This option suggests that the merit of a fake is dependent on the merit of the original work it imitates. The passage makes no such claim. While a fake is inspired by an original, the passage does not link the artistic merit of the fake to the artistic merit of its inspiration. It only separates the fake's merit from the deceptive intent of its creation.</p>"
borodulya/lsat101.s1.passage-4-question-27.jy.mp4,150,4,27,"The question asks for the function of the last paragraph. The speaker notes that the passage's structure felt a bit 'muddy', but the approach is to go through each answer choice, apply the 'principle of charity' to interpret them as favorably as possible, and eliminate the incorrect ones.","<p>This option suggests the last paragraph offers a tentative answer to a question posed in the opening paragraph, presumably about distinguishing fake from original. However, the last paragraph doesn't provide a metric for this distinction. Instead, it argues that the entire concept of 'fake versus original' is a 'foreign concept' and 'culturally narrow'. Therefore, it's not directly answering the presumed question, making option A incorrect.</p>","<p>This option claims the last paragraph summarizes an account provided in detail in the preceding paragraph. The speaker points out that the preceding paragraph discusses European art and faking, while the last paragraph shifts to African art and the cultural concept of authenticity. These are distinct discussions, so the last paragraph does not summarize the preceding one. Thus, option B is incorrect.</p>","<p>This option states that the last paragraph provides additional support for an argument advanced in the preceding paragraph. The speaker indicates that if an argument were advanced in the second paragraph (the preceding one), it would likely concern the correlation between the flourishing of faking and collecting. The last paragraph, focusing on African art and the cultural relativity of authenticity, does not directly support such an argument. Therefore, option C is incorrect.</p>","<p>This option proposes that the last paragraph examines 'another facet of a distinction developed in the preceding paragraphs'. The distinction discussed throughout the passage is between 'fake' and 'original'. The last paragraph introduces the idea that this distinction is culturally narrow, highlighting that the concept of authenticity itself is not universal. This exploration of the cultural relativity of authenticity can indeed be seen as examining 'another facet' of the 'fake versus original' distinction. The speaker finds this to be a strong description of the paragraph's function.</p>","<p>This option suggests the last paragraph 'affirms the general principle enunciated at the beginning of the passage'. The speaker charitably interprets a 'general principle' as the difficulty of distinguishing fake from original. While the passage touches on this, the last paragraph's main point is not simply to re-affirm this difficulty. Instead, it expands on the *cultural context* of authenticity, which is a more nuanced exploration than a mere affirmation of a prior principle. Compared to option D, which precisely describes the introduction of a new dimension to the discussion, option E is less accurate.</p>"
borodulya/lsat110.s1.passage-4-question-19.jy.mp4,157,1,19,"Question 19 asks what is true about both the United Nations Convention and the UNHCR Handbook. It's important to remember that the Convention is mentioned early in the passage, and the Handbook is discussed later, specifically detailing an expansive interpretation of 'social groups' which aligns with the Convention's intent to provide a 'safety net' for asylum-seekers.","<p>Option A states that 'Both documents are likely to exert a strong influence on improving the status of women in countries that are members of the United Nations.' The speaker rejects this, noting that the documents discuss influencing national asylum laws, not broadly 'improving the status of women.' This claim is too broad and not directly supported by the text.</p>","<p>Option B states that 'Both documents explicitly support granting refugee status to women fleeing gender-based persecution.' The speaker explicitly rejects this, stating that neither the UN Convention nor the Handbook explicitly states this. The passage clarifies that women can fit under the 'social group' category due to an expansive interpretation, but it's not explicitly stated as a direct support for granting refugee status specifically for gender-based persecution in both documents.</p>","<p>Option C states that 'Both documents recommend using the social-group category to classify women refugees seeking asylum from persecution.' The speaker rejects this, emphasizing that the documents do not 'recommend' this. While women might fit into the social group category due to an interpretation, the documents themselves don't provide a direct recommendation to classify women in this way for asylum.</p>","<p>Option D states that 'Both documents suggest that the social-group category can be applied to a wide variety of asylum-seekers.' The speaker identifies this as the correct answer. This aligns with the passage's discussion that the Convention intentionally left the boundaries of the social-group category undefined to allow flexibility, and the Handbook provides an 'expansive interpretation' to cover a broad range of situations and individuals, including women facing gender-based persecution, functioning as a 'safety net' for those not fitting other categories.</p>","<p>Option E states that 'Both documents describe a social group as persons who share a similar background and hold a similar status in society.' The speaker rejects this, noting that this specific definition was primarily found in the Handbook (a 'partial definition in the handbook'), not necessarily explicitly in both documents as a shared description. The Convention provides the category, but the Handbook offers the expansive description.</p>"
borodulya/lsat101.s1.passage-4-question-23.jy.mp4,153,1,23,"The question asks what definitively classifies an artwork as a fake according to the passage. The passage states in lines 1-3, ""A fake can be defined as an artwork intended to deceive. The motives of its creator are decisive, and the merit of the object itself is a separate issue."" This clearly indicates that the creator's intent to deceive is the decisive factor.","This option is incorrect. While an artist might adopt the style of a mentor, the passage suggests that motives like following a master's style (lines 8-9) do not automatically classify a work as a fake. The decisive factor is the intent to deceive, which is not present in this option.","This option is incorrect. The passage mentions ""deliberately imitated a famous work of art as a learning exercise"" as a 'pedagogical purpose' (lines 9-10). The passage distinguishes this from being a fake, as the intent is learning, not deception.","This option is correct. The phrase ""wanted other people to be fooled by its appearance"" directly aligns with the passage's definition of a fake as ""an artwork intended to deceive"" (lines 1-2). The creator's motive to deceive is the decisive factor.","This option is incorrect. The passage mentions ""the production of commercial facsimiles"" (lines 10-11) as one of the activities that falls between the two extremes of art and deception. Producing copies for sale does not necessarily mean there is an intent to deceive, as these might be marketed as reproductions. The passage emphasizes the 'motives of its creator' regarding deception.","This option is incorrect. The passage refers to ""deliberate archaism"" (line 9) as making a work resemble art of an earlier era. This is presented as one of the motivations that are not necessarily about deception, alongside 'pedagogical purposes' and 'commercial facsimiles' (lines 9-11). The mere resemblance to older art does not definitively make it a fake; the intent to deceive is required."
borodulya/lsat101.s1.passage-4-question-22.jy.mp4,153,1,22,"The main point of the passage, as identified by the speaker, is that various circumstances make it difficult to definitively determine whether a work of art is a fake. This encompasses the complexities of defining 'fake,' the motivations behind imitation, historical perspectives on originality, and cultural differences in understanding authenticity. The speaker notes that a main point answer must be both factually accurate and reflect the passage's primary emphasis.","This option states that the faking of art has occurred throughout history and in virtually every culture. The speaker rejects this because the passage primarily discusses European art and does not provide enough information to support the claim that it occurred in 'virtually every culture.' Furthermore, even if factually accurate, it doesn't capture the central emphasis of the passage, which is the *difficulty* in determining fakery, not just its widespread occurrence.","This option suggests that whether a work of art is fake or not is less important than its artistic merit. The speaker dismisses this, explaining that the passage discusses both the concept of 'fake' (or authenticity) and artistic merit as distinct issues. However, the passage does not argue that one is 'less important' than the other; it merely presents them as separate considerations without prioritizing one's importance over the other.","This option claims it's possible to show a work is fake, but its authenticity cannot be proved conclusively. The speaker criticizes this for drawing a 'false distinction.' If a work is conclusively shown to be fake (for instance, by examining the creator's motives, as mentioned in the passage), then it has also been conclusively shown to lack authenticity. These are presented as contradictory rather than distinct concepts by the speaker. The passage's focus is on the nuances and challenges, not this specific logical separation.","This option states that a variety of circumstances make it difficult to determine whether a work of art can appropriately be called a fake. The speaker identifies this as the correct answer. He notes that the passage provides multiple examples and discusses various factors (like the spectrum of originality, historical context, and cultural perspectives on authenticity, such as in African art) that contribute to this difficulty. This option accurately reflects the overarching concern and emphasis of the passage.","This option asserts that without an international market to support it, the faking of art would cease. The speaker quickly rejects this as irrelevant and unsupported by the passage. The passage does not discuss the role of international markets in the faking of art, nor does it make any claims about what would cause the practice to cease."
borodulya/lsat101.s1.passage-4-question-24.jy.mp4,153,1,24,"The question asks to identify the statement that the author does NOT provide at least one example of in the passage. This means four of the answer choices will be supported by the text, and one will not. The task is to find the unsupported statement.","The passage provides examples of art that are neither wholly fake nor wholly original in lines 8-11: 'These include works by an artist's followers in the style of the master, deliberate archaism, copying for pedagogical purposes, and the production of commercial facsimiles.' These categories fall between the two extremes of 'fake' and 'original.' Thus, option A is supported by the text.","The passage provides an example of a culture where faking of art flourished in lines 14-16: 'in Imperial Rome there was a widespread interest in collecting earlier Greek art, and therefore in faking it.' This indicates that faking art flourished in Imperial Rome. Thus, option B is supported by the text.","The passage provides an example of qualities that art collectors prized in their acquisitions in lines 16-18: 'widespread interest in collecting earlier Greek art, and therefore in faking it.' The Roman collectors prized the qualities of Greek art, leading to the collection and faking of such pieces. The video clarifies that 'prizing' means what they value, which in this case was the aesthetic of Greek art. Thus, option C is supported by the text.","The passage provides an example of a culture where the categories 'fake' and 'original' do not apply in lines 37-40: 'Fake? also reminds us that in certain cultures authenticity is a foreign concept. This is true of much African art, where the authenticity of an object is considered by collectors to depend on its function.' This describes a cultural context where authenticity is judged by function rather than originality or fakeness in the Western sense. Thus, option D is supported by the text.","The passage does NOT provide an example of 'contemporary artists whose works have inspired fakes.' While the passage discusses Michelangelo (lines 28-36) and the Renaissance period (lines 24-25) as times when art inspired imitators, Michelangelo is not a *contemporary* artist (meaning alive today or of the very recent past). The passage does not mention any artists from the current era whose works have inspired fakes. Thus, option E is not supported by the text and is the correct answer."
borodulya/lsat101.s1.passage-4-question-25.jy.mp4,153,1,25,"The core of the argument revolves around the first sentence of the passage, which states: 'A fake can be defined as an artwork intended to deceive. The motives of its creator are decisive, and the merit of the object itself is a separate issue.' This crucial distinction implies that a fake's artistic merit is independent of whether it was created with deceptive intent. The merit resides in the object itself, not in the circumstances of its production.",This option incorrectly asserts that a fake cannot have artistic merit due to its production circumstances. This directly contradicts the passage's point that the 'merit of the object itself is a separate issue' from the creator's deceptive motives.,"This option incorrectly links a fake's artistic merit to the success of its deception. The passage clearly states that artistic merit is a 'separate issue' from the deceptive intent, implying it's not dependent on whether the deception works.","This option correctly captures the author's implied stance. By stating that the 'merit of the object itself is a separate issue,' the author suggests that a fake's intrinsic artistic value (or lack thereof) exists independently of its fraudulent origin or the creator's intentions.","This option incorrectly ties a fake's artistic merit to the creator's accomplishment. While an accomplished artist might produce a more skillful fake, the passage does not establish a dependency between the creator's skill level and the inherent artistic merit of the fake itself. The focus is on the object's merit being separate from its origins, not on the qualifications of its maker.","This option incorrectly suggests that a fake's artistic merit depends on the merit of the original work it imitates. The passage implies that a fake's artistic merit is evaluated on its own terms, as an object, independent of what it's trying to copy or how valuable the original was."
borodulya/lsat101.s1.passage-4-question-26.jy.mp4,153,1,26,"<p>The last paragraph of the passage emphasizes that authenticity, particularly in certain cultures like African art, depends on the object's function or purpose. It's not about being an original or a perfect replica in terms of physical attributes, but rather about serving its intended traditional role. We need to identify the option that best reflects this functional definition of authenticity.</p>","<p>This option describes a copy of an ancient sculpture. The video points out that it doesn't mention anything about the function or purpose of the copy. Authenticity, according to the passage, is tied to function, not merely being a copy of an older piece.</p>","<p>This option describes a painting partially completed by a master and then finished by assistants. While it discusses the creation process and authorship, it does not address the function or purpose of the painting. Therefore, it does not meet the passage's standard for authenticity.</p>","<p>This option describes a print signed by the original artist. Similar to option A and B, it focuses on the origin and authorship rather than the object's function. The mere act of being a signed print of an original does not, by itself, make it authentic under the passage's definition.</p>","<p>This option describes a faithful and indistinguishable replica of a ceremonial crown. The video notes that this option comes close by mentioning the fidelity of the replica. However, it explicitly misses the crucial element of function. It states it's indistinguishable, but not that it actually *serves* the ceremonial purpose of the original. Without the functional aspect, it doesn't meet the authenticity standard.</p>","<p>This option describes a modern reconstruction of a medieval altarpiece that is ""designed to serve its traditional role in a service of worship."" The video highlights that this choice perfectly captures the essence of functional authenticity as described in the passage. The key phrase is ""designed to serve its traditional role,"" indicating that its authenticity is derived from fulfilling its purpose, regardless of it being a modern reconstruction.</p>"
borodulya/lsat110.s1.passage-4-question-19.jy.mp4,153,4,19,"<p>The speaker introduces question 19, noting it's from the last passage of the section, which often contains more questions and can be difficult. The question asks what is true about both the United Nations Convention and the UNHCR Handbook.</p>",<p>This option states both documents are likely to exert a strong influence on improving the status of women in countries that are members of the United Nations. The speaker dismisses this as ,Both documents explicitly support granting refugee status to women fleeing gender-based persecution.,Both documents recommend using the social-group category to classify women refugees seeking asylum from persecution.,Both documents suggest that the social-group category can be applied to a wide variety of asylum-seekers.,Both documents describe a social group as persons who share a similar background and hold a similar status in society.
borodulya/lsat101.s1.passage-4-question-27.jy.mp4,153,1,27,"The last paragraph of the passage discusses how the concept of 'authenticity' is a 'foreign concept' in some African cultures, where the object's function is paramount. It introduces a new perspective by stating that in African art, the authenticity of an object depends on its function, not necessarily its origin as 'fake' or 'original,' contrasting this with the European perspective on art discussed earlier.","<p>The speaker rejects option A, stating that the last paragraph does not offer a tentative answer to a question about telling fake from original. Instead, it asserts that the very concept of 'fake versus original' is culturally narrow and thus doesn't universally apply.</p>","<p>The speaker quickly dismisses option B, noting that the preceding paragraph focuses on European art and collecting, while the last paragraph introduces a distinct topic of African art. Therefore, the last paragraph is not summarizing the preceding one.</p>","<p>The speaker finds option C incorrect because the last paragraph introduces a new cultural perspective (African art) rather than providing additional support for an argument advanced in the preceding (second) paragraph, which primarily discussed the flourishing of faking and collecting in Europe.</p>","<p>The speaker strongly favors option D. He explains that the distinction between 'fake versus original,' which was central to earlier discussions, is re-examined through the lens of African culture. This perspective reveals that the distinction itself is culturally specific and may not even exist in other contexts, thereby exploring 'another facet' of the distinction.</p>","<p>The speaker initially struggles with eliminating option E, interpreting the 'general principle' as the difficulty of distinguishing fake from original. However, upon comparing it with option D, he concludes that the last paragraph doesn't merely affirm this difficulty but rather questions the universal applicability of the distinction itself, making D a more accurate description of its function.</p>"
borodulya/lsat110.s1.passage-4-question-20.jy.mp4,153,4,20,"The drafters of the United Nations Convention intentionally left the definition of the 'social-group' category undefined to allow for flexibility. This approach was taken to address unforeseen circumstances and evolving reasons for persecution, making it difficult to list every possible scenario upfront. This aligns with the idea that they recognized the inherent difficulty in exhaustively listing all potential reasons why someone might seek refuge.","<p>This option is incorrect. The passage states that the drafters left the 'social-group' category undefined for flexibility, not to ensure that the United Nations would be consulted for new reasons for seeking refugee status. There is no mention of consultation in the context of the drafters' intentions.</p>","<p>This option is incorrect. The passage explicitly states that the original definition of a refugee from the International Refugee Organization (IRO) 'did not include social group' (lines 21-23). The United Nations Convention *added* this category to provide a 'safety net' (lines 24-27), indicating they improved upon or expanded the IRO's precedent, rather than merely following it, especially concerning gender-based persecution.</p>",<p>This option is correct. The passage states that the drafters 'intentionally left the precise boundaries of the social-group category undefined to ensure that the category would retain the flexibility necessary to address unanticipated situations' (lines 29-32). This directly implies that they recognized the difficulty of listing every possible reason for seeking refuge at the time of drafting.</p>,"<p>This option is incorrect. The passage indicates that women persecuted on account of their gender are 'likely to be eligible for asylum under the category 'social group'' (lines 13-15). The inclusion of this category as a 'safety net' (lines 25-27) demonstrates that the drafters *did* consider gender a valid basis for persecution, even if not explicitly listed alongside race, nationality, or religion.</p>","<p>This option is incorrect. While gender was not listed as a standalone category, it was intended to be covered under the 'social group' category, which was added to specifically include groups like 'women facing gender-based persecution' (lines 17-19). The passage does not state that gender-based persecution was not a significant problem at the time of drafting; in fact, its inclusion suggests the opposite.</p>"
borodulya/lsat101.s1.passage-4-question-21.jy.mp4,153,4,21,"The passage aims to explore the multifaceted nature of authenticity and faking in art, presenting various historical and cultural contexts without necessarily reconciling differing viewpoints or advocating a new approach. It delves into the complexities of defining what constitutes a 'fake' or 'original' artwork.","<p>The passage presents various perspectives on art authenticity and faking but does not attempt to reconcile them into a single, unified view. Therefore, this option is incorrect.</p>","<p>While paragraph two presents a chronological account of faking practices, this option is too narrow as it only describes a portion of the passage, not the entire passage. Furthermore, the passage describes different manifestations of faking across different periods and cultures, rather than a clear evolution.</p>","<p>The passage delves into the multifaceted nature of authenticity and faking in art, examining different motivations, historical contexts, and cultural perspectives. This aligns well with ""exploring a complex question,"" as the passage doesn't offer a simple answer but rather investigates the various dimensions of the issue.</p>","<p>The passage does not propose or advocate for any new methods or theories regarding art authenticity or faking. It primarily analyzes existing concepts and historical practices. Thus, this option is incorrect.</p>","<p>While the passage implicitly challenges simplistic definitions of ""fake"" and ""original,"" it doesn't explicitly focus on rejecting a single, stated inadequate explanation. Instead, it offers a broader exploration of the complexity of the topic. Therefore, this option is not the best description.</p>"
borodulya/lsat110.s1.passage-4-question-19.jy.mp4,139,3,19,"<p>Question 19 asks what is true about both the United Nations Convention and the UNHCR Handbook. The speaker notes that this question is from the last passage of the section, which tends to be more heavily loaded with questions and can be difficult. It's important to remember where the Convention and the Handbook are discussed in the passage.</p>","<p>Option A states that both documents are likely to exert a strong influence on improving the status of women in countries that are members of the United Nations. The speaker dismisses this as 'way too broad,' clarifying that the influence is on 'member states national laws regarding asylum,' which is a 'far cry from improving the status of women.' Thus, option A is incorrect.</p>","<p>Option B claims both documents explicitly support granting refugee status to women fleeing gender-based persecution. The speaker explicitly states this is 'wrong.' Neither the UN Convention nor the Handbook explicitly states this. While the Handbook expands on the idea of a 'social group,' it does not explicitly support granting refugee status specifically to women fleeing gender-based persecution.</p>","<p>Option C suggests that both documents recommend using the social-group category to classify women refugees seeking asylum from persecution. The speaker refutes this, saying 'it just doesn't happen. They don't recommend this.' While an argument can be made that women fit under the social group category based on interpretation, the documents themselves do not explicitly make this recommendation.</p>","<p>Option D states that both documents suggest that the social-group category can be applied to a wide variety of asylum-seekers. The speaker identifies this as the correct answer. The Handbook provides an 'expansive definition' of a social group, which aligns with the intentions of the Convention drafters who created it as a 'safety net' for asylum seekers who might not fit neatly into other categories. This broad applicability to various asylum-seekers is supported by both documents' underlying principles.</p>","<p>Option E states that both documents describe a social group as persons who share a similar background and hold a similar status in society. The speaker clarifies that this definition was 'just a definition in the Handbook,' and only a 'partial definition in the Handbook.' The Convention itself does not explicitly describe a social group in this manner, making this statement untrue for 'both' documents.</p>"
borodulya/lsat110.s1.passage-4-question-20.jy.mp4,139,3,20,"<p>The passage explicitly states that the drafters of the UN Convention intentionally left the precise boundaries of the social-group category undefined. This was done to ensure the category would retain the flexibility necessary to address unanticipated situations. They recognized that it would be difficult to enumerate every possible reason for persecution and therefore aimed to create a broad definition that could evolve to cover new circumstances, such as gender-based persecution, which was not explicitly listed but falls under the broad 'social group' interpretation.</p>",<p>This option is incorrect. The passage does not mention any intention by the drafters to ensure the United Nations would be consulted for new reasons for seeking refugee status. The focus was on building flexibility directly into the Convention's definition.</p>,"<p>This option is incorrect. The passage indicates that the original definition from the International Refugee Organization (IRO) did *not* include 'social group'. The UN Convention *added* this category to provide a 'safety net' for asylum-seekers not covered by specific categories, including those facing gender-based persecution. Therefore, the drafters did not simply follow the IRO precedent but expanded upon it.</p>","<p>This option is correct. The passage states that the drafters intentionally left the social-group category undefined to retain the flexibility necessary to address unanticipated situations (lines 29-32). This directly reflects the recognition that it would be difficult to list every possible reason for persecution, hence the need for a broad, adaptable definition.</p>","<p>This option is incorrect. The passage clearly indicates that women persecuted on account of their gender are likely to be eligible for asylum under the social-group category. This demonstrates that the drafters *did* intend for gender-based persecution to be a valid reason, even if not explicitly listed, by providing the flexible 'social group' category as a safety net.</p>","<p>This option is incorrect. While gender was not explicitly listed, the passage clarifies that the 'social group' category was added to cover groups, such as women facing gender-based persecution, who were not otherwise covered. The passage does not suggest that gender-based persecution was not a significant problem; rather, it implies the drafters made an allowance for such cases through the flexible definition.</p>"
borodulya/lsat101.s1.passage-4-question-21.jy.mp4,139,3,21,"The question asks for the best description of the passage's function. The passage explores the complex question of what constitutes 'fake' versus 'original' art, examining various historical and cultural perspectives.","The passage discusses different ways art can be considered 'fake' or 'original' across various historical periods and cultures, implying varied points of view. However, it does not explicitly try to reconcile these views into a single, unified perspective. Thus, this option is incorrect.","While the passage does present a chronological survey of how faking art has been perceived and practiced from Imperial Rome to the Renaissance, it doesn't primarily focus on the *evolution* of faking as a phenomenon. The speaker notes that the description of 'evolution' isn't entirely accurate for the changes described, and importantly, this option only describes a part of the passage (paragraph 2) rather than the whole.","This option is correct. The passage delves into the multifaceted and often ambiguous nature of 'faking' in art, questioning simple definitions and exploring different historical contexts and cultural understandings of authenticity. This aligns with 'exploring a complex question'.","The passage presents information and different perspectives on faking art, but it does not advocate for any particular 'new approach' to understanding or dealing with it. There is no suggestion or promotion of a novel method or viewpoint.","The passage doesn't explicitly reject a single 'inadequate explanation'. Instead, it complicates a simplistic understanding of what constitutes fake or original art by providing historical and cultural nuances. While it might implicitly show that a naive, simplistic view is insufficient, it's not directly 'rejecting an inadequate explanation' as its primary function."
borodulya/lsat110.s1.passage-4-question-19.jy.mp4,145,1,19,"The correct answer is D. The passage indicates that both the United Nations Convention and the UNHCR Handbook suggest that the social-group category can be applied to a wide variety of asylum-seekers. The Convention intentionally left the category undefined to allow for flexibility, acting as a 'safety net' for those who qualify but don't fit into other categories. The Handbook provides an expansive interpretation of 'social groups' that aligns with these intentions, thereby extending its applicability.","<p>This statement is too broad. While the documents might influence national asylum laws, the passage does not support the claim that they will exert a strong influence on improving the general status of women in UN member countries.</p>","<p>This statement is incorrect. The passage indicates that neither the UN Convention nor the UNHCR Handbook explicitly states that women fleeing gender-based persecution are to be granted refugee status. While they can be interpreted to include such cases, it's not explicitly stated.</p>","<p>This statement is incorrect. The documents do not explicitly ""recommend"" using the social-group category specifically to classify women refugees. While women may fit under an expansive interpretation of the social-group category, the documents themselves do not provide a direct recommendation for this classification.</p>","<p>This is the correct statement. The passage explains that the Convention intentionally left the social-group category undefined to provide flexibility, and the Handbook offers an expansive interpretation that is ""resonant with the intentions of the Convention drafters."" This expansive interpretation allows the social-group category to apply to a broad range of asylum-seekers, including those who don't fit into other specific categories, effectively acting as a ""safety net.""</p>","<p>This statement is incorrect. The passage states that the Handbook describes a social group in this way (persons of similar background, habits, or social status), but it does not say that the Convention itself provides this specific description. The Convention intentionally left the definition of a social group undefined.</p>"
borodulya/lsat110.s1.passage-4-question-19.jy.mp4,145,3,19,<p>The question asks what is true about both the United Nations Convention and the UNHCR Handbook. It's crucial to identify the relationship and specific statements made about both documents in the passage.</p>,"<p>This option claims both documents are likely to exert a strong influence on improving the status of women in countries that are members of the United Nations. The speaker dismisses this as too broad. The influence discussed in the passage is on national laws regarding asylum, not the overall status of women, making this option incorrect.</p>","<p>This option states that both documents explicitly support granting refugee status to women fleeing gender-based persecution. The speaker refutes this, noting that neither the UN Convention nor the Handbook explicitly states this. While women may fit under the social group category, the documents themselves do not explicitly grant or state this support.</p>","<p>This option suggests both documents recommend using the social-group category to classify women refugees seeking asylum from persecution. The speaker points out that the documents do not 'recommend' this. While an interpretation might lead to women fitting into this category, the documents themselves do not make this specific recommendation.</p>","<p>This option correctly states that both documents suggest that the social-group category can be applied to a wide variety of asylum-seekers. The speaker confirms this, explaining that the Handbook provides an expansive definition of a social group that is resonant with the Convention drafters' intentions to create a 'safety net' for asylum-seekers who don't fit other categories. This broad applicability is supported by both documents' underlying principles.</p>","<p>This option claims both documents describe a social group as persons who share a similar background and hold a similar status in society. The speaker clarifies that this specific definition is provided only by the Handbook, not by both documents. Therefore, this option is incorrect as it attributes the Handbook's definition to both the Convention and the Handbook.</p>"
borodulya/lsat101.s1.passage-4-question-24.jy.mp4,131,1,24,"The question asks to identify the option for which the author does NOT provide at least one example. The speaker walks through options A, B, C, and D, pointing out specific textual evidence for each. Option E is identified as the correct answer because no example of a 'contemporary artist' inspiring fakes is provided in the passage, as 'contemporary' refers to artists alive today, while the examples given (like Michelangelo) are historical.","The passage provides examples of categories of art that are neither wholly fake nor wholly original in lines 8-11: 'These include works by an artist's followers in the style of the master, deliberate archaism, copying for pedagogical purposes, and the production of commercial facsimiles.'","The passage provides an example of a culture where the faking of art flourished with 'in Imperial Rome' (lines 15-16), noting 'a widespread interest in collecting earlier Greek art, and therefore in faking it.'","The qualities that art collectors prized are mentioned in lines 16-18, where 'a widespread interest in collecting earlier Greek art' suggests that the 'quality' of looking like Greek art was highly valued by Roman collectors, even leading to the faking of such art.","The passage discusses cultures in which the categories 'fake' and 'original' do not apply, specifically African art (line 39), where 'the authenticity of an object is considered by collectors to depend on its function,' rather than a simple fake/original dichotomy.","The passage does not provide any examples of 'contemporary artists whose works have inspired fakes.' While Michelangelo's works (like 'Sleeping Cupid' and 'Bacchus') inspired imitators (lines 35-36), he is a historical figure from the Renaissance, not a 'contemporary' artist (meaning alive today)."
borodulya/lsat110.s1.passage-4-question-19.jy.mp4,112,4,19,"This question asks what is true about both the United Nations Convention and the UNHCR Handbook. The speaker notes that this is the final passage of the section, often loaded with questions and generally difficult.","This option states that both documents are likely to exert a strong influence on improving the status of women in countries that are members of the United Nations. The speaker deems this too broad, clarifying that the documents influence national asylum laws, not the general status of women. Thus, it is incorrect.","This option claims both documents explicitly support granting refugee status to women fleeing gender-based persecution. The speaker refutes this, stating that neither the UN Convention nor the Handbook explicitly mentions women in this context. Therefore, this option is incorrect.","This option suggests both documents recommend using the social-group category to classify women refugees seeking asylum from persecution. The speaker clarifies that while women can logically fit into the social-group category based on interpretation, neither document explicitly recommends using this category *specifically* to classify women refugees. Thus, this option is incorrect.","This option states that both documents suggest that the social-group category can be applied to a wide variety of asylum-seekers. The speaker identifies this as the correct answer. The Convention drafters intended the social-group category as a 'safety net' for those not fitting other categories, implying broad applicability. The Handbook provides an expansive interpretation of 'social group', further supporting its wide application.","This option says both documents describe a social group as persons who share a similar background and hold a similar status in society. The speaker explains that this specific definition of a social group is only found in the Handbook, not explicitly in both documents. Since the question asks what is true about *both* documents, this option is incorrect."
borodulya/lsat110.s1.passage-4-question-20.jy.mp4,112,4,20,"<p>The passage states that the drafters ""intentionally left the precise boundaries of the social-group category undefined to ensure that the category would retain the flexibility necessary to address unanticipated situations"" (lines 29-32). This directly implies that they recognized the difficulty in exhaustively listing all potential reasons for persecution, making option C the correct answer.</p>","<p>This option is incorrect. The passage does not suggest that the drafters intended for the United Nations to be consulted for new reasons for seeking refugee status. The intent behind the undefined social-group category was to allow for flexibility in its application, not to require consultation every time a new reason for seeking refuge arose.</p>","<p>This option is incorrect. The passage explicitly states that the ""original definition of refugee, which came from the constitution of the International Refugee Organization, did not include social group"" (lines 21-23). The United Nations Convention *added* the social-group category, thus *improving upon* and *departing* from the IRO's precedent, rather than following it, especially concerning gender-based persecution which was not explicitly mentioned by the IRO.</p>","<p>This option is correct. The passage directly supports this by stating that the drafters ""intentionally left the precise boundaries of the social-group category undefined to ensure that the category would retain the flexibility necessary to address unanticipated situations"" (lines 29-32). This indicates their foresight that it would be impossible to list every conceivable reason for persecution and therefore a broad, flexible category was needed.</p>","<p>This option is incorrect. The passage indicates the opposite. It clarifies that while persecution on the basis of gender was not explicitly listed, this omission ""does not preclude victims of gender-based persecution from qualifying as refugees, nor does it reflect an intention that such persons be excluded from international protection"" (lines 9-13). This shows the drafters intended for such cases to be covered.</p>","<p>This option is incorrect. The passage does not offer this reason for gender not being explicitly listed. Instead, it explains that the "
borodulya/lsat101.s1.passage-4-question-21.jy.mp4,112,4,21,"The passage provides a detailed examination of the concept of 'fake' art, moving beyond a simple definition to explore its complexities across different historical periods and cultural contexts. It delves into the motivations behind faking, the varying perceptions of authenticity, and how these concepts are not static or universally applied. The passage does not reconcile conflicting views but rather presents a nuanced survey of how the phenomenon of faking art and the meaning of authenticity have been understood. Therefore, its primary function is to explore a multifaceted and intricate question.","<p>This option suggests the passage is reconciling varied points of view. While the passage presents different historical and cultural perspectives on 'fake' art and authenticity, it does not attempt to resolve or harmonize these different viewpoints into a single, unified conclusion. Instead, it highlights the diversity and complexity of these perspectives without aiming for reconciliation.</p>","<p>This option states the passage is chronicling the evolution of a phenomenon. While the second paragraph of the passage does offer a chronological survey of faking art in different eras (Imperial Rome, Medieval Europe, Italian Renaissance), this only describes a portion of the passage. The entire passage's scope is broader than mere evolution; it also delves into the definitions and cultural nuances of authenticity, which goes beyond a simple linear development.</p>","<p>This option accurately describes the passage's primary purpose. The passage begins by defining 'fake' but quickly complicates this definition by introducing various contexts and motivations. It then explores the intricate questions surrounding authenticity, originality, and imitation in different cultures and historical periods, demonstrating that the distinction between 'fake' and 'original' is a complex and nuanced issue rather than a straightforward one.</p>","<p>This option suggests the passage is advocating a new approach. The passage presents information and analysis about the nature of faking and authenticity but does not propose or argue for a specific new method, theory, or approach to understanding or categorizing art. Its role is informative and exploratory, not prescriptive.</p>","<p>This option claims the passage is rejecting an inadequate explanation. While the passage implicitly challenges simplistic, binary understandings of 'fake' versus 'original' art, its overall purpose is more constructive. It aims to offer a richer, more comprehensive exploration of the topic rather than solely focusing on refuting a previously held 'inadequate' explanation. The rejection of a simplistic view is a consequence of the broader exploration, not its primary goal.</p>"
borodulya/lsat101.s1.passage-4-question-23.jy.mp4,112,4,23,"The passage defines a fake based on the creator's intent to deceive. The first sentence states, ""A fake can be defined as an artwork intended to deceive. The motives of its creator are decisive, and the merit of the object itself is a separate issue."" This establishes that the creator's motive, specifically the intent to deceive, is the defining factor for classifying an artwork as a fake. Therefore, if the person who created the artwork wanted others to be fooled by its appearance, it would be definitively classified as a fake.","<p>This option suggests that adopting the artistic style of an influential mentor makes an artwork a fake. However, the passage explicitly mentions ""works by an artist's followers in the style of the master"" (lines 8-9) as an example of something that falls between the two extremes (fakes and originals) and is therefore not definitively a fake. Thus, this option is incorrect.</p>","<p>This option states that deliberately imitating a famous work of art as a learning exercise makes it a fake. The passage lists ""copying for pedagogical purposes"" (line 10) as one of the practices that is not considered a fake, falling within the grey area between fakes and originals. Therefore, this option is incorrect.</p>","<p>This option aligns directly with the passage's definition of a fake. The first sentence states, ""A fake can be defined as an artwork intended to deceive. The motives of its creator are decisive..."" (lines 1-2). If the creator wanted other people to be fooled by its appearance, this means their motive was to deceive. Therefore, according to the passage, such an artwork would be definitively classified as a fake. This is the correct answer.</p>","<p>This option suggests that making multiple, identical copies of the work available for sale classifies it as a fake. The passage refers to ""the production of commercial facsimiles"" (line 11) as one of the practices that is not definitively a fake. Therefore, this option is incorrect.</p>","<p>This option indicates that making the work resemble the art of an earlier era classifies it as a fake. The passage mentions ""deliberate archaism"" (lines 9-10) as another practice that is not definitively a fake. Therefore, this option is incorrect.</p>"
borodulya/lsat101.s1.passage-4-question-22.jy.mp4,112,4,22,"The author's main point is to illustrate the complexities and difficulties in definitively categorizing a work of art as ""fake."" The passage explores a variety of circumstances—including different motives for imitation (deceit, pedagogical, commercial), evolving artistic practices (like Michelangelo's emulation), and diverse cultural understandings of authenticity (such as in African art where function, not origin, determines value)—that blur the lines between original, copy, and fake. The passage demonstrates that the concept of ""fake"" is not universally understood or easily applied, highlighting the nuanced interplay of intent, context, and cultural perspective in defining a work's status.","The passage discusses examples of art faking primarily in European history (Rome, Medieval Europe, Renaissance) but does not provide sufficient evidence to claim it has occurred in ""virtually every culture."" The mention of African art, where the Western concept of authenticity is a ""foreign concept,"" further contradicts the idea of faking being universal in the same Western sense. Therefore, this statement overgeneralizes and is not factually supported as the author's main point.","While the passage acknowledges that the ""merit of the object itself is a separate issue"" from a work's authenticity (lines 2-3), it does not argue that artistic merit is *more important* than whether a work is fake or real. The author's primary concern is exploring the diverse circumstances and perspectives that complicate the definition and determination of ""fake"" art, not establishing a hierarchy of importance between authenticity and artistic merit.","This option presents a problematic distinction. If a work of art can be conclusively shown to be fake (i.e., created with intent to deceive, as per the passage's definition), then its authenticity (as an original) is inherently disproven. The statement falsely suggests that proving something is fake does not equate to disproving its authenticity. The passage discusses difficulties in *determining* whether something is fake or authentic, not a logical disconnect between the two concepts.","This option accurately reflects the author's main point. The passage details various historical and cultural circumstances that make the classification of art as ""fake"" challenging. These include different motivations for imitation (pedagogical copying, deliberate archaism, commercial facsimiles), the nuanced relationship between imitation and originality (as seen in Michelangelo's work), and differing cultural understandings of authenticity (such as in African art, where function dictates value more than origin). The author emphasizes that these varied contexts create ambiguity and difficulty in unequivocally calling a work fake.","The passage mentions ""commercial facsimiles"" as one type of faking, implying the role of a market. However, it also discusses other motives like ""pedagogical purposes"" and ""deliberate archaism,"" which are not solely market-driven. Furthermore, the passage describes the phenomenon of faking art; it does not make a predictive claim or argue that faking would cease *without* an international market. This is an unsupported and overly strong assertion."
borodulya/lsat101.s1.passage-4-question-24.jy.mp4,112,4,24,"The question asks to identify the option that is NOT exemplified by the author in the passage. This means four of the options will have at least one example provided in the text, and one will not. The task is to find the statement for which no example is given by the author.","<p>Option A is exemplified in the passage. The first paragraph discusses a spectrum of possibilities between ""wholly fake"" and ""wholly original"" art. Examples given include works by an artist's followers in the master's style, deliberate archaism, copying for pedagogical purposes, and commercial facsimiles (lines 8-12).</p>",<p>Option B is exemplified in the passage. The second paragraph explicitly mentions Imperial Rome as a culture where faking of art flourished due to a widespread interest in collecting earlier Greek art (lines 13-19).</p>,"<p>Option C is exemplified in the passage. The passage states that Roman collectors had a ""widespread interest in collecting earlier Greek art, and therefore in faking it"" (lines 15-18). The quality they prized was the aesthetic or stylistic resemblance to Greek art, even if it was a fake.</p>","<p>Option D is exemplified in the passage. The passage discusses cultures, specifically mentioning African art and the Bambara people of Mali, where authenticity is a foreign concept and an object's value depends on its function, not whether it is ""fake"" or ""original"" (lines 37-47).</p>","<p>Option E is NOT exemplified in the passage, making it the correct answer. While Michelangelo's work (e.g., ""Sleeping Cupid"" and ""Bacchus"") is mentioned as inspiring imitators (lines 28-35), Michelangelo lived during the Renaissance and is not considered a ""contemporary artist."" The passage does not provide any examples of artists from the modern or current era whose works have inspired fakes.</p>"
borodulya/lsat101.s1.passage-4-question-25.jy.mp4,112,4,25,"<p>The question asks what the author implies about the artistic merits of fakes. The author makes a crucial distinction early in the passage: while the motives of a fake's creator (i.e., the intent to deceive) are decisive in classifying it as a fake, the ""merit of the object itself is a separate issue."" This means that an object's artistic merit is independent of its status as a fake or the creator's deceptive intentions.</p>","<p>This option states that a fake *cannot* have true artistic merit because of its production circumstances. This contradicts the passage, which explicitly states that the object's merit is a ""separate issue"" from the circumstances of its creation as a fake.</p>",<p>This option claims artistic merit only exists if the deception is successful. This is incorrect. The passage emphasizes that artistic merit is separate from the creator's motive or the success of their deception.</p>,"<p>This option accurately reflects the passage. It states that a fake may or may not have artistic merit in its own right, regardless of the circumstances of its production (including the intent to deceive). This aligns perfectly with the passage's assertion that the object's merit is a ""separate issue"" from the creator's motives.</p>","<p>This option suggests that artistic merit depends on whether the creator is an accomplished artist. While this might seem intuitively true, the passage does not provide information to support this specific condition. The author states the motive of the creator is decisive for fakeness, but the object's merit is a separate issue from that motive, not necessarily tied to the creator's overall skill as an artist in a way that the passage implies.</p>","<p>This option proposes that the artistic merit of a fake depends on the merit of the original work it inspired. The passage does not discuss this relationship. The artistic merit of the fake itself is presented as an independent quality, not necessarily derived from the original.</p>"
borodulya/lsat101.s1.passage-4-question-21.jy.mp4,144,1,21,"The question asks for the best description of what the passage is doing, focusing on its overall function or purpose. The passage explores the intricate distinctions between 'fake' and 'original' art, delving into various aspects and historical contexts of art reproduction and authenticity.","The passage is not reconciling varied points of view. While different aspects and historical contexts of faking art are presented, the passage does not attempt to bring conflicting viewpoints into harmony or resolve them. Therefore, this option is incorrect.","This option, 'chronicling the evolution of a phenomenon,' is rejected. The speaker notes that while the second paragraph presents a chronological survey of art faking through different periods (e.g., Imperial Rome, Medieval Europe, Renaissance), it does not describe an 'evolution' in the sense of a progressive development or change in the phenomenon itself. Furthermore, this option only describes a part of the passage (paragraph two) and not the entire passage's function, making it an inaccurate overall description.","This option is correct. The passage effectively 'explores a complex question' which is the nature of authenticity, fakes, and originals in art. It delves into the nuances and historical context of what constitutes a 'fake' versus an 'original' artwork, demonstrating that the issue is multifaceted and not easily resolved. This broad description accurately captures the passage's overarching purpose.","The passage is not advocating a new approach. There is no specific methodology, perspective, or strategy regarding art authenticity that the passage explicitly promotes or argues for as a novel way forward. Therefore, this option is incorrect.","The passage is not primarily rejecting an inadequate explanation. While it might implicitly challenge overly simplistic views of authenticity (which could be considered 'inadequate explanations'), its main goal is not to dispute a specific existing explanation but rather to delve into the complexity of the issue itself. This option does not capture the broader exploratory nature of the passage."
borodulya/lsat110.s1.passage-4-question-20.jy.mp4,144,1,20,"The passage highlights that the drafters of the United Nations Convention intentionally left the 'social-group' category broadly defined to ensure flexibility. This was done to accommodate future, unanticipated reasons for seeking asylum, recognizing that it would be impractical to list every specific possible reason for persecution. This aligns directly with option C.","This option is incorrect because the passage does not mention any intention for the UN to be consulted on new reasons for seeking refugee status. The flexibility was built into the Convention's definition itself, not through an external consultation process.","This option is incorrect. The passage explicitly states that the 'original definition of refugee which came from the constitution of the International Refugee Organization, did not include social group' (lines 22-23). The UN Convention *added* the social-group category as a 'safety net' (lines 25-26), indicating an improvement or expansion upon, rather than simply following, the IRO's precedent, especially concerning gender-based persecution which was not addressed by the IRO.",This option is correct. Lines 28-31 state that the drafters 'intentionally left the precise boundaries of the social-group category undefined to ensure that the category would retain the flexibility necessary to address unanticipated situations.' This directly implies that they recognized the difficulty of listing every possible reason for persecution and thus created a flexible definition to cover unforeseen circumstances.,"This option is incorrect. The passage strongly implies the opposite. It discusses at length how women persecuted on account of their gender are 'likely to be eligible for asylum' (lines 1-2) under the 'social-group' category (lines 14-16), indicating that gender-based persecution *was* considered a valid reason for seeking asylum by the drafters, through the flexible interpretation of the social-group category.","This option is incorrect. The passage does not suggest that gender-based persecution was insignificant at the time of drafting. Rather, it explains that gender was not explicitly listed to allow for a broader, more flexible interpretation (lines 28-31, 39-40). The omission of gender as an explicit category was a strategic choice for flexibility, not an indication that it was not a significant problem."
borodulya/lsat101.s1.passage-4-question-22.jy.mp4,144,1,22,"The main point of the passage is to explore the complexities and difficulties surrounding the definition and identification of fake art. It highlights how various factors, including the artist's intent, historical context, and differing cultural perspectives, contribute to making a clear determination of authenticity challenging.","<p>This option claims that the faking of art has occurred in 'virtually every culture.' The passage primarily focuses on European art history and explicitly mentions that 'authenticity is a foreign concept' in certain cultures, such as African art. Therefore, the claim of 'virtually every culture' is an overgeneralization and not factually supported by the text.</p>","<p>This option asserts that whether a work of art is fake or not is 'less important' than its artistic merit. While the passage notes that the merit of an object is a 'separate issue,' it does not make a comparative argument about the relative importance of these two aspects. The author does not prioritize artistic merit over authenticity as a main theme.</p>","<p>This option presents a problematic distinction: 'It is possible to show that a work of art is fake, but the authenticity of a work cannot be proved conclusively.' If a work is conclusively shown to be fake (e.g., based on the creator's motives being deceptive), its authenticity is, by definition, disproven. The passage discusses the *difficulty* in proving authenticity or fakeness, not a logical contradiction between the two concepts as implied here.</p>","<p>This option accurately captures the author's main point. The passage provides numerous examples and discussions about the complex interplay of factors that make it challenging to definitively label a work of art as fake. These include the intentions of the creator (e.g., copying for pedagogical purposes), the historical context in which art was produced and collected (e.g., Imperial Rome, medieval Europe, Italian Renaissance), and cultural viewpoints on authenticity, all of which create 'a variety of circumstances' that complicate the determination of a fake.</p>","<p>This option introduces the idea that 'without an international market to support it, the faking of art would cease.' This concept is not discussed or supported anywhere in the passage. The passage focuses on historical, cultural, and artistic aspects of faking, not on economic drivers or the role of an international market.</p>"
borodulya/lsat101.s1.passage-4-question-23.jy.mp4,144,1,23,"The passage defines a fake based on the creator's intent. Specifically, it states, ""A fake can be defined as an artwork intended to deceive. The motives of its creator are decisive..."" Therefore, an artwork is definitively classified as a fake if its creator intended to deceive others.","This option, ""consciously adopted the artistic style of an influential mentor,"" is not necessarily a defining characteristic of a fake. The passage mentions ""works by an artist's followers in the style of the master"" (lines 8-9) as an example of something that falls between the two extremes of originality and fakeness, suggesting that adopting a style alone does not make it a fake, especially if the intent is not deceptive.","This option, ""deliberately imitated a famous work of art as a learning exercise,"" aligns with ""copying for pedagogical purposes"" (line 10), which the passage includes as one of the ""broader concerns"" of the term ""Art of Deception."" However, this is presented as something that might not be definitively fake, as the intent is learning, not deception. The passage explicitly states that ""the motives of its creator are decisive.""","This option, ""wanted other people to be fooled by its appearance,"" directly matches the passage's definition of a fake. The passage states that ""A fake can be defined as an artwork intended to deceive. The motives of its creator are decisive."" Wanting people to be fooled by the artwork's appearance is equivalent to intending to deceive, making this the correct answer.","This option, ""made multiple, identical copies of the work available for sale,"" relates to ""the production of commercial facsimiles"" (line 11). While facsimiles can be fakes, the act of making multiple copies for sale isn't, by itself, the definitive characteristic of a fake. The crucial element is still the intent to deceive the buyer about the origin or authenticity, not just the act of reproduction for commercial purposes.","This option, ""made the work resemble the art of an earlier era,"" describes a common characteristic of fakes but is not the definitive criterion. The passage mentions ""Roman copies"" being passed off as Greek art (lines 19-20) and the ""passionate identification with the world of antiquity"" (lines 25-26) in the context of faking. However, the *resemblance* itself is not the defining factor; the *intent to deceive* by presenting it as something it is not (e.g., an authentic work from an earlier era) is what makes it a fake, according to the passage's definition focusing on the creator's motives."
borodulya/lsat101.s1.passage-4-question-24.jy.mp4,144,1,24,"Question 24 asks us to identify the option for which the author provides *no* example in the passage. This means four of the answer choices will be explicitly supported by details from the text, and one will not. Our task is to find the unsupported one.","<p><b>Option A: categories of art that are neither wholly fake nor wholly original.</b></p><p>The passage provides multiple examples of art that falls between wholly fake and wholly original. Lines 7-12 state: ""These include works by an artist's followers in the style of the master, deliberate archaism, copying for pedagogical purposes, and the production of commercial facsimiles."" These are all examples of categories of art that are neither purely fake nor purely original.</p>","<p><b>Option B: cultures in which the faking of art flourished.</b></p><p>The passage explicitly mentions a culture where faking flourished. Lines 15-16 state: ""in Imperial Rome there was a widespread interest in collecting earlier Greek art, and therefore in faking it."" This clearly identifies Imperial Rome as a culture where faking flourished due to the interest in collecting Greek art.</p>","<p><b>Option C: qualities that art collectors have prized in their acquisitions.</b></p><p>The passage implies qualities prized by collectors in Imperial Rome. Lines 16-18 note a ""widespread interest in collecting earlier Greek art."" This indicates that Roman collectors prized the antiquity and style associated with Greek art, leading to fakes that replicated these qualities. Thus, a quality (e.g., historical style or age) that collectors prized is identified.</p>","<p><b>Option D: cultures in which the categories ""fake"" and ""original"" do not apply.</b></p><p>The passage provides an example of such a culture. Lines 37-41 explain: ""This is true of much African art, where the authenticity of an object is considered by collectors to depend on its function. As an illustration, the study compares two versions of a chi wara mask made by the Bambara people of Mali."" This describes African art, specifically the Bambara people, as a context where authenticity is tied to function rather than a fake/original dichotomy.</p>","<p><b>Option E: contemporary artists whose works have inspired fakes.</b></p><p>The passage discusses Michelangelo, a Renaissance artist, whose work inspired imitators (lines 35-36). However, Michelangelo is not a *contemporary* artist. The passage does not provide any examples of artists who are alive today or from recent history whose works have inspired fakes. Therefore, this is the option for which the author does not provide an example.</p>"
borodulya/lsat101.s1.passage-4-question-25.jy.mp4,144,1,25,"<p>The core idea of the passage is that the motive of the creator (to deceive or not) is decisive for whether an artwork is classified as a fake, but the artistic merit of the object itself is a separate issue. This means a fake can still possess artistic merit independently of its deceptive origin.</p>","<p>This option states that a fake cannot have true artistic merit due to its production circumstances. However, the passage explicitly states that the merit of the object is a 'separate issue' from its deceptive nature, making this option incorrect.</p>","<p>This option claims artistic merit is conditional on successful deception. The passage, however, emphasizes that artistic merit is independent of the creator's intent or the success of the deception. Therefore, this option is incorrect.</p>","<p>This option accurately reflects the passage's implication: a fake's artistic merit is an intrinsic quality that exists 'in its own right,' regardless of whether it was created with an intent to deceive. This aligns with the statement that the 'merit of the object itself is a separate issue.'</p>","<p>This option suggests that a fake's artistic merit depends on the creator's skill. While an accomplished artist might produce a more meritorious fake, the passage does not tie the *existence* of artistic merit in a fake directly to the creator's accomplishment as an artist, but rather separates the object's merit from its production circumstances. The author does not imply this specific condition.</p>","<p>This option posits that a fake's artistic merit relies on the merit of the original work it imitates. The passage does not make this connection, instead emphasizing the fake's merit as a separate issue from its origins, which would include the original work it was based on.</p>"
borodulya/lsat101.s1.passage-4-question-26.jy.mp4,144,1,26,"The last paragraph defines authenticity based on ""function"" – the thing that is functioning, serving its purpose, is the authentic one. This standard will be used to test each answer choice.","<p>This option describes an ancient Roman copy of an ancient Greek sculpture. The explanation states it ""doesn't talk about function at all"" and is ""just a copy,"" indicating it doesn't meet the authenticity standard based on function.</p>","<p>This option describes a painting begun by a Renaissance master and finished by his assistants after his death. The explanation notes ""again, no function,"" meaning it fails to meet the authenticity criterion.</p>","<p>This option describes a print of a painting signed by the artist who painted the original. The explanation explicitly states ""no function,"" so it is not considered authentic by the passage's standard.</p>","<p>This option presents a faithful replica of a ceremonial crown that preserves all the details of, and is indistinguishable from, the original. The explanation points out that while it's a faithful replica, it is ""missing the function"" because it doesn't explicitly state that it is used or serves its purpose, thus it's not authentic by the given standard.</p>","<p>This option describes a modern reconstruction of a medieval altarpiece designed to serve its traditional role in a service of worship. The explanation identifies ""designed to serve its traditional role in a service of worship"" as the key phrase demonstrating its function, thus making it authentic according to the passage's standard.</p>"
borodulya/lsat101.s1.passage-4-question-27.jy.mp4,144,1,27,"<p>Question 27 asks for the function of the last paragraph of the passage. The speaker notes that the passage's structure felt somewhat unclear, so the strategy for this question will be to eliminate incorrect answer choices rather than anticipating the correct one directly.</p>","<p>This option states that the last paragraph offers a tentative answer to a question posed by the author in the opening paragraph. The speaker infers that such a question might relate to distinguishing between 'fake' and 'original.' However, the last paragraph doesn't provide a direct metric for this distinction. Instead, it suggests that the very concept of 'fake versus original' is culturally specific and narrow. Therefore, this option is incorrect.</p>","<p>This option claims the last paragraph summarizes an account provided in detail in the preceding paragraph. The speaker quickly dismisses this, pointing out that the preceding paragraph discusses European art and history, while the last paragraph shifts to discuss African art. Thus, it is not a summary of the preceding paragraph.</p>","<p>This option suggests the last paragraph provides additional support for an argument advanced in the preceding paragraph. The speaker identifies a potential argument in the preceding paragraph about the correlation between the flourishing of art faking and collecting. However, the last paragraph, with its discussion of African art and the cultural concept of authenticity, does not directly support this argument. Therefore, this option is incorrect.</p>",<p>This option states that the last paragraph examines another facet of a distinction developed in the preceding paragraphs. The speaker finds this a strong candidate. The ,<p>This option suggests the last paragraph affirms a general principle enunciated at the beginning of the passage. The speaker charitably tries to interpret a 
borodulya/lsat110.s1.passage-4-question-20.jy.mp4,149,2,20,The passage states that the drafters of the Convention intentionally left the precise boundaries of the social-group category undefined to ensure flexibility and address unanticipated situations (lines 28-31). This implies that the drafters recognized the difficulty of listing every possible reason for seeking refuge and thus created a broad category to accommodate future unforeseen circumstances. Option C accurately reflects this understanding.,"<p>Option A is incorrect. The passage does not suggest that the drafters intended for the United Nations to be consulted for new reasons for seeking refugee status. The flexibility was built into the definition itself, not through a consultation mechanism.</p>","<p>Option B is incorrect. The passage explicitly states that the original definition from the International Refugee Organization (IRO) did not include 'social group.' The United Nations Convention *added* this category to provide a 'safety net' (lines 21-26), indicating they *did not* follow the precedent but rather improved upon it, especially concerning gender-based persecution which the IRO definition would not have covered.</p>","<p>Option C is correct. The passage states that the drafters ""intentionally left the precise boundaries of the social-group category undefined to ensure that the category would retain the flexibility necessary to address unanticipated situations."" This directly supports the idea that they recognized the difficulty of exhaustively listing every possible reason for persecution and thus opted for a broad, flexible definition.</p>","<p>Option D is incorrect. The passage clearly indicates that the inclusion of the 'social group' category was intended to cover groups like women facing gender-based persecution (lines 16-20). This shows that the drafters *did* consider gender-based persecution as a valid reason for seeking asylum, even though it wasn't explicitly listed alongside race, nationality, or religion.</p>","<p>Option E is incorrect. The passage does not provide any information to suggest that gender-based persecution was not a significant problem at the time the Convention was drafted. Furthermore, the inclusion of the 'social group' category specifically to cover gender-based persecution implies that it *was* recognized as a potential issue, requiring a flexible definition to address it.</p>"
borodulya/lsat110.s1.passage-4-question-19.jy.mp4,149,2,19,"Question 19 asks what is true about both the United Nations Convention and the UNHCR Handbook. The speaker notes that the Convention introduced the 'social group' category as a safety net, and the Handbook provided an expansive interpretation of it. The key is to find a statement that is true for both documents.","This option states that both documents are likely to exert a strong influence on improving the status of women in countries that are members of the United Nations. The speaker dismisses this as 'way too broad.' The passage indicates that the UNHCR's position (derived from the Handbook) is likely to impact the interpretation of *national asylum laws* in member states, not the general 'status of women'. Therefore, this option is incorrect.","This option claims both documents explicitly support granting refugee status to women fleeing gender-based persecution. The speaker states this is 'wrong' because neither the Convention nor the Handbook explicitly mentions or supports granting refugee status specifically to women. While the social group category was *intended* to cover women facing gender-based persecution, neither document explicitly makes this recommendation. Therefore, this option is incorrect.","This option suggests both documents recommend using the social-group category to classify women refugees seeking asylum from persecution. The speaker again rejects this, clarifying that while a strong argument can be made that women fit under the social-group category based on interpretation, the documents themselves do not *recommend* this specific classification. Therefore, this option is incorrect.","This option states that both documents suggest that the social-group category can be applied to a wide variety of asylum-seekers. The speaker identifies this as the correct answer. The Convention introduced the social group category as a 'safety net' for asylum-seekers who did not fit neatly into other categories (lines 25-27). The Handbook supports a 'broad interpretation' (line 34) and an 'expansive interpretation' (line 39) of this category, which aligns with its application to a 'wide variety' of asylum-seekers. Therefore, this option is correct.","This option claims both documents describe a social group as persons who share a similar background and hold a similar status in society. The speaker explains that this specific definition is found only in the Handbook (lines 37-39). The Convention established the social group category but did not provide this detailed description. Therefore, this option is incorrect."
borodulya/lsat110.s1.passage-4-question-19.jy.mp4,129,4,19,"The question asks what is true about both the United Nations Convention and the UNHCR Handbook. The passage discusses how the Convention established categories for refugee status, including 'social group,' and how the Handbook provided an 'expansive interpretation' of this category to include women fleeing gender-based persecution. The key is to find a statement that accurately reflects the common ground or shared implication of both documents.","This option is too broad. While the documents aim to influence national asylum laws, extending this to 'improving the status of women in countries' is not directly supported by the passage. The focus is specifically on asylum laws, not the general status of women.","This is incorrect because neither document 'explicitly' supports granting refugee status to women fleeing gender-based persecution. The Convention's drafters intentionally left the 'social group' category undefined for flexibility, and the Handbook later provided an expansive interpretation that *allows* for women to be classified under this category, but it doesn't explicitly name women in its original text or recommendation.","This option is incorrect because the documents do not 'recommend' using the social-group category to specifically classify women refugees. Rather, the social-group category itself was left intentionally broad by the Convention's drafters, and the Handbook later interpreted it expansively, arguing that women facing gender-based persecution *can* fall within this category. There isn't an explicit recommendation for this specific classification.","This is the correct answer. The Convention intentionally left the 'social group' category with 'precise boundaries undefined' to retain flexibility for 'unanticipated situations' (lines 29-32), effectively making it applicable to a wide variety of asylum-seekers. The Handbook then describes this category expansively to resonate with these intentions (lines 38-41), further suggesting its broad applicability.","This option is incorrect because the description of a social group as persons who share a similar background, habits, or social status is specifically from the UNHCR Handbook (lines 37-39). The passage does not indicate that the United Nations Convention itself provides this specific description, only that it established the 'social group' category."
borodulya/lsat101.s1.passage-4-question-21.jy.mp4,130,2,21,"The question asks for the best description of the passage's overall function or purpose. The passage explores the complex nature of ""fake"" art versus ""original"" art across different historical periods and cultures.","This option is rejected because while the passage presents various aspects related to authenticity and faking, it does not attempt to reconcile differing points of view. Instead, it explores the complexity of the concept itself.","This option is rejected for two main reasons. Firstly, it only describes a portion of the passage (paragraph 2, which discusses the history of faking in different eras), not the entire passage. Secondly, the speaker argues that the term ""evolution"" is not entirely accurate to describe the historical changes in faking art as presented.","This option is accepted as the best description. The speaker notes that it is broad enough to encompass the passage's overall goal: to explore the intricate and multifaceted question of what constitutes fake versus original art, and how these concepts have been understood and treated throughout history and in different cultural contexts.",This option is rejected because the passage does not advocate for a new approach to art or authenticity. It is descriptive and analytical rather than prescriptive.,"This option is rejected. While the passage implicitly critiques simplistic views of authenticity (e.g., a binary of fake or original), its primary purpose isn't to reject an *existing* inadequate explanation explicitly. Instead, it delves into the complexity of the subject matter itself, thereby demonstrating why a simplistic view is inadequate."
borodulya/lsat110.s1.passage-4-question-19.jy.mp4,137,1,19,"The question asks what is true about both the United Nations Convention and the UNHCR Handbook. It's crucial to understand the relationship between the two documents: the Convention established the 'social-group' category, and the Handbook later provided an expansive interpretation of it. We need to find a statement that accurately reflects both documents' attributes.","<p>This option is incorrect. The passage mentions that the UNHCR's position, based on these documents, is likely to influence the interpretation of national asylum laws in member states (lines 53-58). This is different from a general improvement in the status of women in those countries. The scope of ""improving the status of women"" is too broad and not directly supported by the text as a primary influence of both documents.</p>","<p>This option is incorrect. The passage states that while persecution on the basis of gender is not *explicitly listed* as a category in the Convention, it does not *preclude* women from qualifying as refugees. The social-group category was intended to cover gender-based persecution, but this is an *interpretation* of the Convention and an application within the Handbook, not an explicit statement of support from both documents. The word ""explicitly"" makes this option false.</p>","<p>This option is incorrect. The documents suggest that women fleeing gender-based persecution *can* be classified under the social-group category due to its broad nature. However, neither document explicitly *recommends* using this category specifically to classify women refugees. The Handbook broadens the interpretation to allow for such cases, but it's not a direct recommendation from both.</p>","<p>This option is correct. The passage explains that the drafters of the Convention intentionally left the boundaries of the social-group category undefined to provide flexibility and serve as a ""safety net"" for asylum-seekers who might not fit into other categories (lines 28-32). The UNHCR Handbook further supports this by offering an ""expansive interpretation"" of the social-group category (lines 38-40), indicating that it can be applied broadly to various asylum-seekers.</p>","<p>This option is incorrect. The description of a social group as ""persons of similar background, habits, or social status"" (lines 37-39) is explicitly given by the *Handbook* as an expansive interpretation. The original Convention left the category undefined; it did not provide this specific description itself. Therefore, it's not true for *both* documents.</p>"
borodulya/lsat101.s1.passage-4-question-23.jy.mp4,130,2,23,"The passage defines a fake as an artwork 'intended to deceive' (line 1), emphasizing that 'The motives of its creator are decisive' (line 2). This means that for an artwork to be definitively classified as a fake, the creator must have the intention to mislead or fool others with their work. Option C directly aligns with this definition by stating the creator 'wanted other people to be fooled by its appearance'.","<p>This option is incorrect. The passage mentions that works created 'in the style of the master' or 'by a master's followers' (line 9) are not necessarily fakes. The act of adopting a style, even of a mentor, does not automatically constitute faking unless there is an intent to deceive about the work's origin or authenticity.</p>","<p>This option is incorrect. The passage explicitly differentiates between a fake and 'copying for pedagogical purposes' (line 10). Imitating a famous work as a learning exercise implies no intent to deceive, and therefore, according to the passage, would not be definitively classified as a fake.</p>","<p>This option is correct. The passage states that 'A fake can be defined as an artwork intended to deceive' (line 1) and that 'The motives of its creator are decisive' (line 2). If the creator 'wanted other people to be fooled by its appearance,' this directly indicates the decisive motive of deception required for an artwork to be classified as a fake.</p>","<p>This option is incorrect. The passage mentions the 'production of commercial facsimiles' (line 11). While these might be identical copies available for sale, they are not definitively fakes unless the intention is to deceive purchasers into believing they are originals or something other than what they are presented as. The act of making copies itself is not enough for classification as a fake.</p>","<p>This option is incorrect. The passage discusses 'deliberate archaism' (line 9), which means making something appear old. However, this is listed as one of several 'possibilities' (line 8) that are distinct from the defining characteristic of a fake. The resemblance to art of an earlier era does not make something a fake unless it is done with the intent to deceive others about its true age or origin.</p>"
borodulya/lsat101.s1.passage-4-question-24.jy.mp4,130,2,24,"The question asks to identify the option for which the author provides no example in the passage. This is an 'EXCEPT' question, meaning four of the answer choices will be explicitly supported by the text, and one will not. The task is to find the unsupported option.","This option is supported by the first paragraph, specifically lines 7-11, which state that 'a variety of possibilities exist somewhere between the two extremes' of wholly fake and wholly original art. Examples provided include 'works by an artist's followers in the style of the master, deliberate archaism, copying for pedagogical purposes, and the production of commercial facsimiles.' These are all forms of art that are neither entirely fake nor entirely original.","This option is supported by lines 14-19, which mention 'Imperial Rome' as a culture where 'whenever art collecting flourishes... there was a widespread interest in collecting earlier Greek art, and therefore in faking it.' This indicates that Imperial Rome was a culture where the faking of art flourished due to demand for Greek art.","This option is supported by lines 17-19, describing the 'widespread interest in collecting earlier Greek art' in Imperial Rome. This directly implies that collectors in Imperial Rome 'prized' Greek art in their acquisitions. Even if the art was faked, the *qualities* that resembled Greek art were what was valued by the collectors.","This option is supported by lines 37-41, which state: 'Fake? also reminds us that in certain cultures authenticity is a foreign concept. This is true of much African art, where the authenticity of an object is considered by collectors to depend on its function.' This shows that in African art, the concepts of 'fake' and 'original' do not apply in the same way as they do in Western contexts.","This option is NOT supported by the passage. The passage discusses historical artists like Michelangelo (lines 28-36), whose works inspired fakes ('object of imitators'). However, Michelangelo lived during the Renaissance, which is centuries ago, not 'contemporary' (meaning existing, occurring, or living at the same time as the present day). The passage does not provide any examples of artists alive today whose works have inspired fakes. Therefore, this is the correct answer choice."
borodulya/lsat101.s1.passage-4-question-26.jy.mp4,130,2,26,"The last paragraph of the passage defines authenticity based on whether an object serves its intended function or purpose, as determined by collectors or experts. An object is considered authentic if it is functioning or serving its traditional role, not merely by its origin, creator, or physical resemblance to an original.","This option describes a copy of a sculpture. The explanation states it 'doesn't talk about function at all' and is 'just a copy,' implying it fails the authenticity test because its purpose or function is not mentioned as being original or traditionally served.","This option describes a painting with multiple creators. The explanation again states 'no function,' indicating that the authenticity is not determined by who started or finished the work, but whether it serves a purpose, which is not stated here.","This option describes a print of a painting. The explanation dismisses it with 'no function,' reinforcing that simply being signed by the artist or being a reproduction does not make it authentic by the passage's standard if it's not fulfilling a specific role.","This option describes a faithful replica that is indistinguishable from the original. While it gets 'close' by mentioning a 'ceremonial crown,' the explanation points out it is 'missing the function.' It explicitly states that if it had said 'and we use it' (implying traditional use), it would have been correct, but it doesn't, thus failing the function test.","This option describes a modern reconstruction 'designed to serve its traditional role in a service of worship.' The explanation highlights 'designed to serve its traditional role' as the 'key phrase' that meets the authenticity standard of 'function.' This object, despite being a reconstruction, is authentic because it fulfills the original purpose."
borodulya/lsat101.s1.passage-4-question-25.jy.mp4,130,2,25,"<p>The question asks what the author implies about the artistic merits of fakes. The core argument of the passage, stated in lines 1-3, is that while the creator's motive to deceive defines an artwork as a fake, ""the merit of the object itself is a separate issue."" This means that an object's artistic merit is independent of whether it was created with deceptive intent. We are looking for an answer choice that reflects this separation.</p>","<p>This option states that a fake cannot have true artistic merit due to its production circumstances. This directly contradicts the passage's assertion that the object's merit is a ""separate issue"" from the creator's deceptive motives.</p>","<p>This option claims that a fake has artistic merit only if the deception is successful. This again ties artistic merit to the circumstances of production (successful deception), which the passage explicitly states are separate from the object's inherent merit.</p>","<p>This option states that a fake ""may or may not have artistic merit in its own right, regardless of the circumstances of its production."" This perfectly aligns with the passage's argument that the ""merit of the object itself is a separate issue"" from the creator's motives and the circumstances of its creation. A fake's artistic value is evaluated independently.</p>","<p>This option suggests that artistic merit depends on the creator's accomplishment as an artist. The passage does not discuss the skill or accomplishment of the artist in relation to the artistic merit of the fake. Its focus is on the creator's motive to deceive, not their artistic prowess, as being distinct from the object's merit.</p>","<p>This option argues that the artistic merit of a fake depends on the merit of the original work that inspired it. The passage does not provide any support for this claim. While it mentions ""Roman copies"" which might be inspired by originals, it doesn't state that the artistic merit of the copy is contingent on the original's merit. The key point is the independence of the fake's merit from its deceptive origin.</p>"
borodulya/lsat101.s1.passage-4-question-22.jy.mp4,130,2,22,"The speaker initially struggled to preempt the main point of the passage, acknowledging that it's acceptable to not have a clear idea before reviewing the answer choices. The strategy employed was to eliminate incorrect answers and allow the correct answer to clarify the author's main point.","<p>This option states that art faking has occurred ""throughout history and in virtually every culture."" The speaker rejects this, noting that the passage focuses primarily on European art and provides counterexamples (like African art) where the concept of authenticity is a ""foreign concept."" Therefore, the claim of ""virtually every culture"" is factually inaccurate according to the passage. Additionally, even if factually true, it doesn't represent the author's main point, which involves a deeper discussion of what constitutes a fake and the difficulties in determining authenticity.</p>","<p>This option suggests a comparison between the importance of a work's authenticity and its artistic merit, claiming the former is ""less important."" The speaker notes that while the passage identifies these as ""separate issues,"" it does not make an argument about which one is more or less important. The author doesn't explicitly state or imply that artistic merit should supersede the question of authenticity.</p>","<p>This option attempts to differentiate between proving a work is ""fake"" and proving its ""authenticity,"" suggesting that while fakery can be shown, authenticity cannot be proven conclusively. The speaker criticizes this as a ""false distinction."" If a work is definitively proven fake (as per the passage's definition based on creator's intent), it inherently means it lacks authenticity. The author is not focused on this semantic differentiation, but rather on the broader challenges of determining authenticity and the cultural context of such definitions.</p>","<p>This option asserts that ""a variety of circumstances make it difficult to determine whether a work of art can appropriately be called a fake."" The speaker identifies this as a strong contender, noting that the passage extensively discusses the nuanced and often challenging nature of defining and identifying fakes. This aligns with the various examples and perspectives presented, including the role of creator's intent, the historical context, and cultural differences in valuing authenticity (such as in African art). This option broadly encompasses the author's concerns throughout the passage about the complexity of the issue.</p>","<p>This option claims that ""without an international market to support it, the faking of art would cease."" The speaker quickly dismisses this as an unsupported and likely too strong a claim. The passage does not discuss the role of an international market in sustaining art faking, nor does it suggest that its absence would lead to the complete cessation of such activities. This falls outside the scope of the author's discussion.</p>"
borodulya/lsat110.s1.passage-4-question-19.jy.mp4,135,3,19,"This question asks what is true about both the United Nations Convention and the UNHCR Handbook. The key is to distinguish between what each document explicitly states or recommends, and what can be interpreted from them or how they relate to each other.","<p>This option claims both documents are likely to exert a strong influence on improving the status of women in countries that are members of the United Nations. The video deems this claim too broad. While the documents might influence national asylum laws, the passage does not support the idea that they aim to improve the general status of women across all UN member countries.</p>","<p>This option states that both documents *explicitly* support granting refugee status to women fleeing gender-based persecution. The video points out that neither the Convention nor the Handbook explicitly states this. The Handbook expands on the social group category, but doesn't make an explicit statement to grant status to women fleeing gender-based persecution as a distinct category supported by both documents.</p>","<p>This option incorrectly states that both documents *recommend* using the social group category specifically to classify *women* refugees seeking asylum. While women can be argued to fit this category based on the documents' expansive interpretation, the documents themselves do not explicitly *recommend* this classification solely for women. This is a subtle but important distinction.</p>","<p>This option correctly states that both documents *suggest* that the social-group category can be applied to a wide variety of asylum-seekers. The Convention introduced the 'social group' category as a 'safety net' for those not fitting other categories, and the Handbook offers an expansive interpretation that is resonant with the Convention's original intention. This broad application implies it covers various types of asylum-seekers.</p>","<p>This option claims both documents describe a social group as persons who share a similar background and hold a similar status in society. However, the video clarifies that this specific definition is only provided by the Handbook (around line 37), not explicitly by the original Convention itself. Therefore, it's not true for *both* documents.</p>"
borodulya/lsat101.s1.passage-4-question-27.jy.mp4,130,2,27,"The last paragraph's primary function is to delve into the concept of authenticity, specifically in the context of African art. It highlights that the distinction between 'fake' and 'original' is a culturally narrow concept. The paragraph illustrates this with the example of a 'chi wara mask,' where the authenticity of an object is considered by collectors to depend on its function, not necessarily its origin. This expands on the broader discussion of fakes and originals by introducing a different cultural perspective.","<p>This option suggests that the last paragraph offers a tentative answer to a question posed in the opening paragraph. However, the last paragraph does not provide a direct metric or answer on how to distinguish fake from original art. Instead, it challenges the universality of the 'fake versus original' concept itself, stating it's a 'foreign concept' in some cultures.</p>","<p>This option states that the paragraph summarizes a detailed account from the preceding paragraph. This is incorrect. The preceding paragraphs discuss European art, specifically Michelangelo and Roman copies, while the last paragraph shifts focus to African art and a 'chi wara mask.' These are distinct discussions, not a summary.</p>","<p>This option claims the paragraph provides additional support for an argument from the preceding paragraph. The preceding paragraph discusses the flourishing of art collecting and faking. The last paragraph, by introducing a culturally specific understanding of authenticity, does not directly support an argument about the correlation between collecting and faking but rather introduces a new dimension to the overall theme of authenticity.</p>","<p>This option accurately describes the function of the last paragraph. The passage generally develops a distinction between 'fake' and 'original.' The last paragraph examines 'another facet' of this distinction by presenting the idea that 'authenticity' is a culturally narrow concept. It illustrates that in some cultures, like that of the Bambara people of Mali, the authenticity of an object is tied to its function, thus broadening the understanding of the initial distinction by revealing its limitations and cultural specificity.</p>","<p>This option suggests the paragraph affirms a general principle enunciated at the beginning of the passage. While the passage implicitly deals with the complexity of telling fake from original, the last paragraph goes beyond mere affirmation. It challenges the fundamental assumption that the 'fake versus original' distinction is universally applicable, which is a more nuanced role than simply confirming an earlier principle.</p>"
borodulya/lsat101.s1.passage-4-question-23.jy.mp4,138,1,23,"The question asks for the definitive classification of a fake artwork based on the passage. The first paragraph explicitly states: ""A fake can be defined as an artwork intended to deceive. The motives of its creator are decisive..."" This means that the creator's intent to deceive is the crucial factor. Therefore, an artwork is definitively classified as fake if its creator wanted to fool others with its appearance.","This option is incorrect. While the passage mentions ""works by an artist's followers in the style of the master"" (lines 8-9), adopting a style, even of an influential mentor, does not automatically make it a fake. The intent to deceive is the defining characteristic of a fake, not merely adopting a style.","This option is incorrect. The passage mentions ""copying for pedagogical purposes"" (line 9). If the imitation is a learning exercise, there is no intent to deceive, and thus, according to the passage's definition, it would not be definitively classified as a fake.","This option is correct. The passage states that ""A fake can be defined as an artwork intended to deceive. The motives of its creator are decisive..."" (lines 1-3). If the person who created the artwork wanted other people to be fooled by its appearance, they had the intent to deceive, which is the definitive criterion for a fake.","This option is incorrect. The passage mentions ""the production of commercial facsimiles"" (line 10). While these are copies made for sale, they are only fakes if there is an intent to deceive people into believing they are originals. If they are marketed as copies or facsimiles, there is no deception, and thus they are not fakes according to the passage's definition.","This option is incorrect. The passage discusses ""deliberate archaism"" (line 9) and later, ""a passionate identification with the world of antiquity"" (lines 25-26), which involves making works resemble earlier art. However, this act in itself does not make an artwork a fake. It only becomes a fake if the creator intends to deceive others into believing the work is actually from that earlier era."
borodulya/lsat101.s1.passage-4-question-24.jy.mp4,138,1,24,"The question asks to identify which of the following the author does *not* provide at least one example of in the passage. This means four of the options will be directly supported by the text, and one will not.","This option is supported by the first paragraph, specifically lines 6-12. The passage mentions ""a variety of possibilities somewhere between the two extremes"" of fake and original. Examples include ""an artist's followers in the style of the master, deliberate archaism, copying for pedagogical purposes, and the production of commercial facsimiles."" These are categories of art that are neither wholly fake nor wholly original.","This option is supported by lines 13-16, which state that ""in Imperial Rome there was a widespread interest in collecting earlier Greek art, and therefore in faking it."" This clearly provides an example of a culture (Imperial Rome) where the faking of art flourished.","This option is supported by lines 13-19. The passage discusses the widespread interest among Romans in collecting earlier Greek art, leading to faking. Rich Roman senators prized art that looked like Greek art, valuing its aesthetic or historical connection, even if it was a 'Roman copy' (fake). The quality being prized was the Greek style or appearance.","This option is supported by lines 37-41. The passage explains that in ""African art, the authenticity of an object is considered by collectors to depend on its function."" This suggests that the Western categories of ""fake"" and ""original"" based on authorship or age might not apply in these cultures, as the object's purpose dictates its authenticity.","This option is *not* supported by the passage. The text mentions Michelangelo (lines 28-36) and the Renaissance (lines 23-25) as periods and artists whose works inspired imitators. However, Michelangelo is not a ""contemporary"" artist (meaning alive today or from the very recent past). The passage does not provide any examples of artists who are contemporary and whose works have inspired fakes. Therefore, this is the correct answer choice as it is the exception."
borodulya/lsat101.s1.passage-4-question-26.jy.mp4,138,1,26,"The last paragraph of the passage defines an object as ""authentic"" based on whether it serves its original function or purpose, regardless of whether it's an original piece or a replica. The standard is determined by ""collectors"" and ""so-called experts,"" and the key factor is the object's current ""function.""","This option describes an ancient Roman copy of an ancient Greek sculpture. It focuses on the origin and nature of the object as a copy, but it does not mention whether it serves the same function as the original Greek sculpture, thus failing to meet the authenticity standard based on function.","This option describes a painting started by a master and finished by assistants. It discusses the authorship and completion process of the artwork. However, it provides no information about the painting's function or purpose, so it cannot be considered authentic under the given standard.","This option describes a print of a painting signed by the original artist. Similar to the previous choices, it details the object's creation and origin (a reproduction signed by the artist) but offers no insight into its functional role or whether it serves a specific purpose, which is crucial for authenticity.","This option presents a faithful replica of a ceremonial crown that is indistinguishable from the original. While it emphasizes the exactness of the reproduction, it fails to state that the replica is actually *used* for ceremonial purposes. Without fulfilling the original function, it does not meet the authenticity standard defined by the passage.","This option describes a modern reconstruction of a medieval altarpiece ""designed to serve its traditional role in a service of worship."" This explicitly states that the object, despite being a modern reconstruction, fulfills the original purpose and function of a medieval altarpiece. This direct alignment with the ""function"" criterion makes it authentic according to the standards of the last paragraph."
borodulya/lsat101.s1.passage-4-question-25.jy.mp4,138,1,25,<p>The author implies that the artistic merit of a fake is a separate issue from the creator's motive to deceive. This means a fake can possess artistic merit regardless of how or why it was produced.</p>,"<p>This option incorrectly states that a fake cannot have true artistic merit due to its production circumstances. The passage, however, asserts that the artistic merit of the object is a ""separate issue"" from the creator's deceptive motives.</p>","<p>This option is incorrect because it links artistic merit solely to the success of the deception. The passage explicitly states that the object's merit is a ""separate issue"" from the creator's intent, implying that the success or failure of deception does not determine artistic merit.</p>","<p>This option correctly reflects the passage's assertion that ""the merit of the object itself is a separate issue"" from the creator's motives. Therefore, a fake's artistic merit is an independent quality, irrespective of the circumstances of its creation or the intent to deceive.</p>","<p>This option incorrectly suggests that a fake's artistic merit depends on the creator's accomplishment as an artist. While an accomplished artist might produce a higher quality fake, the passage does not establish this as the determining factor for a fake's artistic merit. It focuses on the separation of merit from deceptive intent.</p>","<p>This option incorrectly claims that the artistic merit of a fake depends on the merit of the original work. The passage implies that the fake's merit is an independent quality, not necessarily tied to the value or quality of the original piece it imitates.</p>"
borodulya/lsat110.s1.passage-4-question-19.jy.mp4,138,4,19,"The question asks what is true about both the United Nations Convention and the UNHCR Handbook. Option D correctly states that both documents suggest the social-group category can be applied to a wide variety of asylum-seekers. The passage indicates that the Convention drafters intentionally left the boundaries of the social-group category undefined to provide flexibility and act as a 'safety net' for those not fitting other categories. The Handbook supports a broad interpretation of social groups, describing them as persons sharing similar background, habits, or social status, and notes that this expansive interpretation aligns with the Convention's intentions.","This option is incorrect. The passage states that the UNHCR's position is likely to have an impact on the interpretation of national asylum laws regarding gender-based persecution, but it does not claim that both documents are likely to exert a strong influence on 'improving the status of women in countries that are members of the United Nations.' This is too broad and not directly supported by the text for both documents.","This option is incorrect because neither document *explicitly* supports granting refugee status to women fleeing gender-based persecution. The passage explains that while the Convention does not explicitly list gender as a basis for persecution, it does not preclude victims of gender-based persecution from qualifying. The social-group category, included by the Convention, was *intended* to cover groups like women facing gender-based persecution. The Handbook further supports this interpretation. However, 'explicitly support' is too strong.","This option is incorrect. Similar to option B, the documents do not *recommend* using the social-group category specifically to classify women refugees. Instead, the passage states that the category was *intended* to cover such groups (in the Convention) and the Handbook supports an *expansive interpretation* that includes them. The distinction between 'recommend' and 'suggest it can be applied' is crucial.","This option is correct. The passage states that the Convention drafters intentionally left the social-group category undefined to ensure flexibility and serve as a 'safety net' for asylum-seekers who do not fall into other categories. The Handbook provides an expansive interpretation of this category, which is resonant with the Convention's intentions. This shows that both documents, through their design and interpretation, allow for the social-group category to be applied to a broad range of asylum-seekers.","This option is incorrect. The passage states that the Handbook *describes* a social group as 'persons of similar background, habits, or social status' (lines 37-39). However, this specific description is attributed only to the Handbook, not to both the Convention and the Handbook. The Convention *added* the social-group category, but it did not provide this specific descriptive definition; the Handbook later expanded on it."
borodulya/lsat101.s1.passage-4-question-27.jy.mp4,138,1,27,"The last paragraph serves to examine the concept of authenticity from a non-Western cultural perspective, specifically African art, contrasting it with the Western distinction between 'fake' and 'original.' It illustrates that in some cultures, an object's authenticity is tied to its function rather than its origins or whether it is a copy, thereby presenting a new facet to the discussion of authenticity.","<p>This option is incorrect. The opening paragraph introduces the broader topic of faking and originality. The last paragraph does not offer a tentative answer to a direct question posed in the opening paragraph regarding how to distinguish fake from original; instead, it questions the universality of that very distinction.</p>","<p>This option is incorrect. The preceding paragraph delves into the history of faking and collecting in Western art, particularly mentioning European contexts. The last paragraph shifts focus entirely to African art, introducing a new cultural perspective on authenticity rather than summarizing the preceding detailed account.</p>","<p>This option is incorrect. The preceding paragraph's argument revolves around the interrelationship between the flourishing of art collecting and the practice of faking. The last paragraph introduces a distinct concept of authenticity based on function in African cultures, which is not additional support for the argument about collecting and faking in Western art.</p>","<p>This option is correct. The preceding paragraphs establish and explore the distinction between 'fake' and 'original' art, primarily through a Western lens. The last paragraph introduces the idea that 'authenticity is a foreign concept' in certain cultures, demonstrating that the distinction between fake and original is culturally narrow and that authenticity can depend on an object's function. This presents 'another facet' or dimension to the overarching distinction being discussed.</p>","<p>This option is less accurate than D. While the passage as a whole might generally discuss the ambiguity of authenticity, the last paragraph does not merely 'affirm' a general principle enunciated at the beginning. Instead, it introduces a specific cultural context (African art) to illustrate how the very concept of authenticity, as understood in the West, is not universal, thereby adding complexity rather than simple affirmation.</p>"
borodulya/lsat110.s1.passage-4-question-19.jy.mp4,151,1,19,"<p>Question 19 asks what is true about both the United Nations Convention and the UNHCR Handbook. It's important to distinguish between these two documents as the Convention is discussed earlier in the passage and the Handbook later on. This passage is the last one in the section and is loaded with questions, which is typical for LSAT.</p>","<p>Option A claims both documents are likely to exert a strong influence on improving the status of women in countries that are members of the United Nations.</p><p>The speaker rejects this, stating it's too broad. The documents influence member states' national asylum laws, which is a far cry from improving the general status of women. Therefore, this option is incorrect.</p>","<p>Option B claims both documents explicitly support granting refugee status to women fleeing gender-based persecution.</p><p>The speaker identifies this as incorrect, stating that neither the UN Convention nor the Handbook explicitly states this. The relationship between the two documents is that the Convention sets out categories, and the Handbook expands on the 'social group' category.</p>","<p>Option C claims both documents recommend using the social-group category to classify women refugees seeking asylum from persecution.</p><p>The speaker states that the documents do not 'recommend' this. While a strong argument can be made that women fit under the social group category based on interpretation, the documents themselves do not explicitly recommend it. Therefore, this option is incorrect.</p>","<p>Option D claims both documents suggest that the social-group category can be applied to a wide variety of asylum-seekers.</p><p>The speaker identifies this as the correct answer. The Handbook provides an expansive interpretation of the social group, and the Convention drafters intended it as a 'safety net' for asylum-seekers who didn't fit other enumerated categories, thus supporting a wide application.</p>","<p>Option E claims both documents describe a social group as persons who share a similar background and hold a similar status in society.</p><p>The speaker states that this description is only found in the Handbook, not in both documents. Therefore, this option is incorrect.</p>"
borodulya/lsat110.s1.passage-4-question-20.jy.mp4,151,1,20,"The passage indicates that the drafters of the United Nations Convention intentionally left the definition of 'social group' broad and undefined. This was done to ensure the category could adapt and remain flexible, allowing it to cover unanticipated situations and new reasons for seeking refuge, rather than trying to list every possible specific reason. This directly supports option C.","<p>This option states the drafters wanted the UN to be consulted for new reasons for refugee status. The passage does not mention any intention for the UN to be consulted. Instead, it highlights the drafters' desire to build flexibility into the Convention's definition itself to address future unanticipated situations.</p>","<p>This option is incorrect because the passage explicitly states that the original definition from the International Refugee Organization (IRO) did *not* include the 'social group' category. The UN Convention drafters *added* this category to provide a 'safety net,' particularly to cover issues like gender-based persecution. Therefore, they did not simply follow the IRO's precedent but expanded upon it.</p>","<p>This option is correct. Lines 29-32 state, 'The drafters of the Convention intentionally left the precise boundaries of the social-group category undefined to ensure that the category would retain the flexibility necessary to address unanticipated situations.' This directly means they recognized the difficulty of listing every possible reason for persecution and designed the definition to be adaptable.</p>","<p>This option is incorrect. The passage explicitly states that while persecution on the basis of gender was not *explicitly* listed, 'this omission does not preclude victims of gender-based persecution from qualifying as refugees, nor does it reflect an intention that such persons be excluded from international protection' (lines 10-13). Furthermore, the inclusion of the 'social group' category was specifically intended to cover groups like women facing gender-based persecution (lines 16-20).</p>","<p>This option presents an unsupported reason for gender not being explicitly listed. The passage does not suggest that gender-based persecution was not a significant problem at the time of drafting. In fact, by including the 'social group' category with the intention of covering gender-based persecution, the drafters implicitly acknowledged it as a problem that required a path to asylum, even if not explicitly named.</p>"
borodulya/lsat110.s1.passage-4-question-19.jy.mp4,158,1,19,"Question 19 asks what is true about both the United Nations Convention and the UNHCR Handbook. This passage, being the last of the section, is loaded with questions, and their difficulty requires careful analysis. The Convention established several categories for refugee status, including the 'social group' category, which was intentionally left broad to allow flexibility. The Handbook then provides an expansive interpretation of this 'social group' category, resonating with the Convention drafters' original intent to create a 'safety net' for asylum-seekers who didn't fit neatly into other categories. The key is to understand how both documents contribute to the broad applicability of the social group category.","<p>This option claims both documents influence improving the general status of women in UN member countries. The speaker states this is 'way too broad.' The documents are concerned with national asylum laws for refugees, specifically regarding the social group category, not the overall status of women. Therefore, this option is incorrect as it makes an overreaching claim not supported by the passage.</p>","<p>This option asserts that both documents explicitly support granting refugee status to women. The speaker marks this as 'wrong.' The UN Convention does not explicitly mention women or gender-based persecution. While the Handbook's expansive interpretation of the 'social group' category allows for women fleeing gender-based persecution to be considered, neither document *explicitly* states this. Therefore, this option is incorrect.</p>","<p>This option suggests both documents recommend using the social-group category to classify women refugees. The speaker again indicates this is incorrect, stating 'it just doesn't happen' and 'They don't recommend this.' While a strong argument can be made that women facing gender-based persecution fit under the social-group category due to the expansive interpretation, the documents themselves do not *recommend* this classification. They define the category in a way that allows for it. Therefore, this option is incorrect.</p>","<p>This option states that both documents suggest the social-group category can be applied to a wide variety of asylum-seekers. The speaker identifies this as the correct answer. The Convention intentionally left the category undefined to ensure flexibility for future asylum determinations. The Handbook further supports this by providing an 'expansive interpretation' of a social group. This aligns with the drafters' intent for the social group to act as a 'safety net' for those who qualify but don't fit other categories, thus making it applicable to a wide variety of asylum-seekers. This option accurately reflects the complementary roles of both documents.</p>","<p>This option claims both documents describe a social group as persons who share a similar background and hold a similar status in society. The speaker clarifies that this specific definition was provided 'just a definition in a handbook,' referring to a partial definition found only in the UNHCR Handbook. The Convention itself does not provide such a detailed description. Since the claim is that *both* documents describe it this way, and only one does, this option is incorrect.</p>"
borodulya/lsat101.s1.passage-4-question-21.jy.mp4,151,1,21,<p>Question 21 asks to describe the passage's overall function. This is a main point/purpose question for the entire text.</p>,"<p>Option A states ""reconciling varied points of view."" The passage does present different points or situations regarding faking art, but there is no reconciliation or attempt to bring these views into agreement. Therefore, this option is incorrect.</p>","<p>Option B suggests ""chronicling the evolution of a phenomenon."" While paragraph two of the passage does present a chronological survey of faking art, it describes different attitudes and practices across historical periods (Imperial Rome, Medieval Europe, Renaissance). The passage doesn't explicitly frame this as an ""evolution"" but rather as a historical overview of varying contexts. Furthermore, this option only describes a portion of the passage (paragraph two) and not the passage as a whole. Thus, it is not the best description.</p>","<p>Option C states ""exploring a complex question."" This is a very broad yet accurate description. The passage delves into the complexities of defining ""fake"" versus ""original"" art, considering motivations, historical contexts, and cultural perspectives (e.g., African art). It explores various facets of this multifaceted issue rather than simply stating a fact or advocating a single viewpoint, making it a strong candidate.</p>","<p>Option D mentions ""advocating a new approach."" The passage does not propose or advocate for any new method, theory, or approach to understanding or dealing with faking art. Its tone is descriptive and analytical, not prescriptive. Therefore, this option is incorrect.</p>","<p>Option E suggests ""rejecting an inadequate explanation."" While the passage implies that a simplistic ""fake or original"" dichotomy is insufficient (an ""inadequate explanation""), the primary purpose of the entire passage is not solely to reject one specific explanation. Instead, it aims to explore the broader complexities of the issue across different periods and cultures. The rejection is more implicit and serves the larger goal of exploration, making this option too narrow.</p>"
borodulya/lsat110.s1.passage-4-question-20.jy.mp4,158,1,20,"The passage states that 'The drafters of the Convention intentionally left the precise boundaries of the social-group category undefined to ensure that the category would retain the flexibility necessary to address unanticipated situations' (lines 28-31). This directly supports option C, as it indicates the drafters recognized the difficulty in exhaustively listing every possible reason for seeking refuge and thus created a flexible category to accommodate unforeseen circumstances.","<p>This option is incorrect. The passage does not suggest that the drafters intended for the United Nations to be consulted for new reasons for seeking refugee status. Instead, it highlights the drafters' intention to build flexibility into the Convention itself through the undefined 'social-group' category.</p>","<p>This option is incorrect. The passage indicates the opposite. The original definition from the International Refugee Organization (IRO) did *not* include a 'social-group' category (lines 22-23). The United Nations Convention *added* this category (lines 24-25), demonstrating that the drafters improved upon or expanded the IRO's precedent, rather than simply following it, especially concerning issues like gender-based persecution.</p>","<p>This option is correct. As stated in lines 28-31, the drafters 'intentionally left the precise boundaries of the social-group category undefined to ensure that the category would retain the flexibility necessary to address unanticipated situations.' This demonstrates their recognition that it would be difficult to list every potential reason for persecution, hence the need for a broad, flexible category.</p>","<p>This option is incorrect. The passage explains that 'women persecuted on account of their gender are likely to be eligible for asylum' under the 'social-group' category (lines 13-15). This indicates that the drafters, by including the 'social-group' category, did indeed consider gender-based persecution as a valid reason for asylum, even if it wasn't explicitly listed alongside race, nationality, or religion initially.</p>","<p>This option is incorrect. The passage does not provide any information about whether gender-based persecution was considered a significant problem at the time the Convention was drafted. In fact, the inclusion of the 'social-group' category was specifically intended to cover groups like 'women facing gender-based persecution' (lines 17-19), suggesting an awareness of such issues or a desire to provide a 'safety net' for them (lines 25-26).</p>"
borodulya/lsat110.s1.passage-4-question-19.jy.mp4,132,1,19,"Question 19 asks what is true about both the United Nations Convention and the UNHCR Handbook. This is the last and often most challenging passage in the section, typically loaded with questions that require careful analysis of both documents.","<p>This option claims both documents are likely to exert a strong influence on improving the status of women in countries that are members of the United Nations. The video states this is too broad. The documents primarily influence national asylum laws regarding asylum-seekers, not necessarily the overall status of women. Therefore, this option is incorrect.</p>","<p>This option asserts that both documents explicitly support granting refugee status to women fleeing gender-based persecution. The video clearly marks this as 'wrong'. Neither the UN Convention nor the Handbook explicitly states this. While the Handbook does expand on the 'social group' category which can include women, it doesn't explicitly support granting status in this specific manner for both documents.</p>","<p>This option states that both documents recommend using the social-group category to classify women refugees seeking asylum from persecution. The video indicates that this is not true. While an argument can be made that women fit under the social group category based on interpretation, the documents themselves do not explicitly 'recommend' using it in this specific way to classify women refugees. Therefore, this option is incorrect.</p>","<p>This option claims both documents suggest that the social-group category can be applied to a wide variety of asylum-seekers. The video identifies this as the correct answer. The Convention drafters intended the social group category as a 'safety net' for asylum-seekers who didn't fit other enumerated categories. The Handbook provides an 'expansive interpretation' of the social group, which resonates with these intentions, thus supporting its broad applicability.</p>","<p>This option suggests that both documents describe a social group as persons who share a similar background and hold a similar status in society. The video clarifies that this was a definition found only in the Handbook (a partial definition), not explicitly in both documents. Therefore, attributing this description to both documents makes this option incorrect.</p>"
borodulya/lsat135.s1.question-20.jy.mp4,135,1,2,"The journalist observes that newspaper stories about small observational studies are more frequent than those about large randomized trials, and that newspapers only report on studies with 'dramatic' findings. From this, the journalist concludes that small observational studies are inherently 'more likely' to have dramatic findings than large randomized trials. The core flaw in this reasoning is a sampling bias. The sample the journalist is using (newspaper reports) is already skewed because newspapers only select dramatic findings. The observed frequency in newspaper reports does not necessarily reflect the true likelihood of dramatic findings in the overall population of scientific studies. It's possible that small observational studies are far more numerous in the scientific community than large randomized trials. If this were the case, even if a lower *proportion* of small studies yield dramatic findings compared to large trials, the sheer *volume* of small studies could still result in a higher *absolute number* of dramatic findings, leading to more newspaper reports about them.","<p>This option describes an Ad Hominem fallacy or a source attack, specifically questioning the motives of those reporting the studies. However, the journalist's argument does not rely on attacking the credibility or motives of newspaper reporters. Instead, it accepts the premise that newspapers prioritize 'dramatic' findings. The flaw is not in the reporters' motives but in the journalist's generalization from a biased subset of reported studies to the entire body of scientific research.</p>","<p>This option claims the argument fails to consider that dramatic-sounding findings can still have strong scientific evidence. The argument actually acknowledges this distinction. Premise 2 states that large randomized trials 'generate stronger scientific evidence,' and that small observational studies are 'somewhat unreliable.' The journalist is aware of the varying strength of evidence. The flaw isn't about the strength of evidence for dramatic findings, but about making an unwarranted inference about the intrinsic likelihood of drama from a selectively reported sample.</p>","<p>This option suggests a confusion between claims. The argument doesn't inherently confuse one claim with another; rather, it attempts to draw a conclusion based on observed frequencies within a specific, biased dataset. The reasoning moves from observations about newspaper stories (which are a subset of actual studies with dramatic findings) to a general conclusion about the likelihood of dramatic findings in all small observational studies. The confusion is in the generalization process, not directly between two similar claims.</p>","<p>This is the most accurate description of the flaw. The journalist observes a higher frequency of newspaper stories about small observational studies compared to large randomized trials. However, this observation is based on studies *already selected by newspapers for their dramatic findings*. The argument overlooks the critical possibility that small observational studies are vastly more common than large randomized trials in the broader scientific world. If this is true, then even if large trials are *proportionally* more likely to have dramatic findings (per trial), the sheer *number* of small studies could mean that more small studies *in total* have dramatic findings, thus leading to more newspaper reports about them. The conclusion incorrectly infers a higher *likelihood* (proportion) from higher *frequency* within a biased sample, without accounting for the underlying population sizes.</p>","<p>This option describes a confusion between cause and effect. The argument's first premise clearly states that findings that 'sound dramatic' are the *cause* for a study being reported by newspapers ('Newspapers generally report on only those scientific studies whose findings sound dramatic'). Therefore, the argument does not fail to rule out this possibility; it explicitly establishes it as part of its premise. The flaw lies elsewhere, in the generalization from this selectively reported data.</p>"
borodulya/lsat110.s1.passage-4-question-20.jy.mp4,132,1,20,<p>The passage states that the drafters of the Convention intentionally left the precise boundaries of the social-group category undefined. This was done to ensure the category would retain the flexibility necessary to address unanticipated situations. This directly supports option (C) by indicating that the drafters recognized the difficulty of exhaustively listing every possible reason for seeking refuge.</p>,<p>This option is incorrect. The passage does not suggest that the drafters wanted to ensure the United Nations would be consulted for new reasons for seeking refugee status. The intent was to create a flexible definition within the Convention itself.</p>,"<p>This option is incorrect. The passage indicates that the United Nations Convention *added* the 'social group' category to the original definition of a refugee from the International Refugee Organization (IRO). This means they did not simply follow the precedent but rather improved upon it, especially concerning issues like gender-based persecution which the IRO's definition did not explicitly cover.</p>","<p>This option is correct. The passage states that the drafters ""intentionally left the precise boundaries of the social-group category undefined to ensure that the category would retain the flexibility necessary to address unanticipated situations."" This demonstrates their recognition that it would be difficult, if not impossible, to list every specific reason a person might seek refuge from persecution.</p>","<p>This option is incorrect. The drafters *did* consider persecution on the basis of gender to be a valid reason. The inclusion of the 'social group' category in the Convention's definition was specifically intended to cover groups like women facing gender-based persecution, indicating that they viewed it as a legitimate ground for asylum.</p>","<p>This option is incorrect. The passage does not provide any information to support the claim that gender-based persecution was not a significant problem at the time the Convention was drafted. In fact, the inclusion of the 'social group' category suggests a recognition that existing categories were insufficient to cover such forms of persecution.</p>"
borodulya/lsat101.s1.passage-4-question-21.jy.mp4,132,1,21,"The passage primarily explores the multifaceted and complex question of what constitutes 'fake' art versus 'original' art, delving into various aspects such as the creator's intent, historical context, market value, and cultural perspectives. It highlights the complexities and nuances of authenticity, rather than simply presenting a chronology or advocating a specific viewpoint.","<p>This option is incorrect. While the passage presents various historical and cultural perspectives related to faking art, it does not attempt to 'reconcile' these different viewpoints into a unified position. Instead, it lays them out to illustrate the complexity of the phenomenon.</p>","<p>This option is incorrect. Although paragraph two of the passage does offer a chronological survey of faking art in different eras (Imperial Rome, Medieval Europe, Renaissance), this only describes a portion of the passage, not its overall function. Furthermore, the passage describes historical occurrences rather than a clear 'evolution' or progressive development of faking as a phenomenon.</p>","<p>This option is correct. The passage broadly and deeply explores the intricate question of 'fake' versus 'original' art, considering multiple dimensions and challenging simplistic definitions. It addresses the complexity by examining intent, historical context, and cultural differences in how authenticity is perceived.</p>",<p>This option is incorrect. The passage is descriptive and analytical; it does not advocate for any 'new approach' to understanding or dealing with fake art. There is no specific proposal or recommendation presented for a different way of thinking about or handling this issue.</p>,"<p>This option is incorrect. While the passage challenges a simplistic, binary view of art as either 'fake' or 'original,' it doesn't explicitly or primarily focus on 'rejecting an inadequate explanation.' Its main goal is to explore the complexities and present a nuanced discussion rather than directly refuting a single, specific inadequate explanation.</p>"
borodulya/lsat110.s1.passage-4-question-20.jy.mp4,141,3,20,"<p>The passage indicates that the drafters of the UN Convention intentionally left the precise boundaries of the social-group category undefined to ensure flexibility and address unanticipated situations. This suggests they recognized the difficulty in exhaustively listing every possible reason a person might seek refuge, making option (C) the correct answer.</p>","<p>This option states that the drafters wanted the UN to be consulted for new reasons for seeking refugee status. The speaker explicitly dismisses this, noting that the passage does not mention any such consultation process. The flexibility was inherent in the broad definition, not through ongoing consultation.</p>","<p>This option suggests the drafters followed the precedent of the International Refugee Organization (IRO) regarding gender-based persecution. The speaker refutes this, pointing out that the original IRO definition did not include a 'social group' category, and the UN Convention specifically added it to improve upon previous definitions. Therefore, they did not follow, but rather improved upon, the IRO's precedent in this area.</p>","<p>This option states that the drafters recognized it would be difficult to list every possible reason for seeking refuge. The speaker confirms this, aligning it with the passage's explanation that the 'social group' category was intentionally left undefined to retain flexibility and address unforeseen circumstances. This demonstrates the drafters' foresight in not limiting the definition to a finite list of persecutory grounds.</p>","<p>This option claims the drafters did not consider gender-based persecution a valid reason for asylum. The speaker directly contradicts this, stating that they 'absolutely did' consider it valid, which is precisely why they included the 'social group' category, under which gender-based persecution cases could be covered. This directly supports the intention to include, not exclude, such grounds.</p>","<p>This option suggests gender was not listed because gender-based persecution was not a significant problem when the Convention was drafted. The speaker questions the basis for this claim, implying the passage does not support it. The passage actually indicates the 'social group' category was added to cover groups, including women facing gender-based persecution, who were 'otherwise not covered' by specific categories, implying a recognition of the issue, not its insignificance.</p>"
borodulya/lsat110.s1.passage-4-question-19.jy.mp4,141,3,19,"Question 19 asks what is true about both the United Nations Convention and the UNHCR Handbook. This is the last passage of the section and is loaded with questions, which often happens. The difficulty of this question lies in carefully distinguishing what is true for *both* documents versus just one or implied interpretation.","<p>This option states that both documents are likely to exert a strong influence on improving the status of women in countries that are members of the United Nations. The speaker explains that this is too broad. While the documents might influence national asylum laws, that is a far cry from directly improving the general status of women. Therefore, this option is incorrect.</p>","<p>This option claims both documents explicitly support granting refugee status to women fleeing gender-based persecution. The speaker refutes this, stating that neither the UN Convention nor the Handbook explicitly grants refugee status to women. The passage implies that women *can* be covered under the social group category through interpretation, but it is not an explicit statement of support in either document.</p>","<p>This option suggests both documents recommend using the social-group category to classify women refugees seeking asylum from persecution. The speaker clarifies that the documents do not *recommend* this. While it's possible to make a strong argument that women fit under the social group category based on interpretation, the documents themselves do not provide a direct recommendation for this classification. This distinction is crucial and makes the option incorrect.</p>","<p>This option states that both documents suggest that the social-group category can be applied to a wide variety of asylum-seekers. The speaker identifies this as the correct answer. The Convention intentionally left the precise boundaries of the social-group category undefined to ensure flexibility and provide a ""safety net"" for asylum-seekers who don't fit other categories. The Handbook, in turn, offers an ""expansive interpretation"" of the social group category, which is resonant with the Convention drafters' intentions. Thus, both documents support the idea of broad applicability.</p>","<p>This option claims both documents describe a social group as persons who share a similar background and hold a similar status in society. The speaker points out that this specific definition is only provided in the UNHCR Handbook (lines 37-38 of the passage). The Convention introduces the social group category but does not provide such a detailed description. Therefore, this option is incorrect because it is not true for *both* documents.</p>"
borodulya/lsat110.s1.passage-4-question-19.jy.mp4,148,2,19,"Question 19 asks what is true about *both* the United Nations Convention and the UNHCR Handbook. This requires careful consideration of what each document states or implies, and where their positions align.","<p>This option claims both documents are likely to exert a strong influence on improving the status of women in UN member countries. The video correctly identifies this as too broad. The passage discusses the documents' influence on *national asylum laws* regarding women, not on the overall *status of women* in member countries, which is a much wider issue. Therefore, this option is incorrect.</p>","<p>This option states that both documents *explicitly support* granting refugee status to women fleeing gender-based persecution. The video notes this is incorrect. The UN Convention, as detailed in the passage, does not explicitly list gender-based persecution. Instead, the passage explains how an *interpretation* of the 'social-group' category (with the help of the Handbook) allows for women facing gender-based persecution to qualify. Since neither document explicitly states this as a direct policy or recommendation, the claim of 'explicitly support' is false. Therefore, this option is incorrect.</p>","<p>This option suggests that both documents *recommend* using the social-group category to classify women refugees seeking asylum from persecution. The video points out that this is not accurate. While the Handbook and subsequent Executive Committee pronouncements did counsel member states to use the social-group category for women asylum-seekers, the original Convention did not *recommend* this directly. It established the category, and the Handbook later expanded its interpretation to include women. The word 'recommend' is too strong and not universally applicable to both documents. Therefore, this option is incorrect.</p>","<p>This option states that both documents *suggest* that the social-group category can be applied to a wide variety of asylum-seekers. The video identifies this as the correct answer. The passage explicitly states that the Convention drafters 'intentionally left the precise boundaries of the social-group category undefined to ensure that the category would retain the flexibility necessary to address unanticipated situations' (lines 28-31). This clearly indicates an intention for broad applicability. Furthermore, the Handbook supports an 'expansive interpretation' of social groups, resonating with the Convention's intentions, thus reinforcing the idea that it can apply to a wide variety of asylum-seekers. Therefore, this option is correct.</p>","<p>This option claims that both documents describe a social group as persons who share a similar background and hold a similar status in society. The video states this is incorrect because this specific description is found only in the Handbook (lines 37-39). The Convention introduced the social-group category but did not provide such a detailed description; it merely intended it as a 'safety net' (lines 25-27) without precise boundaries. Since only the Handbook provides this description, the claim that 'both documents' do so is false. Therefore, this option is incorrect.</p>"
borodulya/lsat110.s1.passage-4-question-19.jy.mp4,124,4,19,"Question 19 asks what is true about *both* the United Nations Convention and the UNHCR Handbook. It's crucial to distinguish between what each document explicitly states or suggests, and how they relate or differ.","This option is incorrect because it is too broad. While the documents might influence national asylum laws, the passage does not support the claim that they are likely to exert a strong influence on *improving the general status of women* in member countries.","This option is incorrect because neither document *explicitly* supports granting refugee status to women fleeing gender-based persecution. The Convention intentionally left the social-group category undefined, and the Handbook later provided an *expansive interpretation* that allowed for women to be classified under it, but it wasn't an explicit statement by either document to *support granting* it.","This option is incorrect because the documents do not *recommend* using the social-group category specifically to classify women refugees. While the interpretation of the social-group category (particularly by the Handbook) allows for women to be included, the documents themselves do not issue a direct recommendation for this classification.","This option is correct. Both documents suggest that the social-group category can be applied to a wide variety of asylum-seekers. The Convention intentionally left the boundaries of the social-group category undefined to retain flexibility, acting as a 'safety net' for those not fitting other categories. The Handbook then provides an *expansive interpretation* of 'social group' (persons of similar background, habits, or social status), aligning with the Convention drafters' intentions for a malleable category.","This option is incorrect because this definition of a social group ('persons who share a similar background, habits, or social status') is provided by the *Handbook*, not explicitly by *both* documents. The Convention intentionally left the boundaries undefined, and the Handbook later interpreted and described it in this expansive way."
borodulya/lsat101.s1.passage-4-question-23.jy.mp4,155,3,23,"The question asks what definitively classifies an artwork as a fake according to the passage. The passage states in lines 1-3, 'A fake can be defined as an artwork intended to deceive. The motives of its creator are decisive, and the merit of the object itself is a separate issue.' This explicitly links the classification of a fake to the creator's intention to deceive. Therefore, an artwork is a fake if the person who created it wanted other people to be fooled by its appearance.","<p>This option refers to adopting the style of an influential mentor. The passage mentions 'works by an artist's followers in the style of the master' (lines 7-8) as an example of something that falls 'between the two extremes' of being a fake or original, implying it's not definitively a fake. Thus, this option is incorrect.</p>","<p>This option refers to imitating a famous work for learning. The passage explicitly states 'copying for pedagogical purposes' (line 9) as another example falling 'between the two extremes,' meaning it's not definitively a fake. Thus, this option is incorrect.</p>","<p>This option states the creator 'wanted other people to be fooled by its appearance.' This directly aligns with the passage's definition: 'A fake can be defined as an artwork intended to deceive' (line 1), and 'The motives of its creator are decisive' (line 2). The creator's motive to deceive is the definitive factor. Therefore, this is the correct answer.</p>","<p>This option refers to making multiple copies for sale. The passage mentions 'the production of commercial facsimiles' (line 10) as another example that is not definitively a fake. While such items might be copies, the intent to deceive is not necessarily present. Thus, this option is incorrect.</p>","<p>This option refers to making the work resemble art of an earlier era. The passage mentions 'deliberate archaism' (line 9) as something that falls 'between the two extremes' and is not necessarily a fake. This implies that simply making art resemble an earlier era's style does not definitively make it a fake unless the intent to deceive is present. Thus, this option is incorrect.</p>"
borodulya/lsat110.s1.passage-4-question-19.jy.mp4,152,3,19,"This question asks what is true about both the United Nations Convention and the UNHCR Handbook. It's important to remember that the Convention establishes categories for refugee status, including the 'social group' category, and the Handbook provides an expansive interpretation of these categories to clarify their application, including for women facing gender-based persecution. The difficulty often lies in distinguishing between what each document *explicitly states* versus what can be *inferred or suggested* through interpretation.","This option states both documents are likely to exert a strong influence on improving the status of women in countries that are members of the United Nations. The passage indicates their influence on national asylum laws, but 'improving the status of women' generally is too broad a claim and not directly supported for both documents in the text.","This option claims both documents explicitly support granting refugee status to women fleeing gender-based persecution. The passage explicitly states that persecution on the basis of gender is *not explicitly listed* in the Convention (lines 9-10). While the social group category was intended to cover such cases, the documents themselves do not *explicitly* support this in their foundational text or direct recommendations.","This option states both documents recommend using the social-group category to classify women refugees seeking asylum from persecution. The passage explains that the Convention *added* the social group category as a 'safety net' (lines 24-27) and that the Handbook provides an *expansive interpretation* (lines 38-39) to include women fleeing gender-based persecution. However, neither document explicitly *recommends* using it *specifically* to classify women refugees; rather, they enable or facilitate such classification through their framework and interpretation.","This option states both documents suggest that the social-group category can be applied to a wide variety of asylum-seekers. The Convention intentionally left the precise boundaries of the social-group category undefined to retain flexibility (lines 28-32), serving as a 'safety net' for those not fitting other categories (lines 25-27). The Handbook supports a 'broad interpretation' (line 33) of social groups, resonating with the Convention's drafters' intentions for a 'malleable category' (lines 39-42). This aligns perfectly with the idea that it can be applied to a wide variety of asylum-seekers.","This option states both documents describe a social group as persons who share a similar background and hold a similar status in society. The passage specifies that 'The Handbook describes a social group as persons of similar background, habits, or social status' (lines 36-38). This definition is attributed *only* to the Handbook, not to both documents."
borodulya/lsat101.s1.passage-4-question-26.jy.mp4,155,3,26,"The last paragraph of the passage defines authenticity based on an object's function. It states that for certain cultures, authenticity depends on whether the object serves its original purpose or traditional role, even if it is a recent replacement or a replica. The key is its functional purpose, not necessarily its age or origin.","This option describes an ancient Roman copy of an ancient Greek sculpture. While it mentions the origin and the fact that it's a copy, it does not provide any information about whether this copy serves the original function of the Greek sculpture. Therefore, it does not meet the passage's criterion for authenticity.","This option describes a painting whose authorship is split between a master and assistants. The authenticity here is focused on the creators, not on any particular function the painting serves. This does not align with the standard of authenticity based on function as described in the passage.","This option describes a print of a painting, even if signed by the original artist. Similar to option B, the focus is on the artist's connection, not on the print serving a specific function or traditional role. Thus, it does not meet the authenticity standard from the last paragraph.","This option describes a faithful replica that is indistinguishable from the original ceremonial crown and preserves all its details. However, it crucialy omits whether this replica actually *serves* the ceremonial function. Merely being a perfect visual copy is not enough; the object must be actively used for its intended purpose according to the passage's definition of authenticity.","This option describes a modern reconstruction of a medieval altarpiece that is explicitly ""designed to serve its traditional role in a service of worship."" This directly fulfills the criterion of authenticity established in the last paragraph, which states that authenticity depends on an object's function and its ability to serve its traditional role or purpose."
borodulya/lsat101.s1.passage-4-question-24.jy.mp4,155,3,24,"The question asks to identify which of the following categories the author does NOT provide at least one example of in the passage. This means four of the answer choices will be explicitly or implicitly supported by examples in the text, and one will not.","<p><b>Categories of art that are neither wholly fake nor wholly original:</b> The passage states that the text 'begins by noting a variety of possibilities somewhere between the two extremes' (lines 6-7). Examples given include works by an artist's followers, deliberate archaism, copying for pedagogical purposes, and commercial facsimiles (lines 8-12). These are all examples of art that falls between the categories of wholly fake and wholly original.</p>","<p><b>Cultures in which the faking of art flourished:</b> The passage explicitly mentions 'in Imperial Rome there was a widespread interest in collecting earlier Greek art, and therefore in faking it' (lines 14-18). This demonstrates a culture where faking flourished.</p>","<p><b>Qualities that art collectors have prized in their acquisitions:</b> The passage describes Imperial Roman collectors who had a 'widespread interest in collecting earlier Greek art' (lines 16-17). The quality they prized was the appearance of 'earlier Greek art,' even if it was a fake. The text implies they valued the aesthetic or historical style, regardless of absolute originality.</p>","<p><b>Cultures in which the categories 'fake' and 'original' do not apply:</b> The passage states, 'in certain cultures authenticity is a foreign concept. This is true of much African art, where the authenticity of an object is considered by collectors to depend on its function' (lines 37-41). The example of a ritual mask versus a replica for sale, where only the ritual mask is seen as authentic due to its function, illustrates a culture where the fake/original distinction as typically understood does not apply.</p>","<p><b>Contemporary artists whose works have inspired fakes:</b> The passage discusses the 'modern age of faking' beginning in the Italian Renaissance and mentions Michelangelo, whose 'genius made him the object of imitators' (lines 24-25, 35-36). However, Michelangelo lived centuries ago and is not a 'contemporary' artist (meaning alive today or of the very recent past). The passage provides no examples of *contemporary* artists whose works have inspired fakes.</p>"
borodulya/lsat101.s1.passage-4-question-25.jy.mp4,155,3,25,"The question asks what the author implies about the artistic merits of fakes. The core idea comes from lines 2-4: ""The motives of its creator are decisive, and the merit of the object itself is a separate issue."" This indicates that the artistic quality of a piece, even if it's a fake, is independent of the creator's intention to deceive. Therefore, a fake can possess artistic merit in its own right, irrespective of the circumstances surrounding its creation.","<p>This option states that a fake cannot have true artistic merit due to the circumstances of its production. This directly contradicts the passage, which explicitly states that ""the merit of the object itself is a separate issue"" from the creator's motives (which encompass the circumstances of production and the intent to deceive).</p>","<p>This option asserts that a fake can only have artistic merit if the deception is successful. Similar to option A, this incorrectly ties artistic merit to the act or success of deception. The passage clearly separates the object's merit from the creator's motives, meaning artistic merit is not contingent on the success of the deception.</p>","<p>This is the correct answer. It states that a fake may or may not have artistic merit in its own right, regardless of the circumstances of its production. This perfectly aligns with the author's statement that ""the merit of the object itself is a separate issue"" from the creator's motives. It allows for the possibility of a fake possessing artistic value independently of whether it was intended to deceive.</p>","<p>This option suggests that a fake's artistic merit depends on whether its creator is an accomplished artist. The passage does not provide any support for this claim. While a highly skilled artist might produce a better fake, the author's argument focuses on the distinction between the object's merit and the creator's *intent to deceive*, not the creator's overall skill or accomplishment as an artist.</p>","<p>This option claims that the artistic merit of a fake depends on the merit of the original work that inspired it. The passage discusses fakes and copies but does not establish a dependency between the fake's merit and the original work's merit. The author's main point is about the fake's independent merit from the act of deception, not its comparative value to the original.</p>"
borodulya/lsat101.s1.passage-4-question-27.jy.mp4,155,3,27,"The last paragraph of the passage discusses how the concept of 'authenticity' (and thus the distinction between 'fake' and 'original') is a 'foreign concept' in some cultures, particularly African art. It uses the example of Chi Wara masks, where the authenticity of an object depends on its function, not necessarily its origin or age. This challenges the Western-centric view of authenticity previously discussed.","<p>This option states that the paragraph offers a tentative answer to a question posed in the opening paragraph. The speaker argues that if the opening paragraph posed a question about how to distinguish fake from original, the last paragraph doesn't provide a direct metric. Instead, it suggests that the entire concept of fake versus original is culturally narrow, thus dismissing the premise of the question rather than answering it.</p>","<p>This option suggests the paragraph summarizes an account from the preceding paragraph. The speaker rejects this, noting that the preceding paragraph discusses European art (Michelangelo, Roman copies), while the last paragraph shifts focus entirely to African art, indicating it's not a summary but a new discussion point.</p>","<p>This option claims the paragraph provides additional support for an argument advanced in the preceding paragraph. The speaker differentiates this, explaining that the preceding paragraph might have advanced an argument about the correlation between art collecting and faking. However, the last paragraph, by introducing a culturally relative view of authenticity, is not directly supporting that specific argument but rather exploring a different dimension of the broader theme.</p>","<p>This option states the paragraph examines another facet of a distinction developed in the preceding paragraphs. The speaker strongly favors this option. The distinction developed throughout the passage is between 'fake' and 'original.' The last paragraph examines this distinction from a new cultural perspective, suggesting that in some cultures, the authenticity depends on function rather than origin, thereby presenting a 'culturally narrow' view of the distinction itself. This is considered a much better description of the paragraph's function.</p>","<p>This option suggests the paragraph affirms a general principle enunciated at the beginning of the passage. The speaker considers this, acknowledging that if the principle were 'it's hard to tell fake from original,' the paragraph might seem to affirm it indirectly. However, the last paragraph goes beyond simple affirmation; it fundamentally questions the universality of the fake/original distinction by presenting a different cultural understanding. It's not just affirming a difficulty, but revealing the cultural specificity of the concept.</p>"
borodulya/lsat101.s1.passage-4-question-22.jy.mp4,111,4,22,"The speaker identifies Question 22 as a main point question, noting that it was difficult to anticipate the correct answer before reviewing the options. He emphasizes using the process of elimination to identify precisely why incorrect answers are wrong, which can then help confirm the correct answer. The passage explores the multifaceted nature of 'fakes' in art, moving beyond simple definitions to discuss the various circumstances that complicate the determination of authenticity. Option D best captures this central theme of complexity and difficulty in defining and identifying fake art.","<p>The speaker dismisses option A, 'The faking of art has occurred throughout history and in virtually every culture,' because he believes it is not factually accurate. The passage primarily discusses faking within a European context and does not provide enough evidence to support the broad claim of 'virtually every culture.' Furthermore, even if it were factually true, the historical prevalence alone is not the main *point* or emphasis of the passage, which delves deeper into the complexities and ambiguities of authenticity.</p>","<p>Option B, 'Whether a work of art is fake or not is less important than whether it has artistic merit,' is rejected because the passage does not make such a comparative argument. While the passage mentions the merit of an object as a separate issue from the creator's intent, it does not suggest that one question is inherently 'less important' than the other. The author is concerned with defining and understanding the nature of fakery and authenticity, not with evaluating their relative importance to artistic merit.</p>","<p>The speaker finds option C, 'It is possible to show that a work of art is fake, but the authenticity of a work cannot be proved conclusively,' to be flawed due to a 'false distinction.' If a work is conclusively proven to be fake (e.g., based on the creator's decisive intent to deceive), then its authenticity is, by definition, conclusively disproved. The two concepts (fake and authentic) are presented as direct opposites in this context, making the proposed distinction nonsensical. The passage does not draw such an illogical line.</p>","<p>Option D, 'A variety of circumstances make it difficult to determine whether a work of art can appropriately be called a fake,' is identified as the correct answer. The speaker initially hesitated but concluded that this statement accurately reflects the passage's primary concern. The passage delves into a 'whole spectrum' of issues, from motives of creation to cultural perceptions (as highlighted in the third paragraph regarding African art), all of which contribute to the difficulty in definitively labeling something as 'fake' or 'authentic.' This aligns with the discussion that the 'whole notion of fake versus authentic is questionable.' This option effectively synthesizes the nuanced arguments presented throughout the text.</p>","<p>Option E, 'Without an international market to support it, the faking of art would cease,' is quickly dismissed by the speaker as irrelevant or clearly incorrect. The passage does not discuss the role of an 'international market' in such a definitive or causal way regarding the cessation of art faking. There's no support for this strong, unsubstantiated claim within the text.</p>"
borodulya/lsat101.s1.passage-4-question-22.jy.mp4,118,3,22,"The passage primarily explores the complex and multifaceted nature of determining whether a work of art is a fake. It delves into historical contexts, the motivations of artists, evolving artistic identities, and cultural perspectives, all of which contribute to the difficulty in definitively classifying an artwork as authentic or fake.","This option is factually inaccurate according to the speaker. The passage primarily discusses European art and does not claim that faking has occurred in 'virtually every culture' throughout history, nor is this the central emphasis of the passage.","The passage distinguishes between a work being fake/original and having artistic merit, noting them as separate issues. However, it does not make an argument that one is 'less important' than the other; therefore, this claim is not supported by the passage.","This option creates a false distinction between proving a work is fake and proving its authenticity. If a work is definitively shown to be fake, its authenticity is, by definition, disproven. The author does not present these as separate, unconclusively provable concepts.","This option accurately reflects the main point of the passage. The author presents various scenarios—such as different motivations for copying, evolving notions of artistic identity, and cultural variations in the concept of authenticity—that collectively make it difficult to definitively label a work as fake.",The passage does not discuss the role of an 'international market' in the faking of art. This claim introduces an external factor not addressed by the author and is therefore unsupported.
borodulya/lsat128.s1.passage-1-question-03.jy.mp4,128,1,3,"The question asks what Mexican American writers tend to value, requiring an inference based on the passage. The correct answer, C, is directly supported by the text, which explicitly states that these writers assert their engagement in creating a new identity rather than being absorbed into U.S. society. The other options (A, B, D, E) are not supported by explicit statements or strong implications in the passage, meaning we cannot infer that the writers value these aspects.","<p>This option claims Mexican American writers value stylistic innovations that distinguish their work from that of Mexican writers. The passage does not provide information to support this. While they may have distinct styles, there is no evidence suggesting they *value* this distinction as a primary concern.</p>","<p>This option suggests writers value recognition from a U.S. literary establishment that is significantly different from Mexico's. The passage does not provide any basis to infer whether Mexican American writers seek or value this specific kind of recognition. We are not told if they care about U.S. literary establishment recognition at all, let alone whether they see it as distinct from Mexico's.</p>","<p>This option states writers value an identity that resists absorption by U.S. culture. This is directly supported by lines 46-50: ""Many Mexican American writers assert that rather than working to be absorbed into U.S. society, they are engaged in the process of creating a new identity."" This clearly indicates their value in resisting cultural absorption and fostering a distinct identity.</p>","<p>This option proposes writers value critical acceptance of bilingual forms of literary expression. While the passage mentions bilingual forms, there is no information to infer that the writers *value* critical acceptance of these forms. It's possible they use them, but whether they seek critical acceptance for them is unknown from the text.</p>","<p>This option suggests writers value the ability to express a more complex fabric of concerns than is found in most U.S. literature. The passage does not offer any comparative judgment or statement from the writers about the complexity of their concerns relative to other U.S. literature. Therefore, we cannot infer that they value this comparative complexity.</p>"
borodulya/lsat128.s1.passage-1-question-01.jy.mp4,128,1,1,"The speaker identifies the main point as the distinction between Mexican American writing and Mexican writing, emphasizing the uniqueness and value of Mexican American writing. Option C best captures this by highlighting bicultural experiences, links to rural Mexico, and the striving to develop a new identity from both Mexican and U.S. cultures.","<p>The speaker critiques this option for stating a &quot;clear vision of the future of Mexican culture.&quot; They argue that Mexican American writers are trying to forge a new identity, not necessarily focusing on the future of Mexican culture itself. Also, the option refers to &quot;Mexican culture&quot; rather than &quot;Mexican American culture,&quot; which is a significant distinction in the passage.</p>","<p>The speaker questions the factual accuracy of this option, specifically whether Mexican American writing is &quot;a movement&quot; and whether its aim is primarily &quot;to develop a literary voice for agrarian workers.&quot; They state that this option doesn't even pass a basic factual accuracy test based on the passage's content.</p>","<p>The speaker praises this option, stating it &quot;excellently&quot; and &quot;precisely&quot; summarizes what Mexican American writing is about. They note that it accurately reflects the bicultural experiences, the roots in rural Mexico, and the ongoing process of developing a new identity that combines elements of both Mexican and U.S. culture, including &quot;in-between&quot; characters and concerns for both past nostalgia and present reality.</p>","<p>The speaker criticizes the tone and assertion of this option. They point out that it introduces positive aspects (unique content, concerns, stylistic innovations) as a concession (&quot;although unique&quot;) before focusing on a negative claim that it &quot;has not yet achieved the prominence and reputation of Mexican literature.&quot; The speaker questions the truth of this negative assertion, suggesting it depends on who is asked.</p>","<p>While acknowledging that the passage mentions spiritual themes, the speaker argues that this option, despite containing some potentially true elements, fails to capture the main point of the passage. They explain that simply stating a factual truth about Mexican American literature does not make it the overall main point.</p>"
borodulya/lsat128.s1.passage-1-question-02.jy.mp4,128,1,2,"The question asks what can be most reasonably inferred from the passage that the author would agree with. This is an inference question from the author's perspective. The correct answer must be strongly implied by the text, aligning with the author's viewpoint.","<p>This option states that one of the goals of Mexican American writers is to create a literary establishment in the US similar to the one in Mexico City. The passage mentions that the literary establishment in Mexico City is criticized for dominating positions in the arts (lines 27-30). The author would likely not want Mexican American writers to emulate a system that is portrayed negatively or as restrictive. Therefore, this option is incorrect.</p>","<p>This option suggests that the use of both Spanish and English in Mexican American literature is evidence of a brief transitional period. The passage, in lines 1-5, indicates that the combination of English and Spanish is a ""most prominent characteristic"" that ""resonates with its authors' bicultural experiences."" This phrasing implies it is a fundamental and enduring aspect of their literature, not merely a temporary phase. There is no evidence in the passage to suggest this is a 'brief transitional period'. Therefore, this option is incorrect.</p>","<p>This option claims that the romanticized portrayal of Mexico in Mexican American literature is offensive to writers in Mexico City, who see these images as caricatures. The passage (lines 37-41) states that the Mexican literary community views Mexican American literature as ""regional writing"" and sees its themes as ""parochial concerns."" While this indicates a dismissive or critical view, it does not explicitly say they find it ""offensive"" or view the images as ""caricatures."" The author doesn't provide enough information to support such a strong claim about the Mexican literary community's specific feelings. Therefore, this option is incorrect.</p>","<p>This option asserts that Mexican American literature is more noteworthy for its thematic content than for its narrative structure. The passage supports this directly. Lines 17-18 mention that ""Their novels are often simple in structure,"" indicating that structure is not their strong suit. In contrast, lines 37-41 explicitly state that ""the apparent simplicity of what this community [Mexican literary community] sees as parochial concerns belies the thematic richness of Mexican American writing."" The author's use of ""belies the thematic richness"" clearly emphasizes the importance and value of the thematic content over any perceived simplicity in structure. This aligns with the author's likely perspective. Therefore, this option is correct.</p>","<p>This option states that Mexican American writers are concerned that Mexico's importance to their culture will diminish, leading to impoverished literature. The passage, particularly lines 44-55, describes Mexican American writers as creating a ""new identity"" and a ""social and cultural milieu which is neither that of Mexico nor that of the U.S."" They are engaged in forging a new identity by combining ""nostalgia and reality"" (lines 59-60). This portrays a positive and active creation of something new, rather than a concern about diminishment or impoverishment of their culture. The author presents this as a vibrant, evolving cultural landscape. Therefore, this option is incorrect.</p>"
borodulya/lsat128.s1.passage-1-question-04.jy.mp4,128,1,4,"The question asks which question the passage *most clearly provides an answer* to. This means we are looking for a question that can be answered directly or very strongly implied by information presented in the passage, not something that requires outside knowledge or extensive inference.",<p><b>Incorrect.</b> The passage does not provide an example of a specific literary work by a Mexican American writer. It discusses general characteristics and themes of their literature but does not name any individual works or authors.</p>,"<p><b>Correct.</b> The passage explicitly states the reason for the agrarian themes: ""Many Mexican Americans are only a generation away from the mostly agrarian culture of their ancestors, and the work of most Mexican American writers shows evidence of heavy influence from this culture"" (lines 13-17). This directly answers the question.</p>","<p><b>Incorrect.</b> The passage mentions the prevailing view of Mexican American literature among critics in *Mexico* (lines 28-39), describing it as ""often being dominated by the prominent literary establishment concentrated in Mexico City"" and viewed as ""regional writing."" However, it does not state the prevailing view of Mexican American literature among critics specifically in the *United States*.</p>","<p><b>Incorrect.</b> While the passage discusses various influences on Mexican American writers, such as their bicultural experiences, traditions, myths, and immediate geographical setting (lines 5-8), and their agrarian ancestry (lines 13-17), it does not detail *how* the literature of the United States has influenced them. It primarily focuses on internal influences and influences from Mexican culture.</p>","<p><b>Incorrect.</b> The passage states that one of the most prominent characteristics is that the literature ""is frequently written in a combination of English and Spanish"" (lines 3-4). However, it does not specify whether the works are written *more* in Spanish or *more* in English, only that a combination is used.</p>"
borodulya/lsat128.s1.passage-1-question-05.jy.mp4,128,1,5,"The question asks for an inference about the author's view, which means the correct answer choice will be strongly implied by the passage but not explicitly stated. We must stick strictly to what the passage suggests the author believes.","<p>This option claims Mexican American literature advocates an agrarian way of life as a remedy for modern culture's alienation. The passage does not support this. There is no mention of advocating an agrarian lifestyle, nor is there any suggestion that it serves as a remedy for the alienation of modern culture. This statement is unsubstantiated by the text.</p>","<p>This option states that the 'in-between' character in Mexican American literature is a type found in the literature of immigrant groups in general. While this statement might be true in a broader, real-world context, the passage itself does not provide the basis for this general inference from the author's perspective. The author focuses specifically on Mexican American literature and its 'in-between' characters (lines 50-52) but does not extend this observation to immigrant groups universally. We cannot use outside knowledge to make an inference about what the author holds as a view based *solely* on this passage.</p>","<p>This option suggests that a predominant strength of Mexican American writers is their freedom from a major literary establishment, allowing them to experiment in ways many Mexican writers cannot. The passage does mention that Mexican American writers are 'not tied to a major literary establishment' (lines 31-32). However, it does not explicitly state that this is a 'predominant strength' from the author's viewpoint, nor does it definitively conclude that Mexican writers, being tied to the Mexico City establishment, are *not* free to experiment. The passage notes the Mexican establishment values 'cosmopolitanism and interest in theoretical ideas' (lines 35-36), which could even imply a value for experimentation. The passage doesn't provide enough information to definitively declare the freedom to experiment as a predominant strength *relative* to Mexican writers or to ascertain the overall balance of benefits and costs of being tied to an establishment.</p>","<p>This option asserts that writers of 'regional' literature find it more difficult to attain reputation and success in Mexico than writers whose work concerns more urban themes. The passage directly supports this inference. It states that the 'prominent literary establishment concentrated in Mexico City' (lines 29-30) has often 'denied' success to Mexican American writers. This same establishment views Mexican American literature as 'regional writing' (lines 38-39) and criticizes its 'apparent simplicity' and 'parochial concerns' (lines 39-40).</p><p>Conversely, the establishment values Mexican writers for their 'greater cosmopolitanism and interest in theoretical ideas and arguments' (lines 34-36), which are characteristics associated with more 'urban themes'. Therefore, the author clearly implies that the Mexico City literary community favors urban/cosmopolitan works and disfavors regional ones, making it harder for regional writers to succeed in Mexico. This inference is directly drawn from the contrasts presented in the passage.</p>","<p>This option claims that history holds greater importance in Mexican American culture than in Mexican culture due to Mexican Americans valuing their ancestry more. The passage discusses the role of history and ancestry for Mexican American writers (lines 18-24), noting that their works 'celebrate an unromanticized memory of the past' (lines 56-58). However, the passage does not provide any basis for comparison between the relative importance of history or ancestry in Mexican American culture versus Mexican culture. It doesn't offer information about how Mexicans value their ancestry or history, making any comparative judgment impossible to infer from the text.</p>"
borodulya/lsat128.s1.passage-2-question-06.jy.mp4,128,1,6,"The passage's main point is to defend the modern trend in bankruptcy law, which shifts away from punishment and towards maintaining economic activity. The author argues this trend serves society's best interests and should not be abandoned.",<p>This option accurately captures the passage's main point. It correctly identifies the modern trend as a shift from punishment towards maintaining economic activity and asserts that this trend serves society's best interests and should not be abandoned. Both aspects are strongly supported and championed by the author throughout the passage.</p>,"<p>This option is too narrow. While bankruptcy laws do address the needs of creditors, the passage emphasizes that their evolution is driven by the needs of an 'interdependent society' as a whole, including debtors, employees, and the broader economy, not just creditors. Therefore, focusing solely on creditors makes this option incomplete and less accurate as the main point.</p>","<p>This option contains factual inaccuracies. The author does not suggest that modern bankruptcy laws are primarily justified on 'humanitarian grounds.' Furthermore, the passage implies that the earlier punitive approach was *less* economically efficient, directly contradicting this option's claim that it was 'more economically efficient.' This option misrepresents the author's stance and introduces unsupported reasoning.</p>","<p>This option is incorrect on multiple fronts. The assertion that 'punishment for debt no longer holds deterrent value for debtors' is questionable; the passage does not support this. The abandonment of the punitive approach was primarily due to its economic inefficiency and negative impact on society, not because it lacked deterrent value. The causal relationship presented is not aligned with the passage's arguments.</p>","<p>While the passage acknowledges an 'interdependent society' and a convergence of interests between debtors and creditors, this option suffers from being too narrow and making an unsubstantiated causal claim for a main point question. It suggests that 'greater economic interdependence has triggered the formation of bankruptcy laws' which 'reflect a convergence of the interests.' The passage doesn't explicitly state that interdependence *triggered* the formation of these laws, but rather that the laws *serve* the needs of an interdependent society. The focus on only debtors and creditors is also too limited, overlooking the broader public good and the economy at large, which are central to the author's argument.</p>"
borodulya/lsat128.s1.passage-2-question-08.jy.mp4,128,1,8,"The author's attitude toward the evolution of bankruptcy law is positive, characterized by approval. The passage defends modern bankruptcy laws, contrasting them with older, ",This option accurately describes the author's attitude. The passage argues that older ,"This option is incorrect. The author's positive view is about the improvements made to bankruptcy law, not that the current laws are perfect and require no further changes. The author would likely support further beneficial developments.","This option is incorrect. The author takes a clear positive stance, defending modern bankruptcy laws. Neutrality does not reflect the author's engaged and supportive tone.","This option is incorrect. The author presents modern bankruptcy laws as effective solutions, indicating optimism rather than skepticism about solving insolvency problems.","This option describes the attitude of critics of modern bankruptcy law, not the author's. The author explicitly defends the current laws against accusations of being too lenient."
borodulya/lsat128.s1.passage-2-question-07.jy.mp4,128,1,7,"The phrase ""perhaps unexpectedly"" (line 5) indicates that the benefit creditors receive from the new bankruptcy laws is not immediately obvious or was not the primary intention behind the shift in focus of these laws. The passage states that modern bankruptcy laws shifted from punishment to a remedy for individuals and corporations in financial trouble. The unexpected aspect is that these same laws also benefit creditors, suggesting that while the laws were primarily designed to help debtors, they inadvertently or surprisingly offer a better outcome for creditors than one might initially assume.","<p>This option suggests creditors are surprised to receive compensation. While the benefit is unexpected, the passage doesn't imply that creditors are surprised by the act of receiving compensation itself, but rather that the laws, whose primary focus shifted to aiding debtors, unexpectedly serve creditors well.</p>","<p>This option states creditors unintentionally became the ""chief beneficiaries."" While ""unintentionally"" aligns with ""unexpectedly,"" the passage does not suggest creditors became the *chief* beneficiaries. The shift in law was primarily for ""individuals and corporations in financial trouble"" (debtors), with creditors' benefit being a secondary, perhaps surprising, outcome.</p>","<p>This option claims creditors were a consideration, though not primary, in the laws' formation. If creditors were a consideration at all during the formulation of the laws, their benefit would not be ""unexpected."" The term ""unexpectedly"" implies their benefit was not an anticipated outcome of the laws' primary design for debtors.</p>","<p>This option is the best fit. It correctly interprets ""perhaps unexpectedly"" to mean that creditors ""are better served than is immediately apparent."" It also links this unexpected benefit to the fact that the laws were ""designed in the first instance to provide a remedy for debtors,"" which aligns with the passage's description of the shift in bankruptcy law focus. The unexpectedness arises from the indirect benefit to creditors from debtor-focused laws.</p>","<p>This option suggests creditors were ""active in the formulation"" of the laws. The passage provides no information about who was involved in formulating the modern bankruptcy laws. This is an unsupported claim and goes beyond the scope of the text.</p>"
borodulya/lsat128.s1.passage-2-question-09.jy.mp4,128,1,9,"The primary purpose of the passage is to explain and defend contemporary bankruptcy laws. The author advocates for modern bankruptcy laws, arguing against reverting to older, punitive approaches and highlighting the benefits of the current system.","<p>This option is incorrect because the passage does not offer a critique of *both* past and present approaches. While it implicitly critiques past punitive laws, it explicitly defends and praises modern bankruptcy laws, stating they are beneficial.</p>","<p>While the passage does compare past and present bankruptcy practices, this is not its *primary* purpose. The comparison serves a larger argumentative goal: to show that present laws are superior and should be maintained. A ""mere comparison"" would be neutral, but the passage clearly takes a stance.</p>","<p>This option is too narrow and potentially misinterprets the author's intent. The passage's aim is not to criticize everyone who might propose changes to contemporary bankruptcy laws. The author would likely support changes that lead to improvements, but they firmly resist the temptation to revert to punitive laws of the past, not just any change.</p>","<p>This option is incorrect because the passage does not reexamine today's bankruptcy laws to suggest further improvements. Instead, it focuses on explaining and defending the existing modern laws against potential regression to older, less effective systems.</p>","<p>This is the correct answer. The passage dedicates significant effort to explaining how modern bankruptcy laws function and why they are preferable to historical punitive approaches. It defends these laws by presenting their benefits to both individuals and society, arguing against the temptation to revert to outdated practices.</p>"
borodulya/lsat128.s1.passage-2-question-11.jy.mp4,128,1,11,"The question asks for the sentence that most logically appends to the end of the last paragraph. The last paragraph describes how modern bankruptcy laws are designed primarily to assure continued engagement in productive economic activity, with the ultimate goal of restoring businesses and individuals to economic health and providing creditors with the best hope of collecting (lines 53-57). It also acknowledges that some structures connected to bankruptcy may still serve a punitive function, but not by denying complete absolution of debts or financial reorganization (lines 48-52). Therefore, a logical concluding sentence should reiterate the remedial nature of modern bankruptcy law while possibly acknowledging its remaining punitive aspects as secondary or limited.","<p>This option states a necessary condition for bankruptcy legislation to return to its original (punitive) intent. The passage's last paragraph describes the *current* modern, remedial approach and its goals, not speculating about conditions under which it might revert to a punitive state. This introduces a hypothetical future scenario that doesn't logically flow from the current discussion.</p>","<p>This statement perfectly encapsulates the main idea of the last paragraph and the overall shift in bankruptcy law described in the passage. It clarifies that punishment is no longer the *primary* goal, while also acknowledging that some *side effects* might still be punitive, which aligns with lines 48-52. This is a logical and coherent continuation of the author's argument.</p>","<p>This option introduces 'criminal law,' which has not been discussed anywhere in the passage. The passage focuses exclusively on bankruptcy law. This is a clear non-sequitur and does not logically follow from the preceding text.</p>","<p>This option talks about 'future bankruptcy legislation,' which shifts the focus away from the passage's discussion of *today's* modern bankruptcy laws. Furthermore, it imposes a strict condition ('only if such measures ultimately benefit creditors') for punitive measures. While benefiting creditors is part of the modern goal, the passage emphasizes broader economic health and rehabilitation, not that punitive measures *must* solely benefit creditors to be included in future legislation. This adds an unsupported and overly restrictive condition.</p>",<p>This statement directly contradicts the passage's core argument. The passage asserts that modern bankruptcy laws aim to restore individuals to economic health and provide creditors with the 'best hope of collecting' (lines 56-57). Placing the burden 'squarely on the shoulders of creditors' would negate the latter part of this goal. The antiquated laws were the ones that weighed heavily on debtors; modern laws represent a shift from that.</p>
borodulya/lsat128.s1.passage-2-question-10.jy.mp4,128,1,10,"Question 10 asks us to identify a claim that a defender of the punitive theory of bankruptcy legislation would most likely make. The punitive theory is presented in the second paragraph of the passage (lines 19-30). This theory advocates for harsh punishment for insolvencies, believing that debt accumulation stems from debtors' 'unwillingness' to meet obligations or from their 'negligence.' It views defaulting on debt as 'breaking a sacrosanct social contract' and 'defrauding creditors,' thereby necessitating imprisonment to remove such individuals from society. We need to find an option that aligns with this mindset of moral judgment and punishment.","This option states that if repayment is impossible due to excessive debt, it's a 'moral failing' deserving of 'punitive sanctions.' This directly reflects the core beliefs of the punitive theory, which judges debtors based on their perceived 'unwillingness' or 'negligence' and advocates for harsh punishments like imprisonment. The language 'moral failing' and 'punitive sanctions' perfectly matches the described perspective of the punitive theorists.","This option suggests that punitive measures are needed because 'insolvency ultimately harms the entire economy.' The passage indicates that this utilitarian argument about the overall economy is a premise that the *author* of the passage would offer, not a defender of the punitive theory. The punitive theory, as described, focuses on the individual's moral culpability, not broader economic impacts.","This option claims that insolvency is 'tolerable' if it results from 'risk-taking, profit-seeking ventures' that could lead to 'economic growth.' This contradicts the punitive theory's strict moral judgment. Punitive theorists would likely still view any inability to pay as a result of 'unwillingness' or 'negligence,' regardless of the noble intentions or potential economic benefits of the venture. They are concerned with individual moral responsibility, not long-term economic gains.","This option argues that the 'dissolution of a large enterprise is costly to the economy as a whole and should not be allowed,' even if due to 'fiscal irresponsibility.' This perspective aligns with the *author's* argument against punitive measures, which highlights the negative economic consequences of such policies. A defender of the punitive theory would likely support dissolution and punishment for fiscal irresponsibility, as it fits their framework of holding individuals accountable for negligence.","This option suggests that 'employees of a large bankrupt enterprise should be considered just as negligent as the owner.' The passage, when describing the punitive theory, focuses on the 'debtors' and 'owners' as the ones responsible for 'unwillingness' or 'negligence.' There is no mention or implication that employees would be held to the same standard of moral failing or negligence as the owners. Therefore, we cannot infer that a defender of the punitive theory would make this claim."
borodulya/lsat128.s1.passage-2-question-12.jy.mp4,128,1,12,"The passage primarily discusses a historical shift in bankruptcy laws from a punitive approach to a rehabilitative one. This transformation is presented as a response to the inadequacy of traditional methods in addressing the financial troubles of individuals and corporations within an interdependent society. The modern approach aims to serve the varied interests of the greatest number of citizens by allowing entities to reorganize and continue contributing to the economy, rather than merely punishing them.","<p>This option claims that bankruptcy laws 'always' result from gradual changes in philosophy followed by 'sudden shifts' in policy. The passage describes one significant shift in philosophy regarding bankruptcy laws, but it does not generalize this pattern to 'always' be the case. Furthermore, the characterization of changes as both 'gradual' in philosophy and 'sudden' in policy is not explicitly supported or detailed in the passage for all shifts, making the definitive term 'always' problematic.</p>","<p>This option asserts that changes in bankruptcy law were initiated by the courts and only 'grudgingly adopted' by legislators. The passage does not provide information about which specific body initiated the changes or the legislators' attitude towards adopting them. While modern bankruptcy involves 'court-directed reorganization,' this refers to the application of the law, not its initiation. Typically, laws are initiated by legislators, with courts interpreting them, so reversing this usual order without explicit textual support is incorrect.</p>","<p>This option states that the shift away from a punitive focus was 'at first bitterly opposed by creditors.' The passage discusses the concerns of creditors in relation to excessive debt (lines 7-10) and the balance between debtors and creditors. However, it does not mention any initial 'bitter opposition' from creditors to the shift towards a rehabilitative approach. In fact, the passage implies that the modern approach, by allowing debtors to continue to earn and operate, ultimately benefits creditors by increasing the chances of repayment, rather than imprisonment which yields no recovery.</p>","<p>This option suggests that bankruptcy laws underwent change because the traditional approach 'proved inadequate and contrary to the needs of society.' This is strongly supported by the passage. The passage mentions that the shift occurred as a response to 'widespread criticism' of the previous approach (lines 9-10) and that modern bankruptcy laws now serve 'the needs of an interdependent society' and the 'varied interests of the greatest number of citizens' (lines 16-19). This directly implies that the traditional, punitive approach was no longer adequate for contemporary societal needs.</p>","<p>This option claims that the shift in bankruptcy law was 'part of a more general trend in society toward rehabilitation and away from retribution.' The passage focuses exclusively on changes within bankruptcy law. While it describes a move from punishment/retribution to remedy/rehabilitation within this specific legal area, it provides no evidence or discussion to suggest that this was a 'more general trend' occurring across other areas of society or law (e.g., criminal justice). This is an unsupported generalization outside the scope of the passage.</p>"
borodulya/lsat128.s1.passage-3-question-15.jy.mp4,128,1,15,"The question asks us to identify which of the given questions cannot be answered by the information provided in the passage. We need to evaluate each option to see if the passage contains sufficient information, either explicitly stated or strongly implied, to answer it.","The passage explicitly states that 'anxieties and agendas of the present' exert an extraordinary influence on national identities constructed from the cultural past. Therefore, the passage provides information to answer this question.","The passage explains that nineteenth-century European commentators ignored discussion of Greek culture's hybrid past because ancient Greek writers openly acknowledged it, and the commentators aimed to support an image of European cultural dominance. This information is directly stated in the text.","The passage mentions that Greek civilization had roots in Egyptian and other African cultures, but it does not specify *in what ways* this influence occurred (e.g., through architecture, mythology, or other specific cultural elements). Therefore, the passage does not provide enough information to answer this question, making it the correct answer choice for an EXCEPT question.","The passage states that Queen Victoria was declared Empress of India in 1876 because European elites needed to project power backward in time to gain legitimacy, which only longevity could impart, due to pressures from administering many overseas territories. This information is explicitly provided.","The passage indicates that revolutionary poets speak and write to give their adherents something to revive and admire, particularly during wars of independence. This reason is clearly stated in the text."
borodulya/lsat128.s1.passage-3-question-16.jy.mp4,128,1,16,"The question asks for the author's attitude towards the studies mentioned in line 6. This is an inference question, as the author's attitude is typically implied rather than explicitly stated. The studies in line 6 argue that present anxieties and agendas significantly influence how national identities are constructed from the cultural past.",The author expresses overall agreement with the studies' conclusion that contemporary anxieties and agendas exert an extraordinary influence on the construction of national identities.,"The author does not show reservation over the studies' preoccupation with colonialism. In fact, the author himself appears to be quite occupied with the topic of colonialism, making it unlikely for him to have reservations about others sharing this preoccupation.",The author does not display skepticism toward the relevance of the examples cited by the studies. The examples provided are considered relevant to the studies' arguments about cultural identity.,"The author does not express concern that the studies fail to explain ancient Greek culture. While the studies might not extensively delve into ancient Greek culture, the author's attitude does not convey concern regarding this specific aspect.","The author does not express unqualified disagreement with an insistence that cultures are monolithic. The studies discussed in the passage do not insist that cultures are monolithic; rather, they focus on how present concerns influence the construction of national identities, which implies a dynamic and constructed view of culture."
borodulya/lsat128.s1.passage-3-question-14.jy.mp4,128,1,14,"The main point question, like PT128 Section 1 Question 14, can sometimes be resolved through a process of elimination. Even if the correct answer choice isn't immediately obvious, eliminating clearly incorrect options can lead to the right one. The passage's central theme revolves around the construction of national identity, emphasizing the inherent heterogeneity of cultures despite attempts at creating a unified, monolithic image.","This option is incorrect because it incorrectly focuses the main point solely on imperial societies obscuring the heterogeneous cultures of those they colonize. The passage's critique of imperial powers like England also extends to instances like Algeria, a victim of imperialism, highlighting that imperial societies obscure their *own* heterogeneous cultures by ignoring their hybrid past, not just the cultures of the colonized.","This option is incorrect because it claims that attempts by decolonized societies to reconstruct native, precolonial cultures are ""essentially no different"" from European colonial creations. This assertion is objectionable as the motivations are vastly different: decolonized societies seek independence, while colonizers aim for control. While there might be superficial similarities in constructing traditions, stating they are ""essentially no different"" misrepresents the passage's nuanced view. Even if rephrased to suggest shared similarities, it would still fail to capture the passage's broader emphasis on cultural complexity.","This option is incorrect because its focus on ""imperial societies"" adopting artifices similar to tactics employed by revisionist historians is too narrow to be the main point. The passage discusses a broader cultural phenomenon related to national identity, not just a specific comparison of imperial tactics to historical revisionism. Furthermore, the speaker questions the factual accuracy of this specific comparison within the context of the passage.","This option is incorrect as it centers on colonized societies retaining and needing to discard ""trappings of imperial culture."" This subject is too narrow. The passage discusses how even after gaining independence, cultures may still carry remnants of colonial influence or create new, idealized traditions. However, the interpretation of ""imperial attitudes of uniqueness and superiority underlying colonial conquest remain"" (lines 50-54) likely refers to the colonial powers themselves (e.g., France and England), not the colonized. Thus, the statement's claim about colonized societies retaining 'trappings' is not clearly supported and narrows the passage's scope.","This option is the most accurate main point of the passage. It highlights that despite nationalistic efforts to create unified and monolithic cultural images, we now have a clearer understanding that cultures are, in fact, composed of heterogeneous elements. This aligns with the passage's concluding ideas (lines 58-65) that historical and cultural experiences contribute to a pluralistic cultural identity, often including consciously excluded 'foreign' elements. This statement encapsulates the passage's overarching argument about the complex, diverse, and often constructed nature of national cultures."
borodulya/lsat128.s1.passage-3-question-17.jy.mp4,128,1,17,"The author places ""traditional"" in quotation marks to highlight that the jamborees are not genuinely traditional. Instead, they are a recent invention, designed to falsely (spurious) imply a long-standing history and thus legitimize England's rule over India.","<p>This option states the jamborees ""had been revived after centuries of neglect."" The video explains that while a revival might involve something being called ""traditional"" (even if revived), this specific context implies a *false* claim of tradition for legitimacy, not a genuine revival after neglect. The passage doesn't suggest the jamborees were merely neglected; it implies they are a new creation presented as traditional.</p>","<p>This option claims the jamborees ""were legitimized by their historic use in the native culture."" The video argues this is incorrect because the quotes indicate the jamborees lack historic use in native culture. The aim is to legitimize British colonial rule *through* the false pretense of tradition, not to assert that the jamborees themselves gained legitimacy from a genuine native history. If they had genuine historic use, the quotes would not be needed.</p>","<p>This option suggests the jamborees ""exemplified the dominance of the imperial culture."" The video explains that while the British clearly aim to demonstrate dominance, this option isn't the specific reason for putting ""traditional"" in quotes. The quotes emphasize the *falsehood* of the tradition. If it were truly about exemplifying dominance by imposing a *genuinely* ancient British tradition, the quotes wouldn't be used to question its authenticity.</p>","<p>This option states the jamborees ""conferred spurious historical legitimacy upon colonial authority."" The video identifies this as the correct answer. The quotes around ""traditional"" indicate that the tradition is not real, or ""spurious."" The purpose of presenting these newly enacted jamborees as ""traditional"" is precisely to grant a false sense of historical grounding and legitimacy to the British colonial authority in India, a legitimacy that, as the passage notes, ""only longevity could impart.""</p>","<p>This option claims the jamborees ""combined historic elements of imperial and native cultures."" The video points out that there is no textual support for the idea that these ""traditional"" jamborees were a blend of cultures. The quotes suggest a lack of genuine tradition, not a syncretic cultural practice. If the intent was to highlight a fusion of elements, the author would likely describe it differently, not by casting doubt on its authenticity with quotation marks.</p>"
borodulya/lsat128.s1.passage-3-question-18.jy.mp4,128,1,18,"The question asks what the ""purveyors of nationalist dogma"" (line 62) would most likely agree with. The passage states that cultures actually include more foreign elements and cross national boundaries, ""despite the claims to the contrary made by purveyors of nationalist dogma."" This indicates that these purveyors believe the opposite: that cultures are unitary, monolithic, or autonomous and consciously exclude foreign elements. Therefore, they would agree that a nation's cultural traditions should remain pure and unaffected by outside influences.","The video states that it's unclear if these purveyors would agree with this statement, and there might even be some evidence against it. Nationalist dogma would likely encourage regaining a 'pure' historical culture rather than avoiding the attempt.","The video explicitly marks this option as 'anti' and 'straight up against' the beliefs of the purveyors of nationalist dogma. They would not want imperial cultures to incorporate traditions from colonies, as they advocate for distinct, self-contained national cultures.","This option aligns directly with the implication that the purveyors of nationalist dogma believe cultures should be 'unitary, monolithic, or autonomous' and 'consciously exclude' foreign elements. They would, therefore, advocate for cultural traditions to remain untainted by outside influences. The video confirms this by stating, 'Yes, that's right. That's the sense in which they are purveyors of nationalist dogma. They are counter to the idea that cultures cross boundaries.'","The passage states that historical and cultural experiences partake of many social and cultural domains, which is contrary to the claims of nationalist dogma. Therefore, the purveyors would disagree with this statement. The video marks this as 'counter to what they think'.","While it might seem consistent with nationalist ideology, the video points out that there is not enough direct textual evidence in the relevant section of the passage to support that the purveyors of nationalist dogma specifically hold this belief. It notes that this claim about national histories is mentioned earlier in the passage but not directly attributed to the 'purveyors of nationalist dogma' in lines 57-65. Thus, agreeing with this option would be speculative."
borodulya/lsat128.s4.passage-1-question-01.jy.mp4,128,4,1,The question asks for the main point of the passage. We need to identify the core argument or central message the author intends to convey.,"<p>Option A suggests that New Zealand wool growers should be encouraged to shift to other agricultural exports to maintain profitability. This is incorrect because the passage does not propose shifting to other agricultural products like corn; instead, it focuses on revitalizing the wool industry itself.</p>","<p>Option B states that wool growing in New Zealand parallels agricultural practices worldwide in that it is becoming deeply divided between large professional operations and smaller family farms. While this is a factual detail mentioned in the passage (lines 30-37) illustrating the current state of the industry, it is a supporting point, not the overall main point or central argument.</p>","<p>Option C claims New Zealand's wool industry has been adversely affected by the development and improvement of synthetics. This is factually true and a significant issue discussed in the passage, serving as a backdrop for the problems faced by the wool industry. However, it's presented as a cause for the industry's decline, providing the impetus for the author's argument, rather than being the main point of the passage, which is more about the proposed solution.</p>","<p>Option D suggests that superior farm management should be encouraged among New Zealand's wool growers to revitalize the country's wool industry. This option perfectly captures the main point of the passage, as the author advocates for improving productivity through better management and breeding practices to make wool growing profitable and competitive again (lines 16-25, 29-30, 39-43).</p>","<p>Option E states that the wool industry in New Zealand has put too much focus on increasing the efficiency of processing and has failed to address the issue of dwindling breeding stocks. The speaker questions the factual accuracy of 'dwindling breeding stocks' as it's not explicitly stated in the passage. Furthermore, even if the processing focus is mentioned, this option still misses the broader emphasis of the passage, which is on improving overall productivity and management, not solely on a specific processing issue or a potentially unstated problem like dwindling breeding stocks.</p>"
borodulya/lsat128.s4.passage-1-question-02.jy.mp4,128,4,2,"The question asks for the cause of the decline in the price of clean strong wool as stated in the passage. The passage explicitly states in lines 10-13: ""But for the past 20 years, competition from synthetics has inexorably driven down the price of clean strong wool, causing annual production to drop by 65,000 tons as farmers switch land to other uses."" This directly identifies competition from synthetic materials as the cause.","<p>This option states that farmers switching their land to other uses is the cause. However, the passage presents this as a *consequence* of the decline in price, not the cause itself. The phrase ""causing annual production to drop... as farmers switch land to other uses"" indicates this.</p>","<p>This option directly matches the information in the passage. Lines 10-11 state, ""competition from synthetics has inexorably driven down the price of clean strong wool,"" clearly identifying market competition from synthetic materials as the cause of the price decline.</p>",<p>The passage does not mention competition from Australian wool growers as a cause for the decline in the price of New Zealand's clean strong wool. This information is not supported by the text.</p>,<p>The passage does not mention competition from cotton growers for available land as a cause for the decline in the price of clean strong wool. This is irrelevant to the information provided in the text.</p>,"<p>The passage mentions a ""deep division"" in the wool industry between large and small farms (implied in the second paragraph, though not fully shown in the snippet for this specific cause), but it does not present this division as the cause for the decline in the price of clean strong wool. Instead, it relates to issues of profitability and adopting management practices to improve productivity, rather than the initial price decline.</p>"
borodulya/lsat128.s4.passage-1-question-03.jy.mp4,128,4,3,"The question asks to identify which statement is true about New Zealand's wool industry, according to the passage. This requires finding a statement explicitly supported by the text. After evaluating each option, only option E is directly verifiable in the passage.","<p><b>Incorrect.</b> The passage states that New Zealand produces ""strong wool"" used mostly for carpets. However, it does not state that New Zealand itself has a strong carpet manufacturing industry. It's possible they export the wool for manufacturing elsewhere, such as Australia, as implied by the passage's mention of Australia's total wool production.</p>",<p><b>Incorrect.</b> The passage does not mention any board that oversees the wool industry or that is representative of operators from both large and small farms. This information is not stated anywhere in the text.</p>,"<p><b>Incorrect.</b> This option misrepresents the passage's content. The author recommends that New Zealand's wool industry <i>should</i> shift investment <i>away</i> from researching wool-processing techniques and <i>towards</i> improving production. The statement claims the industry has *recently begun* to shift investment *towards* researching more efficient wool-processing techniques, which contradicts the author's recommendation and the current state implied.</p>","<p><b>Incorrect.</b> The passage discusses the world's cotton industry as an example of significant productivity gains that the New Zealand wool industry *could* achieve if it adopted certain practices. It does not state that New Zealand's wool industry *has followed* a similar pattern of growth; rather, it implies that the cotton industry has ","<p><b>Correct.</b> The passage explicitly states in lines 8-9 that New Zealand ""is the world's largest producer of 'strong wool'."" This directly supports option E, making it the true statement about New Zealand's wool industry.</p>"
borodulya/lsat128.s1.passage-2-question-13.jy.mp4,128,1,13,"The author's central argument against harsh punishment for debtors, such as imprisonment or liquidation of businesses, is primarily based on the negative wider economic and societal consequences. The author contends that such punishments lead to creditors not being repaid, significant unemployment, disruption of much-needed services, and overall harm to the public good and the economy at large (lines 28-34, 39-42). The author does not focus on whether the punishment reforms the individual debtor, but rather on its systemic ripple effects.","<p>This option states that individuals who served prison time for bankruptcy subsequently exhibited greater economic responsibility. The author's argument is not that harsh punishment fails to make individuals more responsible. In fact, the passage's concern is the broader societal and economic fallout (e.g., creditors not being repaid, unemployment, disruption of services) that occurs when debtors are punished, regardless of individual reform. Therefore, demonstrating individual responsibility after punishment does not weaken the author's specific argument about the negative ripple effects on the economy and society. If anything, it might support a different argument *for* harsh punishment, but it doesn't challenge the author's point about its negative societal costs.</p>","<p>This option states that the bankruptcy of a large company had a significant negative impact on the local economy, even though employees found similar jobs. This statement actually supports the author's premise that bankruptcy (a form of 'harsh punishment' in terms of economic disruption) has a significant negative impact on the local economy. While it mitigates one aspect of the harm (employees finding new jobs), it still confirms the overarching negative economic impact, thus failing to weaken the author's argument.</p>","<p>This option indicates that when imprisonment was no longer a consequence of insolvency, bankruptcy filings increased dramatically. The author's argument is not concerned with the frequency of bankruptcy filings. Instead, it focuses on the harmful economic consequences *of* harsh punishment itself. An increase in bankruptcy filings after the cessation of imprisonment does not weaken the author's point that imprisonment leads to unpaid debts, unemployment, and disruption of services when it is implemented. Therefore, this option does not address the core of the author's argument.</p>","<p>This option states that the court-ordered liquidation of a large company, while causing hundreds of job losses, led to robust economic growth in the immediate aftermath. The author explicitly argues that liquidation leads to significant unemployment and is detrimental to the public good (lines 32-34, 39-42). This option presents a counter-example where, despite some negative effects (job losses), the overall local economy experienced robust growth. This directly challenges the author's claim of a net negative economic impact from harsh punishment, suggesting that the broader economic harm might not be as significant as the author contends. This is a plausible weakening, as it provides evidence that the predicted negative outcome did not occur.</p>","<p>This option asserts that countries continuing to imprison debtors enjoy greater economic health than comparable countries that have ceased to do so. The author's core argument is that harsh punishment leads to negative overall economic and societal consequences. If, on a comparative and systemic level, countries employing harsh punishment are *more* economically healthy than those that do not, this directly contradicts the author's central claim about the economic detriments of such policies. The phrase 'comparable countries' suggests a controlled comparison, strengthening the relevance of this observation. This provides strong evidence against the author's fundamental premise, making it the most effective weakening argument.</p>"
borodulya/lsat128.s4.passage-1-question-04.jy.mp4,128,4,4,"The question asks what the author implicitly approves of in the passage. We need to find a statement that reflects a positive stance or recommendation from the author, even if not explicitly stated as 'I approve'. The passage highlights the need for New Zealand's commercial sheep farmers to improve productivity (lines 17-18). It then suggests that this goal could be achieved if the industry adopted the practices of the country's leading and profitable wool growers (lines 22-26). The author elaborates on these successful farms, stating that 30 percent achieve double the average profitability and the top 10 percent achieve 3 to 4 times the average (lines 33-36). The author is clearly presenting these successful farms as a model to be followed. Therefore, the author implicitly approves of their management practices.","The passage acknowledges the competition from synthetic materials (lines 20-22) but doesn't suggest that the author *approves* of this competition. The competition is presented as a factor that necessitates change and improved productivity in the wool industry, not as something inherently good.","The passage discusses the wool-growing industry but does not mention changes in land use by New Zealand's farmers in general over several decades, nor does it express approval or disapproval of such changes. This option is outside the scope of the author's argument.","The passage actually implies that many of New Zealand's family farmers need to improve their practices. It states that the industry is ""deeply divided"" and that only a minority of farms are highly profitable (lines 31-36). The author recommends that the industry *adopt* the practices of the leading growers, suggesting that the practices of many family farmers are currently *not* ideal or approved of.","The author explicitly recommends *shifting spending away* from efforts to improve the efficiency of wool processing (lines 43-46). Instead, the author advocates for focusing on cutting the cost of producing raw wool and increasing its quality. Therefore, the author does not approve of efforts to increase the efficiency of wool processing.","The author clearly holds up the ""country's leading (and comfortably profitable) wool growers"" as an example to be followed (lines 22-26). These are the farms that are achieving significantly higher profitability than the average (lines 33-36). The author implicitly approves of their successful farm management practices and advises the rest of the industry to adopt them to increase overall productivity. This option directly reflects the author's endorsement of successful practices."
borodulya/lsat128.s4.passage-1-question-05.jy.mp4,128,4,5,"The passage suggests the research company would focus on genetic selection for crossbreeding sheep to improve productivity and the quality of raw wool. Option D directly aligns with this by describing the process of identifying optimal physical traits for valuable wool production, which is the groundwork for genetic selection and crossbreeding.","This option states that the company would develop sheep varieties by 'introducing genes from other organisms into the genetic material of sheep.' The passage explicitly states, however, that the company would concentrate on genetic selection for crossbreeding sheep, 'not on the artificial manipulation of genetic material in individual sheep' (lines 40-44). Therefore, Option A is incorrect.","This option suggests the company would conduct 'basic genetic research that could have applications in various areas of agriculture.' While the company conducts genetic research, the passage specifies that it is focused on sheep and wool production, not broad agricultural applications like 'corn growing and rice growing' as the video points out. Thus, Option B is too broad and incorrect.","This option proposes that the company would 'encourage wool growers to focus on developing other wool varieties as an alternative to growing strong wool.' The passage focuses on improving the efficiency and quality of *raw wool produced* through genetic means, not on encouraging the development of alternative wool varieties or steering away from strong wool. This makes Option C incorrect.","This option states that the company would 'create a composite profile of optimal physical traits for sheep based on characteristics of the sheep that produce the most valuable wool.' This accurately describes a core activity involved in 'genetic selection for crossbreeding sheep' (lines 40-42) to achieve 'enormous gains in overall productivity' and 'increase the quality of raw wool' (lines 49-50). Identifying which traits make sheep produce valuable wool is essential for effective crossbreeding programs. The video confirms this by calling it the 'groundwork for crossbreeding.' Therefore, Option D is correct.","This option suggests the company would 'oversee the distribution of funds among the various programs intended to increase the efficiency of wool processing.' While increasing the efficiency of wool processing is a goal (line 45), the passage describes the company's function as a 'genetic research company' (lines 40-41), not one responsible for financial oversight or fund distribution. The video also clarifies that the goal is to improve production, not just spend more money on processing. Therefore, Option E is incorrect."
borodulya/lsat128.s4.passage-2-question-07.jy.mp4,128,4,7,"The passage primarily discusses how Woody Allen's films consistently explore the theme of the neurotic and narcissistic nature of artists throughout his career. While `Deconstructing Harry` is presented as an intense manifestation of this theme, the passage emphasizes that it's a recurring element in his work.","This option accurately captures the main point of the passage. It highlights the recurring theme of neurotic and narcissistic artists in Woody Allen's films, acknowledging `Deconstructing Harry` as a prominent example, but emphasizes its presence throughout his career. The passage describes `Deconstructing Harry` as the 'apex' of this theme and a 'reprise of a theme present throughout his career', making this the best fit for the main point.","This option suggests that Woody Allen's films depict the artistic life as leading to unhappiness and that happiness is found by the inartistic. While the passage touches on the complex inner lives of artists, it does not broadly assert that the artistic life inherently leads to unhappiness or that happiness is exclusive to the inartistic as the main point. The passage provides no clear evidence for the 'inartistic' achieving happiness, making this a difficult claim to substantiate as the central argument.","This option focuses on the idea that art requires sacrifice and that many artists are unwilling to make those sacrifices. This point is mentioned specifically in the context of the ex-wife's criticism in `Manhattan`, which is a detailed example used to illustrate Allen's personal issues and narcissism, rather than the overall main point about the recurring theme across his entire body of work. It is too narrow and too detailed to be the main point.","This option states that Woody Allen, like most artists, uses his own experiences and neuroses to create his acclaimed works. While the passage implies that Allen incorporates personal elements into his films, it does not explicitly frame this as the main point, nor does it confirm that this is true for 'most artists'. Furthermore, the passage focuses on the *theme* of neuroticism and narcissism in the art itself, not primarily on the artist's creative process or the acclaim received as the central argument.","This option claims that artists are unavoidably narcissistic and neurotic and that these traits *enable* them to produce works of 'great beauty and power'. The passage describes the neurotic and narcissistic nature of artists as a recurring theme in Allen's work, but it does not make a direct causal link between these traits and the production of works of 'great beauty and power' as its main argument. The evaluative judgment of 'beauty and power' is not the focus of the passage's analysis."
borodulya/lsat128.s4.passage-1-question-06.jy.mp4,128,4,6,"The author's primary reasoning in the passage is that the New Zealand wool industry's path to profitability lies in improving productivity. This improvement, according to the author, should come from the industry adopting the management and breeding practices of its most successful members. The passage specifically states, 'This goal could readily be achieved if the industry as a whole were to adopt the management and breeding practices of the country's leading (and comfortably profitable) wool growers.' This directly supports the idea that an industry should adopt the techniques of its most productive members on an industry-wide basis.","<p>This option states that an industry seeking to increase its overall productivity should adopt, on an industry-wide basis, the techniques used by its most productive members. This perfectly aligns with the author's argument that the New Zealand wool industry should imitate its leading, most profitable growers to improve overall productivity. The emphasis on an ""industry-wide basis"" and learning from ""most productive members"" is central to the passage's recommendation.</p>","<p>This option suggests that increasing productivity ought to involve requiring leading members to give aid to less productive members. The passage does not explicitly state that leading members should be *required to give aid*. Instead, it implies that less productive members should *adopt* the practices of the leading ones. While aid might facilitate adoption, the author's focus is on the adoption of techniques, not a mandate for aid distribution.</p>","<p>This option proposes that even a successfully productive industry should continue to explore new avenues for reducing costs. While reducing costs is a good business practice and part of the passage's later recommendations (e.g., shifting spending to reduce raw wool production costs), this principle does not capture the core mechanism of improvement discussed by the author earlier in the passage, which is about learning from leading members to increase productivity. It also discusses an industry that *has successfully increased* productivity, whereas the passage focuses on an industry *struggling* with declining profitability.</p>","<p>This option states that a declining industry should model its business practices on those of its most successful competing industries. The author encourages the wool industry to adopt practices from its *leading members* within the *same industry* (New Zealand's leading wool growers) or to be inspired by high productivity in related sectors like *cotton growers* (as a benchmark for gains), not necessarily directly modeling ","<p>This option suggests that if an industry's productivity is declining, it should return to the practices it employed at the height of its success. The passage mentions the wool industry's peak in the 1950s but does not advocate reverting to those past practices. Instead, the author focuses on contemporary best practices (from leading growers) and forward-looking solutions like genetic research. The argument is about innovation and adoption of current successful methods, not a return to historical ones.</p>"
borodulya/lsat128.s4.passage-2-question-09.jy.mp4,128,4,9,"The third paragraph describes the ex-wife's book, which offers a 'denigratory take on the artistic enterprise' similar to the producer's in 'Stardust Memories.' It reveals her ex-husband's artistic pretensions as 'mere narcissism.' This serves as an additional example supporting the contention in the second paragraph that artists often 'document their private suffering and fob it off as art,' linking it to the broader theme of solipsism and self-recreation in art discussed in the passage.","<p>This option is incorrect because the third paragraph does not present an exception. Instead, the depiction of the ex-husband's artistic pretensions as 'mere narcissism' aligns with and reinforces the general thesis about artists' self-recreation and solipsism, as initially presented in the first paragraph and further developed in the second.</p>","<p>This option is incorrect because the third paragraph offers an illustration that <em>supports</em> a contention (made in the second paragraph), rather than qualifying or limiting an assertion from the first paragraph. The first paragraph introduces the main idea; the second applies it to Allen's films, and the third provides an example of that application.</p>","<p>This option is incorrect. The second paragraph makes a general assertion about Allen's films, not a specific illustration that can be directly contrasted. The third paragraph provides a concrete example that *illustrates* the point made in the second paragraph, rather than presenting a contrasting illustration.</p>","<p>This option is correct. The second paragraph states that the idea of artists 'documenting their private suffering and fobbing it off as art' appears 'sufficiently often' in Allen's films. The third paragraph then provides a specific example ('In Manhattan, the ex-wife...') of an artist whose work is revealed as 'mere narcissism,' directly supporting the contention that this phenomenon is frequent and problematic in the artistic works discussed.</p>","<p>This option is incorrect. The third paragraph provides an example or illustration to support a contention already made in the second paragraph, rather than introducing a new contention to be argued for later. The final paragraph (as hinted by the opening line 'It is also significant...') appears to introduce a different aspect of Allen's films, not to argue for the point made in the third paragraph.</p>"
borodulya/lsat128.s4.passage-2-question-10.jy.mp4,128,4,10,"The question asks for the most accurate meaning of 'peevish' as used in line 11. The video points to a later part of the passage, specifically line 16, where 'Allen's sourest portrait of artists' is mentioned. This provides a direct textual clue for the meaning of 'peevish', indicating that 'sour' is the most appropriate definition in this context.","<p><b>Offensive:</b> The video suggests this word might appear elsewhere in the passage, but it is not directly supported as the meaning of 'peevish' by the textual evidence provided in relation to line 11.</p>","<p><b>Neurotic:</b> The video indicates that 'neurotic' is a word that appears earlier in the passage (referring to Harry Block as 'extremely neurotic and narcissistic'), but it is not the contextual meaning of 'peevish' as clarified by the subsequent text about Allen's work.</p>",<p><b>Stubborn:</b> This option is not supported by the textual context provided in the video. The video dismisses it as an incorrect meaning for 'peevish'.</p>,<p><b>Egocentric:</b> This option is dismissed by the video as not accurately capturing the meaning of 'peevish' in line 11. The video even suggests some options might be 'made up' distractors.</p>,"<p><b>Sour:</b> This is the correct answer. The video highlights that the sentence in lines 15-18, 'For instance, a film producer in <i>Stardust Memories</i>, Allen's sourest portrait of artists before Harry, articulates a particularly cynical view of cinematic art...', provides a direct synonym or explanation for 'peevish'. The word 'sourest' directly points to 'sour' as the intended meaning.</p>"
borodulya/lsat128.s4.passage-2-question-08.jy.mp4,128,4,8,"The question asks to infer a principle that underlies the author's argument regarding Allen's films. The author's argument focuses on identifying recurring themes and patterns in Woody Allen's body of work, particularly how certain character types, like artistic individuals, are portrayed. The passage highlights a consistent trend where characters embodying the artistic temperament often meet negative fates, while less artistic or non-artistic characters tend to have more positive outcomes. This suggests that the filmmaker's personal views on and approval or disapproval of these character types are reflected in their destinies within the films.","<p>This option suggests that critics should consider a filmmaker's entire body of work, not just individual films, when evaluating artistic merit. While the author does analyze Allen's entire body of work, the primary purpose is not to 'gauge artistic merit' in a general sense, but rather to reveal recurring themes and the filmmaker's consistent artistic preoccupations and self-reflections. The passage does not explicitly argue for or against assessing 'artistic merit' as the central goal.</p>","<p>This option states that people who are not artists themselves should not presume to interpret films about the artistic temperament. This principle is not supported by the passage. The author, whose own artistic status is not revealed, is actively interpreting Allen's films, which often deal with artistic themes. This option therefore contradicts the author's implicit stance as a film critic or essayist.</p>","<p>This option states that the fate of a character in a movie can indicate the filmmaker's views concerning his approval or disapproval of that character. This aligns directly with the concluding paragraph of the passage, which observes that Allen's artistic characters typically suffer dire fates, while non-artistic characters fare better. This contrast strongly implies that Allen imbues these character fates with his own judgments and attitudes toward the types of individuals they represent.</p>","<p>This option proposes that a film's screenplay should be seen as just one of many contributions to its ultimate meaning. The passage, however, focuses on the overarching themes and directorial perspective of Woody Allen himself, often blurring the lines between the filmmaker and his characters. There is no discussion about the relative importance of screenplay writers or other contributors in the passage, making this principle uninferable.</p>","<p>This option suggests that the prior work of a film's cast members should be considered when assessing the artistic merits of a film. The author's argument is centered on Woody Allen as the director and his recurring themes, not on the individual actors or their previous roles. The passage does not provide any information or suggest that the past performances of cast members are relevant to understanding Allen's artistic vision within his films. This option is irrelevant to the author's argument.</p>"
borodulya/lsat128.s4.passage-2-question-11.jy.mp4,128,4,11,"The author introduces the title character Zelig to serve as a contrasting example that supports a broader conclusion about Woody Allen's films. The author argues that in Allen's works, less artistic characters tend to have happier endings, while artistic characters, often characterized by ego and exploitation, experience desolate lives. Zelig, an 'unpretentious, thoroughly inartistic' character who dies an 'untroubled, even happy, death,' directly illustrates this contrast by providing a positive outcome for a non-artistic character.","This option is incorrect. The passage does not focus on countering prevailing critical views of Allen's films. Instead, it presents the author's own analysis of a pattern within Allen's works, using Zelig as evidence.","This option is incorrect. While the discussion relates to Allen's works, mentioning Zelig is not presented as exemplifying a 'primary preoccupation' in his works in a general sense. Its purpose is more specific: to demonstrate a particular relationship between character type and narrative outcome.","This option is correct. The text explicitly states that 'on the other hand, the unpretentious, thoroughly inartistic title character in Zelig dies an untroubled, even happy, death,' directly contrasting with the 'desolate and solitary' lives of artistic characters previously described. This clearly positions Zelig as a counterpoint to the fate of artistic characters.","This option is incorrect. The passage actually highlights that artistic characters often face negative outcomes due to their traits. Zelig's mention emphasizes the contrasting positive fate of a non-artistic character, rather than demonstrating the consistent importance of artistic characters.","This option is incorrect. While one might infer some affection from Allen towards his non-artistic characters based on their happier endings, the passage does not state this as the primary reason for mentioning Zelig. The question asks for the primary function of the mention, which is to establish a contrast to prove a point about narrative outcomes, not to illustrate the director's personal feelings."
borodulya/lsat128.s4.passage-2-question-12.jy.mp4,128,4,12,This is an inference question asking what view the author most likely holds. We need to identify the option that aligns with the author's perspective as presented in the passage.,"<p>This option states that most artists merely document their personal suffering and fob it off as art. The video explains that this is a view held by a film producer in Woody Allen's movie, and possibly Woody Allen himself, but not necessarily by the author of the passage. We cannot confuse the perspectives of the characters or the subject of the passage (Woody Allen) with the author's own views.</p>","<p>This option suggests that the continuous presence of a topic in an artist's work indicates it's likely an issue in their personal life. The video explicitly points to lines in the passage that support this: 'Indeed, the possibility that artists are merely ""documenting their private suffering and fobbing it off as art"" appears sufficiently often in Allen's films to seem an unresolved personal issue for Allen.' This statement directly links recurring themes in an artist's work to their personal life, making it a view the author most likely holds.</p>","<p>This option claims Allen's film career is unique due to its regular features of unhappy, narcissistic artists as protagonists. The video questions the term 'unique,' noting that the author provides no information to suggest that this aspect is exclusive to Allen's work or that no one else features such characters. We cannot infer uniqueness from the given text.</p>","<p>This option asserts that an artist *must* use their own experiences as inspiration for their work to be considered 'truly artistic.' The video highlights the prescriptive nature of 'must' and 'truly artistic.' The author does not provide a definition of what constitutes 'truly artistic' work, nor do they state that personal experience is a necessary condition for art to be considered true art. This is an unsupported generalization.</p>","<p>This option states that Allen's films accurately reflect real life by depicting inartistic individuals as happier than artists. The video challenges this, indicating that the passage discusses depictions within the films, not the author's endorsement of these depictions as an accurate reflection of real-life happiness among different types of individuals. The author does not make claims about the accuracy of real-life happiness levels.</p>"
borodulya/lsat128.s4.passage-3-question-13.jy.mp4,128,4,13,"The main point of the passage is to describe Cecilia Payne's groundbreaking work in challenging the then-prevailing scientific belief about the sun's composition. She proposed an innovative alternative that the sun was composed primarily of hydrogen and helium, rather than mostly iron. This claim was initially met with widespread resistance from the scientific community but was eventually vindicated as correct.","This option is incorrect because the passage does not state that Cecilia Payne was the first to describe the mechanism by which the sun generates its heat (which was nuclear fusion, understood later). Her contribution was about the sun's composition.","This option is correct. It accurately reflects Cecilia Payne's main contribution: proposing an innovative alternative to the prevailing view of the sun's composition (from mostly iron to mostly hydrogen and helium). It also correctly notes that her view was eventually vindicated, despite initial resistance from other scientists.","This option is incorrect because while Payne used spectrographic data, the passage does not emphasize that her *use* of the data was novel and unconventional. Rather, she re-examined existing data. Furthermore, this detail about her method is not the main point of the passage.","This option is incorrect because astronomers likely knew that the sun *contained* hydrogen and helium before Payne. Her key contribution was to demonstrate that these elements were the *predominant* components of the sun's composition, not merely that they were present. Therefore, stating she was the 'first scientist to demonstrate that the sun contains both hydrogen and helium' is factually inaccurate.","This option is incorrect because the passage focuses on Payne's work regarding the sun's *composition*, not the *mechanism* of its energy generation. She did not speculate on how the sun generated energy or whether it involved processes other than iron. Her work was fundamentally about what the sun was made of."
borodulya/lsat128.s4.passage-3-question-15.jy.mp4,128,4,15,"The question asks what scientists in the 1920s believed about Payne's interpretation of spectroscopic data. The passage states that most astronomers at the time dismissed Payne's interpretation, some claiming that what she had examined was data about the sun's outer surface rather than its interior. This suggests that while her data for the outer surface might have been considered accurate, her broader conclusions about the sun's interior composition were not accepted.","<p>This option states that her methodology was outdated and her findings of doubtful validity. However, the passage implies the astronomers dismissed her *interpretation* of the data concerning the sun's interior, not necessarily that her methodology was flawed or her data invalid for what it actually showed (the outer surface). Their criticism was about the *scope* of her conclusions, not the method itself.</p>",<p>This option claims her interpretation was ,<p>This option suggests her findings were ,"<p>This option accurately reflects the passage's description of the scientists' view. They acknowledged that her data pertained to the sun's *outer surface*, which implies the data itself was not entirely baseless or 'ill-founded' for that specific region. However, they dismissed her *overall conclusions* which implied the entire sun (including the interior) was composed of hydrogen and helium, contradicting their belief that the interior was mainly iron. Thus, her overall conclusions were considered 'wrong' in their view.</p>","<p>This option states that her interpretation and overall conclusions were correct. This directly contradicts the passage, which explicitly states that most astronomers at the time *dismissed* her interpretation. Therefore, this option is incorrect.</p>"
borodulya/lsat128.s4.passage-3-question-14.jy.mp4,128,4,14,"This question asks what can be answered *from the passage*, not based on general knowledge. It's crucial to stick only to the information provided in the text.","The passage mentions that Earth contains iron (line 10), and an old, mistaken view of the sun suggested it contained 66% iron (lines 16-17). However, the passage does not provide any information about the iron content of Earth as a percentage of its total mass, let alone whether it exceeds 50%. Thus, this question cannot be answered from the passage.","The passage states that 'the sun's heat is generated through nuclear fusion' (lines 50-51) and that 'Einstein's equation governing the relationship between mass and energy—eventually provided strong confirmation of Payne's results' (lines 57-61). While it links nuclear fusion to Einstein's work, it does not mention *who first proved* this mechanism for the sun. Therefore, this question cannot be answered from the passage.","The passage explicitly states in lines 10-12: 'Also, the evidence from spectroscopy... show that Earth and all known asteroids contain iron.' This directly answers the question by confirming that asteroids, which are objects in the solar system other than Earth and the sun, contain iron. Thus, this question can be answered from the passage.","The passage mentions an earlier, mistaken belief that the sun was composed of 66% iron (lines 16-17). It then provides Payne's finding that '90 percent of the sun is hydrogen and most of the remainder is helium' (lines 40-42), implying that iron and other elements make up less than 10%. However, it does not give an exact percentage for the sun's iron content. Thus, this question cannot be answered from the passage.","The passage explains that the sun's energy is produced when 'the sun's gravitational force compresses together atoms of hydrogen, causing a nuclear reaction' (lines 51-53). This process forms helium and other elements. The passage *only* describes hydrogen fusion producing energy. It does not provide any information about whether the fusion of *other* types of atoms (beyond hydrogen) can produce energy. Therefore, this question cannot be answered from the passage."
borodulya/lsat128.s4.passage-3-question-16.jy.mp4,128,4,16,"The last paragraph discusses nuclear fusion primarily to explain why Payne's contemporaries initially reacted with skepticism to her findings. It highlights that the mechanism for how hydrogen and helium could produce the sun's energy (nuclear fusion) was not understood in the 1920s when Payne presented her research. This lack of understanding prevented her findings from being readily accepted, even though they were eventually confirmed by later scientific advancements.","<p>Option A is incorrect. The discussion of nuclear fusion in the last paragraph does not primarily aim to illustrate the impact of Payne's findings on a related discipline. Instead, nuclear fusion is introduced as a later scientific understanding that explains why Payne's findings were initially difficult for her contemporaries to accept, and subsequently confirmed her work. It doesn't suggest her findings initiated the understanding of fusion in another field.</p>","<p>Option B is correct. The last paragraph explicitly states that without an understanding of how hydrogen and helium produced the sun's energy (which nuclear fusion later explained), Payne's contemporaries could not accept her findings. The discussion of nuclear fusion clarifies why her fellow scientists initially reacted with resistance to her data interpretation; they lacked the theoretical framework to explain her observations.</p>","<p>Option C is incorrect. The text does not suggest that Payne rejected the ""iron"" hypothesis due to an understanding of nuclear fusion. Rather, her observations about the sun's composition (primarily hydrogen and helium) directly contradicted the prevailing ""iron"" hypothesis. The discussion of nuclear fusion comes *after* her initial findings and explains why her contemporaries had trouble accepting her alternative, not why she rejected the old one.</p>","<p>Option D is incorrect. The text states that the understanding of nuclear fusion ""eventually provided strong confirmation of Payne's results"" (lines 60-61), not that her findings were ""modified."" Her interpretation of the data (the sun's composition) was ultimately *confirmed* and shown to be correct, rather than altered or revised, by later scientific developments in nuclear physics.</p>","<p>Option E is incorrect. The passage does not suggest that Payne relied on ""incorrect data."" In fact, it emphasizes that her findings were accurate and later confirmed. The challenge was her contemporaries' inability to explain how a sun composed primarily of hydrogen and helium could generate energy, not a flaw in Payne's data or methodology.</p>"
borodulya/lsat128.s4.passage-3-question-18.jy.mp4,128,4,18,Question 18 asks which statement about spectroscopy is most strongly supported by the passage. Spectroscopy is mentioned in paragraph 2 and paragraph 3. We need to evaluate each option based on the information provided in the text.,"<p>This option states that spectroscopy's use during the 1920s was generally confined to the field of astronomy. The passage indicates it was used in astronomy, but it doesn't state that its use was *confined* to astronomy. We don't have enough information to support this claim, so this option is incorrect.</p>","<p>This option claims that spectroscopy yielded data about the sun's composition that Payne initially doubted but ultimately came to accept. The data showed that the sun was composed of 90% hydrogen and most of the remainder was helium, with other elements (like iron) constituting a very small percentage. Payne's original hypothesis was that the sun was mostly iron. She initially *suspected* that her preconceptions about iron being the main element might have led to skewed interpretations. However, after rigorous scrutiny, she found the data to be consistently read as indicating that the sun does indeed contain iron *along with other elements found on Earth*, but this iron made up a tiny fraction. She ultimately accepted the data showing hydrogen and helium were predominant, which directly contradicted her initial iron hypothesis. Therefore, the phrase 'Payne initially doubted but ultimately came to accept' is misleading; she doubted her own preconceptions, not the data indicating hydrogen/helium. So, this option is incorrect.</p>","<p>This option suggests that spectroscopy played a crucial, though often unacknowledged, role in the emergence of our present-day understanding of the process of nuclear fusion. The passage mentions the understanding of nuclear fusion (lines 50-61) and Einstein's equation, which eventually provided strong confirmation of Payne's results. However, the passage connects the understanding of nuclear fusion to Einstein's equation, not directly to spectroscopy itself having an unacknowledged role in its emergence. This option attempts to link two distinct scientific advancements mentioned in the passage without clear support for spectroscopy's 'crucial role' in nuclear fusion's emergence, and it seems to confuse different contributions. So, this option is incorrect.</p>","<p>This option states that spectroscopy was regarded by certain prominent scientists in the 1920s as an unproven tool that produced data of often questionable reliability. The passage introduces spectroscopy as 'a technique used to identify chemicals by the distinctive spectral properties of light patterns' (lines 13-15). Preliminary examination of spectroscopic data convinced Payne (lines 32-33). There is no mention in the passage of any prominent scientists doubting the reliability of spectroscopy as a tool; rather, it was used to provide evidence. So, this option is incorrect.</p>","<p>This option states that spectroscopy was a technique advanced enough by the 1920s to detect the presence in the sun of elements that constituted considerably less than 10 percent of its mass. The passage explicitly states that 90% of the sun is hydrogen and 'most of the remainder is helium' (lines 40-42). This means that hydrogen and helium together constitute well over 90% of the sun's mass, leaving less than 10% for all other elements combined (such as iron, mentioned in line 39). The passage indicates that spectroscopic data was used to identify these elements, including iron (lines 13-15, 39-42), which clearly falls into the 'less than 10 percent' category. Thus, the technique was indeed advanced enough to detect these minor constituents. This option is strongly supported by the passage and is correct.</p>"
borodulya/lsat128.s4.passage-3-question-17.jy.mp4,128,4,17,"The correct answer is A. The passage states that Payne's research findings were 'substantiated by the evidence' (lines 1-2) but 'encountered strong resistance' from professional astronomers (lines 2-3). The author then notes that Payne's preliminary examination of spectroscopic data led her to 'suspect that preconceptions about the sun's composition may have led other interpreters of the data to reach misleading conclusions' (lines 31-33). This directly supports the idea that the resistance to her findings was due to the preconceptions of her contemporaries, rather than any flaw in Payne's scientific reasoning or a 'major mistake' on her part. Therefore, the author holds the view that the lack of conviction among her contemporaries was not due to her scientific mistakes.","<p>This option is correct. The passage highlights that Payne's research was 'substantiated by the evidence' but met 'strong resistance' from astronomers. The author explicitly states that Payne 'suspect[ed] that preconceptions about the sun's composition' led other interpreters to 'misleading conclusions.' This implies that the problem lay with the contemporaries' pre-existing beliefs, not with Payne's sound scientific reasoning or any 'major mistake' on her part.</p>","<p>This option is incorrect. The passage mentions that Payne suspected 'preconceptions' led other interpreters to 'misleading conclusions' about the sun's composition, specifically regarding the belief that the sun was mainly iron (lines 10-12). However, it does not state that previous interpreters 'deliberately disregarded' data suggesting the sun contained *some* hydrogen. It's more about misinterpretation due to pre-existing beliefs, not a deliberate disregard of all evidence of hydrogen.</p>","<p>This option is incorrect. The passage mentions Lord Kelvin as an 'eminent British physicist' who hypothesized about the sun's continuous contraction (lines 19-21). While his eminence might have contributed to the general acceptance of the orthodox view, the passage does not state that the 'iron' hypothesis *would not have been accepted for so long* had it not been for his 'prominence and prestige.' The passage primarily attributes the longevity of the orthodox view to the 'knowledge that Earth and all known asteroids contain iron' (lines 10-12).</p>","<p>This option is incorrect. The passage describes the resistance Payne faced, but the author does not offer an opinion on whether such resistance is 'uncharacteristic' or characteristic of science in general. We cannot infer the author's broader views on the typical operation of science from this passage.</p>","<p>This option is incorrect. The passage states that Payne's determination of the sun's composition 'contributed to a significant breakthrough' (lines 34-35). However, it makes no claim that the discovery of nuclear fusion would have been 'delayed by several decades' if Payne had not made her discovery. This establishes an unsupported causal link that the author does not provide evidence for.</p>"
borodulya/lsat127.s4.passage-1-question-01.jy.mp4,127,4,1,"The primary goal of the passage is to argue that Amos Tutuola's literary works have been miscategorized by literary critics as novels. The author contends that to properly appreciate Tutuola's work, it must be understood as unique, inventively crafted retellings of folktales, fitting within the African oral tradition, rather than being judged by the standards of traditional novels.","<p>This statement is factually true according to the passage. Tutuola is indeed internationally acclaimed, and his writing blends different linguistic aspects. However, merely stating these facts does not capture the central argument of the passage, which focuses on the *misinterpretation* of his genre by critics and the need for a re-evaluation.</p>","<p>This option accurately expresses the main point of the passage. The passage critiques the misclassification of Tutuola's works by critics as 'novels' and argues for evaluating them specifically as 'unique and inventively crafted retellings of folktales,' emphasizing their distinct genre and merits within that context.</p>","<p>This statement is factually inaccurate. The passage explicitly argues that Tutuola's works should *not* be considered novels. Therefore, stating he incorporates oral traditions into his 'novels' contradicts the author's central contention that his works are folktales, not novels.</p>","<p>This option misrepresents the nature of the critics' division. The passage suggests critics are divided on the *quality* or *freshness* of his works when viewed as novels, not on whether his works are fundamentally novels or folktales. The author of the passage is the one clarifying that his works are folktales, in contrast to the critics' predominant (and, in the author's view, mistaken) novelistic classification.</p>","<p>While the folktale is presented as a valuable African literary genre relevant to Tutuola's work, this option misses the critical element of the passage's argument concerning the misclassification by literary critics. Furthermore, the claim that folktales find 'singular expression' in Tutuola's works is not explicitly supported or emphasized as the main point; the passage focuses more on clarifying his genre rather than asserting its absolute uniqueness in his work alone.</p>"
borodulya/lsat127.s4.passage-1-question-03.jy.mp4,127,4,3,"The author's primary goal in the passage is to correctly situate Tutuola's work within world literature. The author argues that classifying his work as a 'novel' is a mistake by literary critics (lines 14-15) and instead asserts that Tutuola is a 'teller of folktales' (lines 20-21). The author explicitly states the most effective way to appreciate Tutuola's work: 'The most useful approach to Tutuola's works, then, is one that regards him as working within the African oral tradition' (lines 27-29). This directly reflects the author's conviction about how Tutuola's works should be viewed, making option A the most accurate characterization of the author's attitude.","This option accurately captures the author's central argument and attitude. The author spends a significant portion of the passage explaining why Tutuola's works should be understood as part of the African oral tradition, rather than being forced into the Western concept of a novel (lines 27-29, 30-41).",The author focuses on the correct classification and understanding of Tutuola's existing works. There is no mention of the author being certain that Tutuola's works will inspire a 'renewed interest' in the study of oral traditions. This goes beyond the scope of the passage.,"The author is critical, not pleased, with the reception Tutuola's works have received from many literary critics. The passage states that critics 'have assumed too facilely that he wrote novels' (lines 14-15) and criticized his subjects for 'not strikingly original' (lines 21-23). This option is directly contradicted by the passage.","While the passage mentions translation (line 5), the author does not express confidence about the 'original integrity' of Tutuola's works being preserved despite numerous translations. The author's concern is with genre classification and proper critical approach, not the technicalities of translation or its impact on integrity.","The author frames Tutuola's work as belonging to an established 'African oral tradition' (line 29), not as reflecting a 'growing new trend in literature.' There is no forward-looking optimism about Tutuola's influence on future literary trends expressed by the author. This is not supported by the passage."
borodulya/lsat127.s4.passage-1-question-04.jy.mp4,127,4,4,"Question 4 asks about the grounds on which some critics criticized Tutuola's work. The relevant section in the passage is lines 8-14, which explicitly states the critics' views. The critics ""dismissed his works as simple retellings of local tales, full of unwelcome liberties taken with the details of well-known story lines."" This direct statement should be matched with the answer choices.","This option claims his literary works do not exhibit enough similarity to the African oral tradition. This is not what the passage states as a criticism from these particular critics. The critics' focus was on his method of retelling and altering existing stories, not on a lack of connection to the tradition itself.","This option suggests his mixture of languages is not entirely effective. While the passage mentions Tutuola's use of a mixed language style (lines 3-5), it does so descriptively, not as a point of criticism raised by the mentioned critics. The critics' specific criticisms were different.","This option states that his attempt to fuse traditional storytelling with the novel format is detrimental. While the passage implies a mismatch in genre by noting critics ""assumed too facilely that he wrote novels,"" the direct criticism from the critics cited is not that the *attempt to fuse* is detrimental. Instead, it's about the 'simple retellings' and 'unwelcome liberties' with existing storylines.","This option accurately paraphrases the critics' statements. The passage mentions critics dismissed his works as ""simple retellings of local tales, full of unwelcome liberties taken with the details of well-known story lines."" Option D captures this by stating his writing ""borrows substantially from well-known story lines and at the same time alters their details."" This is a direct match and the strongest supported option from the text.","This option asserts his works are not actually novels, even though he characterizes them as such. The first part, that his works are not actually novels, is the *author's* conclusion, which he implies the critics *missed* by ""assuming too facilely that he wrote novels."" The critics themselves are described as making this mistaken assumption, not explicitly stating his works *aren't* novels. Furthermore, the passage does not state that Tutuola characterizes his works as novels; this is an unsupported addition."
borodulya/lsat127.s4.passage-1-question-02.jy.mp4,127,4,2,"The question asks for an analogy that best exemplifies Tutuola's approach to writing folktales. We need to identify the core aspects of his style and find a modern-day Irish author whose methods parallel them. Key aspects of Tutuola's approach include: working within the African oral tradition, retelling existing tales rather than creating original ones, embellishing and modifying these tales with personal interpretations, transferring them to modern settings, blending English with local idiom and Yoruba grammatical constructs, and sometimes using an omniscient narrator.","<p>This option suggests applying conventions of the modern novel to retelling Irish folktales. The passage explicitly states that Tutuola ""is not a novelist but a teller of folktales"" (lines 20-21). It further argues that critics mistakenly apply standards of the novel to his work. Therefore, characterizing Tutuola's approach as applying modern novel conventions is a direct contradiction of the passage's argument that he operates outside the novelistic tradition.</p>","<p>This option suggests re-creating elements of Irish literary style within a purely oral art form. While Tutuola draws heavily from African oral tradition (lines 28-29), his works are *written* (implied by references to ","<p>This option proposes combining characters from English and Irish folktales to tell a story of modern life. The idea of telling a story of modern life aligns with Tutuola's practice of ""transferring them [familiar tales] to modern settings"" (lines 45-46). However, the passage does not suggest that Tutuola combined characters or tales from different cultural traditions (e.g., Nigerian and non-Nigerian folktales). He blended *languages* (English and Yoruba idiom) and applied *personal interpretations* to his *own tradition's* tales, not cross-cultural character combinations.</p>","<p>This option states that the author ""transplanted traditional Irish folktales from their original setting to contemporary Irish life."" This is an excellent analogy for Tutuola's method. The passage notes that he ""embellishes familiar tales with personal interpretations or by transferring them to modern settings"" (lines 44-46). This precisely describes taking existing, traditional stories and placing them in a contemporary context, which is what 'transplanting' them implies. This option captures the essence of Tutuola's modernization of traditional folktales without claiming originality or novelistic conventions.</p>",<p>This option suggests utilizing an omniscient narrator in telling original stories about contemporary Irish life. The passage does mention that Tutuola's works often conclude with 
borodulya/lsat127.s4.passage-1-question-05.jy.mp4,127,4,5,"The question asks to identify which of the listed attributes the author does *not* attribute to Tutuola. This is an ""EXCEPT"" question, meaning four options will be directly supported by the passage, and one will contradict it. The passage provides details about Tutuola's work, including his narrative style, his approach to traditional tales, and his recognition. The key is to find the statement that the author explicitly refutes or that is not mentioned as an attribute of Tutuola.","This option states that Tutuola uses ""repetition of elements in his stories for emphasis."" The passage supports this in lines 43-44: ""specific episodes, for example, are often repeated for emphasis."" Therefore, this is an attribute recognized by the author.","This option claims Tutuola practices ""relocation of traditional stories to modern settings."" The passage confirms this in lines 45-46: ""he embellishes familiar tales with personal interpretations or by transferring them to modern settings."" This is also an attribute recognized by the author.","This option suggests Tutuola achieved ""attainment of international recognition."" The passage states in lines 3-4: ""Tutuola became the first Nigerian writer to receive wide international recognition."" This is explicitly attributed to Tutuola by the author.","This option mentions Tutuola's ""use of an omniscient narrator in his works."" The passage supports this in lines 53-54: ""in the adoption of an omniscient, summarizing voice at the end of his narratives."" This is another attribute the author recognizes.","This option states ""transformation of Yoruba folktales into modern novels."" This directly contradicts the author's primary distinction about Tutuola. The passage explicitly states in lines 18-19: ""Tutuola is not a novelist but a teller of folktales."" Since the author clarifies that Tutuola is not a novelist, he cannot be credited with transforming folktales into modern novels. This is the attribute the author *does not* attribute to Tutuola, making it the correct answer."
borodulya/lsat127.s4.passage-1-question-07.jy.mp4,127,4,7,The primary purpose of the passage is to correct a misunderstanding regarding how to evaluate Tutuola's work. It argues that his work should not be judged solely by the standards of the European novel but rather within the context of African oral tradition.,"This option is incorrect because the passage does not primarily aim to illustrate the wide range of Tutuola's work. While it discusses his work, the focus is on how it should be understood and evaluated, not just its breadth.","This option is incorrect. The passage does not suggest that the folktale genre needs defending as a valid art form. Instead, it highlights the importance of understanding Tutuola's work in the context of the folktale tradition to evaluate it properly.","This option is correct. The passage provides detailed descriptions of Tutuola's work and explains how it aligns with African oral tradition. By doing so, it aims to establish a suitable framework and criteria for evaluating his literary contributions, thereby correcting previous critical misinterpretations.","This option is incorrect. While the passage touches upon the distinction between the novel and the folktale, especially in the context of critics miscategorizing Tutuola's work, distinguishing these genres is not the *primary* purpose. The distinction serves the larger goal of establishing proper evaluation criteria.","This option is incorrect. While the passage discusses disagreements among critics (particularly in the first paragraph, lines 6-11), summarizing these disagreements is not the overall primary purpose of the entire passage. The discussion of critical disagreement serves as a setup for the author's main argument about proper evaluation."
borodulya/lsat127.s4.passage-1-question-06.jy.mp4,127,4,6,"The author contrasts the expectations for novels, which typically value realism and originality, with the expectations for folktales, where the teller is expected to draw subjects and frameworks from the 'corpus of traditional lore'. This distinction serves to explain why certain criticisms applied to Tutuola's works (that they are not original) are inappropriate, as his work falls within the tradition of folktales, not novels.",This option accurately captures the author's purpose. The passage highlights that 'realism and originality are expected of the novel' while a 'teller of folktales is expected to derive subjects and frameworks from the corpus of traditional lore'. This clearly distinguishes the different expectations for each genre.,"This option is incorrect. The passage does not argue that novels and folktales are 'equally valuable'. Instead, it differentiates their inherent characteristics and the criteria by which they should be judged. The author's point is about appropriate categorization and criticism, not a comparative valuation of literary genres.","This option is incorrect because it misinterprets the author's stance on critics and blending. The author does not suggest that Tutuola is 'blending' genres in an 'innovative way'. In fact, the passage indicates that critics dismiss his work as 'simple retellings of local tales' and not 'strikingly original'. The author's aim is not to challenge critics on their perception of blending, but rather on their application of criteria meant for novels to folktales.","This option is incorrect. The author is not elucidating 'direct counterparts' between two largely dissimilar genres. Instead, the author is drawing a sharp contrast between the unique characteristics and expectations of each genre (novels and folktales) to argue that different evaluative frameworks apply.","This option is incorrect. The author is not arguing that the distinguishing characteristics of these genres are 'poorly understood'. Instead, the author presents a clear and straightforward distinction between the genres, implying that critics *misapply* known characteristics or expectations, rather than having a fundamental misunderstanding of the genres themselves."
borodulya/lsat127.s4.passage-2-question-09.jy.mp4,127,4,9,"The question asks what the passage *states* about spadefoot toad tadpoles. This means the correct answer must be explicitly mentioned or very strongly implied in the text, leaving little room for inference. The second paragraph of the passage focuses on spadefoot toad tadpoles.","<p>Incorrect. The passage mentions that tadpoles develop the ability to recognize their kin (lines 48-49), implying they can recognize fellow tadpoles that are relatives. However, it does not state that they develop the ability to recognize ""fellow carnivores."" They discriminate based on kinship, not dietary type of their peers.</p>","<p>Incorrect. The passage states that some tadpoles become ""exclusively carnivorous, feasting on other animals including members of its own species"" (lines 38-39). It does not state that they feed *only* upon omnivorous tadpoles, nor does it define whether the tadpoles they eat are always omnivorous. The passage mentions omnivorous tadpoles as the initial stage (line 31), but not as the exclusive diet of carnivorous tadpoles.</p>","<p>Correct. The passage states, ""This event [environmental conditions triggering dietary preference changes] can trigger changes in the tadpole's physiology and dietary preference, causing the tadpole to become larger and exclusively carnivorous, feasting on other animals including members of its own species"" (lines 34-39). This directly supports the idea that they change in body size (become larger) when they become carnivorous.</p>","<p>Incorrect. The passage introduces inclusive fitness theory to explain cannibalism and states that the tadpoles' ability to discriminate between kin and non-kin offers ""at least a partial answer"" to why kin recognition develops (lines 41-43), suggesting that their carnivourousness (specifically cannibalism with kin recognition) *supports* the theory, rather than calling it into question. The entire discussion of spadefoot toad tadpoles serves to illustrate aspects of inclusive fitness theory.</p>","<p>Incorrect. While the passage discusses the evolutionary aspects of cannibalism and inclusive fitness, it does not make a definitive claim that carnivourousness *would not occur unless* it contributed to evolutionary success. This is a strong conditional statement that is not explicitly supported or stated in the text. The passage describes the phenomenon and its observed effects, including costs (genetic costs of eating kin), but doesn't quantify a necessary condition for its occurrence.</p>"
borodulya/lsat127.s4.passage-2-question-10.jy.mp4,127,4,10,"The passage discusses evolutionary explanations for kin recognition. The author highlights that while the *mechanisms* for kin recognition are understood across various species, the *evolutionary reasons* behind them are more complex. The passage presents two main evolutionary explanations: the inclusive fitness theory and an alternative explanation related to self-preservation (avoiding disease by not eating diseased kin). The author uses different species (Spadefoot toad tadpoles and Tiger salamander larvae) to illustrate how these different explanations apply, implying that a single explanation may not fit all cases.","This option states that it is impossible to understand the mechanisms of kin recognition until an evolutionary explanation has been attained. This contradicts the passage, which indicates that 'improvements in the general understanding of these mechanisms' (lines 4-5) led biologists to then ask *why* kin recognition occurs. The understanding of *how* it happens came before a complete evolutionary explanation of *why* it happens.","This option claims that evolutionary explanations for kin recognition require no modifications to traditional evolutionary theory. This is incorrect. The passage explicitly states that the inclusive fitness theory 'was developed in the 1960s' and 'posits that natural selection similarly favors organisms that help their relatives, because doing so also increases their own total genetic representation' (lines 16-19). This theory was a response to the traditional view that natural selection only favored individuals producing the greatest number of offspring, thereby representing a significant modification to the traditional theory.","This option suggests that an adequate explanation should ignore the differences in social or mental complexity of organisms. The passage states that mechanisms for recognizing kin are found 'regardless of an organism's social or mental complexity' (lines 2-3). However, this refers to the *occurrence* of kin recognition, not the *explanation* ignoring such differences. In fact, the passage discusses different scenarios for tadpoles versus more complex social insects (honeybees), implying that explanations *do* consider the organisms' characteristics, not ignore them.","This option states that kin recognition may have different evolutionary explanations in different species. This is strongly supported by the passage. The author provides two distinct examples: Spadefoot toad tadpoles, where kin discrimination is explained by the inclusive fitness theory (lines 38-42), and Tiger salamander larvae, where discrimination against diseased siblings is explained as a means for an organism to 'preserve its own life, not as a means to aid in relatives' survival' (lines 58-61). These are two different species with two distinct evolutionary explanations for kin recognition.","This option claims that no other evolutionary explanation can account for the diversity of unusual phenomena with the same success as the inclusive fitness theory. This contradicts the author's nuanced view. The passage notes that inclusive fitness theory offers at least a 'partial answer' (line 43) and then presents the Tiger salamander example as a 'further reason' (line 48) for kin recognition that is explicitly *not* about aiding relatives' survival but about self-preservation. This implies that other explanations can indeed account for phenomena, perhaps with equal or even greater success in specific contexts, and that inclusive fitness is not the sole or ultimate explanation."
borodulya/lsat127.s4.passage-2-question-11.jy.mp4,127,4,11,"The last sentence of the second paragraph, 'But there may be other reasons why organisms recognize kin,' serves to introduce a non-conforming phenomenon or a compounding factor that complicates existing theories of natural selection, specifically inclusive fitness theory, as applied to kin recognition. While the main body of the second paragraph supports inclusive fitness theory, this final sentence highlights a limitation or an aspect not fully explained by that theory alone, such as the cannibalistic behavior of spadefoot toad tadpoles when very hungry.","This option accurately describes the function. The behavior of the tadpoles (eating siblings when very hungry) complicates the idea that kin recognition always leads to avoiding eating kin. The last sentence draws attention to this complexity, suggesting that 'any theory of natural selection that accounts for kin recognition' must also address such behaviors to provide a complete explanation.","This option is incorrect because the last sentence does not make a comparison between spadefoot toad tadpoles and other cannibalistic species. Instead, it points to other reasons for kin recognition within the context of the spadefoot toad tadpoles themselves, specifically when they exhibit cannibalistic behavior due to hunger, which is a departure from kin-avoidance behavior typically predicted by inclusive fitness theory.","This option is incorrect for the last sentence. While the broader second paragraph generally describes behavior that lends support to kin recognition theory (inclusive fitness theory), the *last sentence* specifically introduces a behavior (cannibalism when hungry) that *contradicts* or *complicates* that primary account, rather than supporting it. It suggests an inadequacy in the existing explanation, labeling the inclusive fitness theory as a 'partial answer.'","This option is incorrect because the video explicitly states that the behavior is not 'unexplainable.' The last sentence suggests that there 'may be other reasons' to recognize kin, implying that explanations *can* be found, but that existing theories might offer only a partial answer. The behavior is a challenge to be explained, not an unexplainable phenomenon.","This option is incorrect. The immediately preceding material (lines 40-45) describes how inclusive fitness theory offers a 'partial answer' for kin recognition among tadpoles, where they generally avoid eating siblings. The last sentence (lines 48-49) then introduces the idea of 'other reasons' for kin recognition (or lack thereof) to explain the exceptional cannibalistic behavior when hungry. Both are relevant to understanding the full picture of kin recognition; the last sentence simply adds a crucial layer of complexity, not implies superior relevance."
borodulya/lsat127.s4.passage-2-question-08.jy.mp4,127,4,8,"The main point of the passage is that inclusive fitness theory can explain kin recognition, but there are nuances and limitations to its explanatory power.","This option correctly states that some findings (like the spadefoot toad tadpoles in the second paragraph) support the inclusive fitness theory's explanation of kin recognition through natural selection. Crucially, it also acknowledges that the hypothesis (inclusive fitness theory) may not explain *all* instances of kin recognition, referencing the tiger salamander research in the third paragraph. This nuance accurately reflects the passage's overall argument.","This option presents a comparative statement that the mechanisms for kin recognition are as various as the purposes served by that ability. The speaker finds this statement abstract and ""bizarre,"" suggesting it's not directly supported by the passage's focus or specific details. The passage doesn't quantify or compare the variety of mechanisms and purposes in this manner.","This option claims that recent research involving tiger salamanders *undermines* the hypothesis concerning the purpose of kin recognition espoused by traditional evolutionary theorists. This is factually inaccurate according to the passage. The tiger salamander research actually shows that kin recognition can be explained by an organism preserving its own life (traditional view), meaning it's *consistent* with, not undermining, the traditional hypothesis. It highlights another reason for kin recognition beyond inclusive fitness, but doesn't undermine the traditional view itself.","This option states that new research on tiger salamanders indicates the traditional theory of natural selection is *more strongly supported* by evidence than believed by ""those who consider only the case of the spadefoot toad tadpole."" The passage does not identify specific groups of people who ""only consider"" the spadefoot toad tadpole case, making this comparison unclear and unsubstantiated. Furthermore, the passage's overall aim isn't to compare the strength of support for traditional theory based on different groups' beliefs.","This option asserts that while traditional evolutionary theory was unable to account for kin recognition, this phenomenon is *fully explained* by inclusive fitness theory. The passage contradicts the ""fully explained"" part, stating that inclusive fitness theory offers ""at least a partial answer"" (lines 43-44) to why kin recognition develops, implying it does not fully explain all aspects."
borodulya/lsat127.s4.passage-2-question-12.jy.mp4,127,4,12,"The passage describes that cannibalistic spadefoot toad tadpoles have a 'procedure of discrimination' whereby they 'nip at other tadpoles, eating nonsiblings but releasing siblings unharmed.' This clearly indicates that the mechanism for kin recognition involves a physical interaction (nicking or tasting) rather than solely relying on visual cues. The process of nipping allows them to discern kin from non-kin, suggesting a chemical or taste-based identification alongside any potential visual recognition.","<p>This option states that the kin recognition mechanism is not dependent *solely* on visual cues. The passage explicitly describes a physical 'nicking' procedure where tadpoles 'nip at other tadpoles, eating nonsiblings but releasing siblings unharmed.' This implies a taste or chemical-based discrimination mechanism that complements or replaces visual cues, meaning visual cues are not the *only* factor. This is strongly supported by the text.</p>","<p>This option claims the mechanism is neither utilized nor possessed by tadpoles that do not become cannibalistic. The passage focuses on the cannibalistic form of the tadpoles and their kin recognition mechanism. It does not provide information about whether non-cannibalistic tadpoles possess or utilize this specific mechanism for other purposes. Therefore, this statement is not supported by the passage.</p>","<p>This option suggests the mechanism does not *always* allow a tadpole to distinguish kin from non-kin. The passage states that the tadpoles 'eat nonsiblings but releasing siblings unharmed,' implying a consistent and reliable discrimination. There is no information in the text to suggest that the mechanism is fallible or that it 'does not always allow' for accurate distinction. This statement is not supported by the passage.</p>","<p>This option asserts that the mechanism is rendered unnecessary by the physiological changes accompanying the dietary shift to carnivorousness. This contradicts the passage, which explains that the 'event [the dietary shift] trigger[s] changes in the tadpole's physiology and dietary preference' leading to cannibalism. The procedure of discrimination (nicking) is then *used* by the cannibalistic tadpoles to avoid eating kin, indicating it becomes *necessary* or relevant *after* the shift, not unnecessary. Thus, this option is actively contradicted by the passage.</p>","<p>This option states that the mechanism could not have developed in a species in which all members are omnivorous. The passage discusses kin recognition in the context of spadefoot toad tadpoles, which can be omnivorous or carnivorous. It also mentions that 'Mechanisms for recognizing kin are found throughout the plant and animal kingdoms.' However, there is no information in the passage to support or refute the claim about the development of *this specific mechanism* in an entirely omnivorous species. We cannot infer this statement from the text.</p>"
borodulya/lsat127.s4.passage-2-question-13.jy.mp4,127,4,13,"Question 13 asks what the passage states about the mechanisms that enable organisms to recognize their close genetic relatives (kin recognition). This type of question requires identifying information explicitly stated or very strongly implied in the text, often a close paraphrasing.","This option is incorrect because the passage does not state or imply that kin recognition mechanisms are most easily explained by assuming a similar purpose across all species regardless of complexity. In fact, the passage provides examples (like tadpoles nibbling siblings to decide whether to eat them) that suggest diverse purposes or complex factors, not a simple, universal purpose. This statement is a misinterpretation.","This option is correct. The passage states in lines 4-7: ""Improvements in the general understanding of these mechanisms have turned some biologists' attention to the question of why kin recognition occurs at all."" This directly paraphrases option B, which says the mechanisms have become more clearly understood, prompting interest in their purpose.","This option is incorrect. The passage mentions that the *inclusive fitness theory* was developed in the 1960s (lines 10-11). However, this is not the same as saying that the *mechanisms themselves* became the focus of theoretical attention *only* since the 1960s. The development of a theory is distinct from the initial focus of attention on the mechanisms.","This option is incorrect because the passage does not state this. The passage suggests that a better understanding of the mechanisms has *prompted* questions about their purpose, rather than implying that a lack of detailed understanding of their workings *prevents* full explanation of their purpose. The implication is that we already understand the mechanisms fairly well, leading to deeper questions about *why* they exist.","This option is incorrect. The passage describes kin recognition mechanisms in tadpoles (nibbling to identify siblings) and mentions tiger salamanders (lines 48-50) but does not provide details on how salamanders perform kin recognition. Without this information, we cannot confirm that the mechanisms operate differently even if they serve the same function. Therefore, this statement is not supported by the passage."
borodulya/lsat127.s4.passage-2-question-14.jy.mp4,127,4,14,"The passage discusses how the Inclusive Fitness Theory, developed in the 1960s, helped explain previously mysterious phenomena, specifically the altruistic behavior of social insects like honeybees. Before this theory, the fact that most honeybees exist only to nurture relatives was known but difficult to explain within the traditional view of evolution, which focused solely on individual reproductive success. The Inclusive Fitness Theory supplemented this view by considering the success of shared genetic attributes in relatives.","<p>This statement is incorrect. The passage suggests that the <em>fact</em> that honeybees exist only to nurture relatives was already known (lines 21-24), as it was considered a ""previously mysterious phenomenon."" The mystery lay in <em>explaining why</em> this phenomenon occurred under natural selection, not in whether it was true.</p>","<p>This statement misrepresents the Inclusive Fitness Theory. The theory explains altruistic behavior, such as honeybees nurturing relatives, as a way to increase the overall genetic representation of shared genes through kin, even if the individual nurturer does not reproduce directly. It does not require that the nurtured relatives in turn nurture the original members. The passage does not support the idea of reciprocal nurturing from those who are nurtured.</p>","<p>This statement is incorrect. The passage indicates that the phenomenon of honeybees nurturing relatives posed a challenge to the traditional view of evolution (lines 10-15) because it seemingly contradicted the idea that natural selection favors individuals who maximize their own offspring. However, it did not lead biologists to <em>reject</em> the traditional view, but rather to develop supplementary theories like Inclusive Fitness Theory to better explain such behaviors within an evolutionary framework.</p>","<p>This statement is incorrect. The Inclusive Fitness Theory itself is an evolutionary theory that operates within the framework of natural selection. It expands the understanding of how natural selection works by considering kin selection, rather than calling the entire concept of evolution by natural selection into question. The phenomenon, once explained by the theory, actually supports a more nuanced view of natural selection.</p>","<p>This statement is correct. The passage states that the Inclusive Fitness Theory ""has helped to explain previously mysterious phenomena, including the evolution of social insect species like the honeybee, most of whose members do not produce offspring and exist only to nurture relatives"" (lines 19-24). This directly implies that prior to the Inclusive Fitness Theory, this fact was ""difficult to explain without at least supplementing the traditional view of evolution with further explanatory hypotheses"" (lines 19-24, restated). The Inclusive Fitness Theory provided that necessary supplement.</p>"
borodulya/lsat116.s1.passage-1-question-04.jy.mp4,116,1,4,"<p>The author uses the phrase ""the hazards of insufficient knowledge"" (line 44) to refer to risks arising from a fundamental lack of understanding in two key areas. Firstly, there is insufficient knowledge concerning the long-term stability of protective barriers, such as metal pipe casings and cement, primarily due to unknown interactions with factors like groundwater bacteria, traffic vibrations, and changing groundwater chemistry. Secondly, the passage cites a major disaster that occurred because a well's location was chosen based on a ""poor understanding of the area's subsurface geology."" These two points collectively describe a broad failure to comprehend the potential consequences of drilling activities within intricate geological environments.</p>","<p>Incorrect. This option emphasizes the dangers to human health posed by groundwater contamination. While groundwater contamination is mentioned as a potential outcome, the passage's primary focus for ""insufficient knowledge"" is on the technical, chemical, and geological uncertainties surrounding drilling operations and the long-term stability of protective measures, not directly on human health impacts.</p>","<p>Correct. This option accurately encapsulates the core meaning of ""the hazards of insufficient knowledge."" It addresses the failure to understand the possible consequences of drilling within complex geological systems, which aligns with both supporting premises: the unknown long-term stability of protective materials due to interactions with the underground environment, and the poor understanding of subsurface geology leading to environmental disasters.</p>","<p>Incorrect. This option points to ""poorly tested methods for verifying the safety of newly developed technologies."" The passage's concern is not about the inadequacy of testing methods themselves (quality control), but rather a more fundamental lack of knowledge about how existing technologies and materials interact within complex and dynamic underground systems, particularly regarding long-term stability and geological conditions.</p>","<p>Incorrect. This option focuses on ""an inadequate appreciation for the difficulties of enacting and enforcing environmental regulations."" The passage discusses scientific and geological knowledge gaps that lead to hazards, not challenges related to the legislative or regulatory processes involved in environmental protection.</p>","<p>Incorrect. This option suggests ""a rudimentary understanding of the materials used in manufacturing metal pipe casings."" The passage implies that the problem is not a lack of basic understanding of the materials themselves, but rather an insufficient understanding of how these materials will perform and interact with the complex and changing geological and chemical conditions of the subsurface environment over extended periods.</p>"
borodulya/lsat127.s4.passage-2-question-15.jy.mp4,127,4,15,"The question asks to undermine the author's evaluation in the last sentence. The author's evaluation is that for tiger salamanders, kin recognition is explained simply as a means of self-preservation, not as a means to aid in relatives' survival. To undermine this evaluation, we need to find an option that provides an alternative explanation for kin recognition, especially one that suggests it *does* aid in relatives' survival, thereby challenging the author's dismissal of the inclusive fitness theory.","This option states that many infected larvae are not cannibalistic. The passage already notes that tiger salamander larvae can be omnivorous or cannibalistic, and that the bacterium plagues them. The author's point is specifically about *cannibal larvae* recognizing kin to avoid eating infected relatives for *self-preservation*. This option does not explain *why* kin recognition occurs or challenge the author's specific evaluation regarding its purpose among cannibals.","This option suggests that the distinction between carnivorous (cannibalistic) and omnivorous larvae is due to environmental factors, not genetics. The author's argument about kin recognition focuses on the *consequences* of eating kin (risk of disease) and the *purpose* of kin recognition (self-preservation), not the underlying genetic or environmental cause of cannibalism itself. Therefore, this fact does not undermine the author's evaluation of the *purpose* of kin recognition.","This option provides a strong alternative explanation for kin recognition: avoiding inbreeding that is life-threatening to offspring. Offspring are relatives, and protecting their viability (a form of aiding their survival) is explicitly what the author *rejects* as the reason for kin recognition. If kin recognition serves this purpose, it directly undermines the author's claim that it's *not* about aiding relatives' survival and *only* about self-preservation. This is the most effective weakening statement.","This option compares the reproductive success of noncannibalistic versus cannibalistic salamanders. While it touches on survival and reproduction, it doesn't directly address the *reason for kin recognition* itself. It doesn't offer an alternative purpose for kin recognition that contradicts the author's self-preservation hypothesis or supports the inclusive fitness theory.","This option states that cannibalistic tiger salamanders are immune to certain diseases that noncannibalistic ones are not. The passage mentions a specific 'deadly bacterium' (lines 50-57) that makes eating diseased kin dangerous, forming the basis of the self-preservation argument. Immunity to 'certain diseases' (which may or may not be the deadly bacterium) does not necessarily negate the risk associated with eating diseased kin, nor does it offer an alternative reason for *kin recognition*. It might explain why some are cannibals, but not why they recognize kin."
borodulya/lsat116.s4.passage-1-question-04.jy.mp4,116,4,4,The question asks for the defense lawyer's role according to the legal scholars mentioned in lines 15-19. These lines state that a lawyer's role is 'not to express or act on personal opinions but to act as an advocate (saying only what defendants would say if they possessed the proper training or resources with which to represent themselves)'. This clearly defines the lawyer as a representative of the client's stated position.,"<p>This option states the lawyer is 'a source of legal information that can help a jury reach decisions that are fair and equitable'. The video dismisses this as 'not adversarial enough' and sounding more like 'expert testimony'. The passage emphasizes advocacy for the client, not aiding the jury in achieving general fairness.</p>","<p>This option suggests the lawyer is 'a thorough investigator of all relevant evidence'. The video notes that while a lawyer 'should probably do that', it doesn't 'summarize what' the legal scholars in the specified lines 'think defense attorneys' roles are'. The passage focuses on the representation aspect, not the investigative role, as the primary duty.</p>",<p>This option describes the lawyer as 'a diligent representative of the client's position'. The video correctly identifies this as 'perfect'. This directly aligns with the passage's description of the lawyer's role as an 'advocate (saying only what defendants would say... to represent themselves)'.</p>,"<p>This option posits the lawyer as 'a facilitator and expediter of the cause of justice'. The video calls this 'nice and all' but reminds us that 'you're an adversarial system. You just represent your client'. Like option A, this implies a broader role in justice that goes beyond the specific client advocacy highlighted by the scholars.</p>","<p>This option states the lawyer is 'an energetic advocate of the client's right to legal representation'. The video clarifies that 'your client has the right to legal representation. That's been settled... a long time ago'. The lawyer's role is to provide representation, not to advocate for the existence of the right itself. This misinterprets the nature of the advocacy discussed.</p>"
borodulya/lsat116.s4.passage-1-question-02.jy.mp4,116,4,2,"<p>The author introduces the idea that a defense lawyer's obligation is ""twofold: to the defendant, certainly, but no less so to the court and, by extension, to society."" This is presented as an important aspect of a lawyer's duty that a previous ""position overlooks."" The author then elaborates on how lawyers can fulfill both aspects of this obligation, even when they know their client is guilty, by focusing on presenting facts and arguing for leniency rather than undertaking to demonstrate innocence. This indicates the author believes this twofold obligation is a valid and manageable part of legal practice, and not an inherent conflict.</p>","<p>This option states the competing responsibilities are ""to the court and to society."" However, the passage clearly identifies the two competing obligations as ""to the defendant"" and ""to the court and, by extension, to society."" Thus, this option misrepresents the nature of the competing responsibilities.</p>","<p>The author is not asserting that this twofold obligation *prevents* lawyers from representing guilty clients. Instead, the passage describes how lawyers *should* proceed when they know their client is guilty, by ensuring fair representation and arguing for leniency, not by refusing representation.</p>","<p>While lawyers do uncover facts, the passage discusses the twofold obligation primarily in the context of *presenting* facts and arguing for mitigation (lines 33-36), not as a means to *uncover* facts. The author's attitude is about the nature of the responsibility, not this specific outcome.</p>","<p>The author does not express being ""pleased"" that this obligation *doesn't interfere* with common defense strategies. The author is presenting a nuanced view of a lawyer's obligation, suggesting a specific and proper way to approach defense, rather than merely confirming that it doesn't disrupt existing methods.</p>","<p>This option accurately captures the author's attitude. By explaining how a lawyer can fulfill duties to both the defendant and to the court/society (e.g., presenting facts, arguing for leniency, ensuring due process) even when a client is known to be guilty, the author demonstrates a conviction that these dual responsibilities, while appearing to be in tension, do not constitute an actual, irreconcilable conflict of interest. The author is outlining a way for lawyers to effectively manage both aspects of their obligation.</p>"
borodulya/lsat116.s4.passage-1-question-03.jy.mp4,116,4,3,The question asks for a sentence that would logically begin a new paragraph immediately following the end of the passage. This requires identifying a sentence that smoothly transitions from the passage's concluding thoughts and introduces a relevant new point or elaborates on an existing one.,"This option is the most logical choice. The passage concludes by discussing the lawyer's obligation to the court, society, and the defendant, emphasizing that the 'best defense' comes from an advocate who is convinced of the merits of the case and advocates for the defendant's rights based on facts, not just being a 'mere mouthpiece'. Option A directly continues this theme by stating that defense lawyers should base their cases on 'honesty, substantive accuracy, and selectivity'. These foundations align perfectly with the passage's argument about careful analysis of facts and sincere belief in the merits of a defense, serving as an excellent introductory statement for a new paragraph that would likely elaborate on these principles.","This option introduces a negative and moralistic tone ('morally dubious') that contradicts the passage's overall argument. The passage aims to define an ethical and effective role for defense lawyers, not to conclude that the practice of law is inherently dubious. The author argues that lawyers *should not* misrepresent, so to say the practice *remains* morally dubious due to misrepresentation undermines the author's prescriptive stance.","This option shifts the focus from the lawyer's obligations (the primary subject of the passage's end) to the defendant's right to legal representation. More importantly, it asserts that this right 'varies from case to case depending on the severity of the alleged crime'. This is a significant misstatement of fundamental legal principles in many systems (e.g., the right to counsel often doesn't vary based on crime severity) and is not supported by the passage. The passage discusses *how* lawyers should approach cases, not that the *right itself* changes.","While the passage discusses lawyers' obligations, stating they are 'threefold' to the court, society, and 'themselves by proving their professional worth in securing acquittal' misrepresents the nuanced argument. The passage emphasizes being faithful to facts and advocating for rights, not merely securing acquittal as the sole measure of professional worth or a self-serving obligation. The specific breakdown of 'threefold' is also not directly presented in the preceding text, making it an awkward transition.","This option proposes a radical and unsupported change to the legal system—that judges should interrogate defense attorneys about their knowledge of clients' innocence or guilt. This directly infringes upon attorney-client privilege and would fundamentally alter the adversarial system. It is completely out of scope with the passage's discussion, which focuses on the *internal ethical responsibilities* of lawyers, not external judicial oversight in this manner."
borodulya/lsat116.s4.passage-1-question-05.jy.mp4,116,4,5,"The question asks us to identify the relationship between two specific sections of the passage. The first section, lines 7-11, describes the opinion of 'some legal scholars' who believe that lawyers should only represent defendants and not judge their guilt or innocence. The second section, lines 28-31, presents the author's counter-argument, stating that if lawyers know with certainty a defendant is guilty, they should not deny this, which implies lawyers *should* consider guilt/innocence and not offer false representation. Therefore, the author's opinion in lines 28-31 directly opposes the opinion of the legal scholars reported by the author in lines 7-11.",This option is incorrect. There is a very significant and direct relationship between the two statements; they present opposing viewpoints on a core issue. They are not unrelated factual statements.,This option is correct. The information in lines 28-31 represents the author's own opinion (or argument) which directly opposes 'another opinion' (that of the legal scholars) which the author 'reported in the earlier lines' (lines 7-11). The author introduces the scholars' view and then challenges it with their own perspective.,"This option is incorrect. The author's statement in lines 28-31 is not a hypothetical situation; it's a direct assertion of what lawyers' duties should be. Furthermore, it opposes the earlier statement, it does not support it.","This option is incorrect. There is a fundamental disagreement between the two positions, not a general agreement with disagreement over particulars. The core principle of a lawyer's role is in direct opposition.","This option is incorrect. The assertions are not 'essentially equivalent'; they are contradictory. One says lawyers should not judge, the other implies they should and act accordingly if guilt is certain."
borodulya/lsat116.s4.passage-1-question-06.jy.mp4,116,4,6,"The author holds that a defense attorney arguing in court that a client is innocent should sincerely believe that the client may be innocent. This position is derived from the passage's core argument that it is necessary for defense lawyers to believe in the possible innocence of their clients, especially when there is uncertainty about guilt.","<p>This option accurately reflects the author's stance. The passage explicitly states that in cases where it is uncertain whether the client is guilty but the lawyer sincerely believes the client may well be innocent, the lawyer should try to prove that the client is innocent (lines 37-40). This aligns with the author's overall premise that such a belief is a prerequisite for arguing innocence.</p>","<p>This is incorrect. The author's position is directly contrary to this statement. The passage asserts, ""When lawyers know with certainty that a defendant is guilty, it is their duty not to deny this"" (lines 29-30). Therefore, an attorney would not be right to argue innocence if they know the client is actually guilty.</p>","<p>This option is incorrect. The passage distinguishes between a ""mere mouthpiece"" and an ""advocate."" Lines 48-50 state, ""Lawyers should not be mere mouthpieces for a defendant but instead advocates for the rights of the defendant given the facts of the case."" If an attorney sincerely believes in their client's possible innocence and argues it, they are acting as an advocate, not just a mouthpiece.</p>","<p>This is incorrect. The author defines a defense lawyer's obligation as ""twofold: to the defendant, certainly, but no less so to the court and, by extension, to society"" (lines 20-22). Arguing for a client's innocence based on a sincere belief is presented as fulfilling both obligations, as it serves the defendant's right to defense and the court's pursuit of justice where guilt is uncertain. This option suggests an improper prioritization, which is not the author's view of an attorney arguing based on sincere belief.</p>","<p>This option is incorrect. The passage emphasizes that a lawyer's ability to provide the ""best defense"" can only be achieved by an advocate ""after a careful analysis of the merits of the case"" (lines 43-45). Therefore, a defense attorney arguing innocence, especially if they sincerely believe it, is presumed to have thoroughly researched the facts, not the opposite.</p>"
borodulya/lsat116.s4.passage-1-question-07.jy.mp4,116,4,7,"<p>The passage's primary purpose is to articulate the author's argument regarding the defense lawyer's obligations. The author contends that a defense lawyer's duty to the court and society is not in conflict with, but rather complements, their duty to provide effective legal representation to the client, even if it means believing in their innocence. The core idea is that these two duties are harmonious, not contradictory.</p>","<p>This option suggests that the passage aims to show how ethical dilemmas complicate the defense lawyer's role. However, the author explicitly argues the opposite, stating that the lawyer's twofold obligations are ","<p>This option accurately captures the main argument of the passage. The author argues that the defense lawyer's duty to the court and society (e.g., not presenting false assertions) and their duty to the client (providing the best defense, even if it means believing in their innocence) are not in conflict. Instead, these duties are presented as complementary, working together to achieve effective legal representation within the legal system. The passage counters the idea that these roles are complicated or contradictory.</p>","<p>This option claims the passage explains why the actual guilt or innocence of a defendant is not an important issue to many defense attorneys. This directly contradicts the passage's stance. The author argues that defense lawyers *should* strive to prove their client is innocent, indicating that the client's guilt or innocence is indeed a central and important issue for the defense attorney's approach and belief.</p>","<p>While the passage touches upon some issues a defense lawyer might consider (like believing in a client's innocence), discussing these issues prior to accepting a case is not the *primary* purpose. The mention of such considerations serves as a detail or example within the broader argument about the nature of a lawyer's dual obligations, rather than being the overarching goal of the passage.</p>","<p>This option suggests the passage reveals how the practice of law strengthens democratic values. This is too broad and not the central focus of the passage. The passage is specifically concerned with the ethical obligations and role of a *defense lawyer* within the legal system, not a general discussion of how law strengthens democratic societies.</p>"
borodulya/lsat116.s4.passage-2-question-08.jy.mp4,116,4,8,"The main point of the passage is to criticize the two proposals for promoting multicultural understanding. The passage argues that these proposals, despite their intentions, are fundamentally flawed and unable to achieve their stated goal due to inherent biases and methodological issues. Therefore, the correct answer choice will reflect this critical stance.","<p>This option is factually inaccurate. The proponents of the two proposals, as described in the passage, do not disagree about the goal of multicultural education. While there might be slight disagreements over the means, the core issue is not a disagreement among proponents but rather the inherent flaws in their proposals as identified by the critics. Also, focusing on the proponents' disagreement doesn't capture the main critical point of the passage.</p>","<p>This option is factually inaccurate. The passage states that the Western scientific heritage, which informs the methods used by proponents of the second proposal, actually 'prizes the objective over the subjective, the logical over the intuitive, and the empirically verifiable over the mystical.' This option reverses that claim, attributing characteristics (subjective, intuitive, mystical) that are actually *de-emphasized* by the Western epistemological system to the proponents' desired foundation.</p>","<p>This option is factually inaccurate because it misattributes the claim. The idea that it is not enough to refrain from judging non-Western cultures if the methods used to study them are Western is a criticism raised by the *critics* against the proposals, particularly the second one. The proponents themselves do not make this claim; they are the target of this criticism.</p>","<p>This option incorrectly suggests a disagreement among the critics regarding the extent to which a culture's values are a product of its social and historical circumstances. The passage does not indicate such an internal disagreement among the critics. Instead, the critics collectively emphasize that non-Western value systems have arisen from radically different social and historical contexts, making them difficult to understand through a majority culture's perspective. However, this is a supporting point of the criticism, not the main overarching point of the passage.</p>","<p>This option accurately states the main point of the passage. The critics of both proposals argue that these proposals are not truly 'value-neutral' (as the second proposal, for example, aimed to be) and are therefore fundamentally incapable of yielding a genuine, unbiased understanding of cultures with different value systems. This captures the central critique that runs throughout the passage.</p>"
borodulya/lsat115.s3.passage-3-question-17.jy.mp4,115,3,17,"<p>The passage details the shortcomings of classical wave theory in explaining blackbody radiation, specifically the 'ultraviolet catastrophe' where predictions diverged significantly from experimental observations at shorter wavelengths. It then introduces Max Planck's revolutionary hypothesis, which posited that energy is emitted in discrete packets (quanta) rather than continuously, successfully matching the experimental data. While Planck initially lacked a full physical explanation, his idea was later supported and further developed by Albert Einstein and other physicists, who provided theoretical justification and experimental evidence for radiation existing as particles (photons), fundamentally changing the understanding of radiation.</p>","<p>This option presents a counterfactual statement, speculating what would have happened if classical wave theorists had not focused on blackbody radiation. The passage does not engage in such hypothetical scenarios as its main point. Therefore, A is incorrect.</p>","<p>This option incorrectly states that Planck 'performed experiments that demonstrated that radiation exists as particles'. According to the passage (lines 48-55), Planck developed a hypothesis and presented it 'without physical explanation'. It was Albert Einstein who 'theorized, and later found evidence to confirm, that radiation is composed of particles, now called photons'. Thus, Planck did not perform the experiments demonstrating radiation as particles. Therefore, B is incorrect.</p>","<p>This option claims Planck's new model was 'slow to win the support of the scientific community'. However, the passage states that 'in just a few years' (line 59) after Planck's hypothesis, a new vision in physics generated theories that are still in place today, suggesting a relatively quick acceptance, especially with Einstein's subsequent work. Furthermore, the passage's primary focus is not on the pace of acceptance by the scientific community, but on the intellectual progression and scientific breakthroughs themselves. Therefore, C is incorrect.</p>","<p>This option accurately summarizes the core developments described in the passage. Planck was indeed prompted by 'new experimental findings' (blackbody radiation data that classical theory couldn't explain, lines 20-29). He 'discarded an assumption of classical wave theory' (the continuous energy spectrum, lines 38-39) and 'proposed a picture of radiation that matched experimental results' (lines 42-43). This picture 'was further supported by theoretical justification' from Einstein and other physicists (lines 48-50). This option correctly identifies the sequence of events and the roles of key figures. Therefore, D is correct.</p>","<p>This option contains an incorrect detail regarding the nature of the experimental results. It states that experimental results 'suggested the energy of radiation is less at short wavelengths than at long ones'. The passage actually describes the 'ultraviolet catastrophe' (line 30), where classical theory *over-predicted* the energy at short wavelengths, whereas experimental observations showed a *decline* in energy at shorter wavelengths after a peak (lines 20-29). The problem was classical theory's failure to account for this decline, not that energy is generally less at short wavelengths than long ones as a direct observation supporting the modification. Therefore, E is incorrect.</p>"
borodulya/lsat131.s4.passage-2-question-10.jy.mp4,131,4,1,Question 10 asks for a reason *cited in the passage* for *not* including statutory law training in law school curricula. It's crucial to distinguish between arguments that *could* be made and arguments that the passage *actually states*. We need to find explicit text supporting the chosen answer.,"<p>This option states that training would divert resources from more important activities like case analysis. While the passage mentions that for nationally oriented schools, statutory law training ""could seem to be an inappropriate investment of time and resources"" (lines 47-49), it does *not* explicitly state that these resources would be diverted from ""far more important development of the ability to analyze cases."" The passage doesn't make a comparative judgment of importance between these two activities in relation to resource allocation. Therefore, this reason is not fully cited in the passage.</p>",<p>This option suggests that statutory law training is not essentially different from core law school education. The passage does not make any claim about the overlap or redundancy of statutory law training with other core areas of legal education. This reason is not cited in the passage.</p>,"<p>This option claims that the goals of such training can be better achieved by other, more practice-oriented means. The passage discusses the skills acquired through statutory law training and their importance (lines 51-55), but it never suggests that these goals could be better achieved through alternative methods. This reason is not cited in the passage.</p>",<p>This option states that the training would be irrelevant for students not planning to specialize. The passage does not discuss student specialization or the relevance of statutory law training for different career paths. This reason is not cited in the passage.</p>,"<p>This option states that the lack of geographic uniformity makes expertise in one region's statutes nontransferable. This directly reflects the argument presented in lines 40-42: ""One possible argument against including training in statutory law as a standard part of law school curricula is that many statutes vary from region to region within a nation, so that the mastery of a set of statutes would usually not be generally applicable."" The phrase ""not be generally applicable"" is synonymous with ""nontransferable."" This is explicitly cited in the passage as a reason against including statutory law training.</p>"
borodulya/lsat147.s2.passage-2-question-10.jy.mp4,147,2,1,"<p>The question asks for the assertion that the passage <b>most strongly supports</b>. This is a Reading Comprehension-style inference question, meaning the supporting evidence can be found anywhere in the passage.</p>","<p>This option claims Gray's reputation rests primarily on the <b>range of styles and media</b> in which she worked. However, the passage explicitly states her early work was characterized by ""straight lines and simple forms"" (line 5). There is no indication of a 'range of styles' in the sense of diverse, contrasting styles. Furthermore, the passage doesn't provide enough information to assert what her reputation *primarily* rested on.</p>","<p>This option states Gray <b>personally constructed most</b> of the interior furnishings she designed. The passage does not provide information about the extent to which she personally constructed her pieces. She might have had a workshop with assistants or apprentices. Therefore, this statement is not strongly supported.</p>","<p>This option suggests that in Paris during Gray's time, <b>wood was generally considered an inappropriate medium for visual art</b>. The passage mentions that the Art Nouveau movement, which featured ""flowing, leafy lines,"" flourished in Paris (lines 13-15). It also mentions Gray's use of lacquer on wood (lines 18-20). However, it never states that wood was considered 'inappropriate' for visual art. We simply don't have enough information to support this claim.</p>","<p>This option claims <b>few of Gray's works in lacquer were intended for public viewing</b>, implying that most were for private viewing. The passage discusses her lacquer work in various contexts, including an apartment lobby (line 28), but it does not provide any information about the proportion of her lacquer works intended for public versus private viewing. We cannot infer this from the text.</p>","<p>This option states that <b>much of Gray's later work was functional as well as ornamental</b>. The passage provides strong support for this. It mentions her later work in designing furniture and entire interior environments (lines 34-39), using materials like tubular steel for furniture that ""meet their occupants' needs"" (lines 38-39), indicating functionality. Furthermore, her architectural and interior design work (lines 40-41) is described as integrating permanent structures and interior elements, including ""storage cabinets in the recesses of a staircase, desks that are also cabinets, and tables that are set on pivots to serve different functions in different contexts"" (lines 48-52). These examples clearly demonstrate both functionality and, by virtue of being designed elements within an environment, an ornamental or decorative quality. The passage even highlights a ""tension between aesthetic demands and structural requirements"" in her work (lines 20-22), which aligns with the idea of combining ornamental (aesthetic) and functional (structural/needs-based) aspects.</p>"
borodulya/lsat147.s2.passage-3-question-20.jy.mp4,147,2,2,"The author of the passage criticizes the standard 'resource-procurement model' for clearings during the Mesolithic period. The author points out two main deficiencies in the evidence supporting this model: the archaeological evidence for animal processing within clearings is generally lacking (lines 14-16), and the ethnographic evidence is ambiguous, cutting both ways (lines 20-25). The question asks what kind of evidence would make the author *more likely* to endorse the resource-procurement model. This means we are looking for evidence that would directly address one of the author's stated weaknesses or criticisms of the existing evidence for the model.","<p>This option states that artifactual evidence shows Mesolithic human populations processed animals for human consumption near or within clearings. This directly fills the gap the author explicitly identifies in lines 14-16, where it states: 'Furthermore, artifactual evidence that preparation of animals for human consumption took place within or near such clearings is generally lacking.' If this lacking evidence were to be found, it would strongly support the resource-procurement model by directly linking human economic activity (animal processing) to the clearings. Therefore, the author would be much more likely to endorse the model.</p>","<p>This option suggests more ethnographic evidence that recent premodern populations used clearings for resource procurement. The author already acknowledges that some ethnographic evidence *does* support the model (lines 20-22). However, the author immediately follows this by noting that 'other ethnographic evidence may suggest a different vision' (lines 23-25). Therefore, simply adding more of the same type of (conflicting) ethnographic evidence would not necessarily make the author *more likely* to endorse the model, as it doesn't resolve the existing ambiguity or counter-evidence. The author's main criticism of ethnographic evidence is its conflicting nature, not a complete absence of supportive examples.</p>","<p>This option proposes experimental evidence that clearings effectively attract grazing animals. While attracting animals might be a prerequisite for resource procurement based on hunting, the author does not question this specific mechanism. The core of the author's critique is about the *human activity* – whether humans *deliberately created* clearings for economic purposes and *processed animals* there. Evidence that clearings naturally attract animals does not prove human intent or activity related to resource procurement, which is what the model claims. The author is focused on direct evidence of human use, not the ecological effects of clearings.</p>","<p>This option presents paleoecological evidence that most clearings were the result of wildfires (natural events). This kind of evidence would actually *weaken* the resource-procurement model. The model posits that humans created clearings for economic purposes. If clearings were largely natural occurrences, it would undermine the premise that humans were actively creating them for resource procurement. The question asks for evidence that would make the author *more likely* to endorse the model, so this option is incorrect.</p>","<p>This option states there was a significant increase in the number of woodland clearings during the Mesolithic period. While an increase in clearings might suggest increased human activity, it does not specify *why* the clearings increased (e.g., human-made vs. natural causes like wildfires) or *how* humans utilized these clearings (e.g., for economic resource procurement or other social reasons). Without this crucial link to human economic activity, a simple increase in clearings does not directly support the resource-procurement model enough to sway the author.</p>"
borodulya/lsat131.s4.passage-3-question-20.jy.mp4,131,4,2,"Question 20 is an inference question, asking which statement the passage most strongly supports. This means the correct answer will be either explicitly stated or very strongly implied by the text.","Prior to suggesting the sculptural use of chrome-nickel steel to Noguchi, Fuller himself had made architectural designs that called for the use of this material. The passage mentions Fuller suggesting the material to Noguchi, but there is no information about Fuller's own prior use of chrome-nickel steel for architectural designs. Therefore, this statement is not supported.","Noguchi believed that the use of industrial metals to create sculptures would make the sculptures more commercially viable. The passage focuses on Noguchi's artistic and philosophical motivations for creating 'positive-light' sculptures and does not mention any commercial considerations. Therefore, this statement is not supported.","Noguchi's ""invisible"" sculpture appears to have no shape or dimensions of its own, but rather those of surrounding objects. The passage states that the distortion of familiar shapes in the surrounding environment could be seen, implying the viewer's awareness of the sculpture's presence and dimensional relationships was derived secondarily from these reflections. However, the option suggests the sculpture *takes on* the shape and dimension of surrounding objects (like a 'Transformer sculpture'), which is an overstatement and misinterpretation. The sculpture retains its own shape, but its perception is intertwined with reflections.","If a positive-light sculpture depicting a person in a realistic manner were coated with a metal subject to oxidization, it would eventually cease to be recognizable as a realistic likeness. Coating a sculpture with a metal and allowing it to oxidize would change its surface appearance, but it would still retain its original form and realistic likeness. This option makes an unsupported leap that the sculpture would become unrecognizable.","The perception of the shape and dimensions of a negative-light sculpture does not depend on its reflection of objects from the environment around it. The passage contrasts 'positive-light' sculptures, which appear invisible until they reflect surrounding objects (like water reflecting the sky), with 'negative-light' sculptures, which are described as traditional and solid. Therefore, unlike positive-light sculptures, the perception of a negative-light sculpture's shape and dimensions would be directly observed, not dependent on reflected images from the environment. This is a strong and logical inference supported by the distinction drawn in the passage."